representation,word,sentence_id,text,pos,period_label,start,end,year,year_int,usage_id,label,sense_labels,singleton_sense,cluster
classical,dumpa,91a035ba_75_80,Fyra släckningsflygplan och tre helikoptrar gav sig ut i gryningen för att dumpa vatten på elden som sprider sig i nationalparken .,VB,2022-2023,75,80,2022,2022,91a035ba_75_80|dumpa|2022,[7],"[""7""]",7.0,2
classical,dumpa,de8eb8a_43_49,"– Vi har tidigare varit med om att man har dumpat jaktrester , men då har det dumpats i en dikeskant eller vid en återvinningsstation .",VB,2022-2023,43,49,2023,2023,de8eb8a_43_49|dumpa|2023,[5],"[""5""]",5.0,2
classical,dumpa,c94b975_35_41,Efter skandalen med hundratals ton dumpat batteriavfall på en åker i Kumla kommun utreder nu även Örebro kommun om batteriavfall har dumpats .,VB,2018-2019,35,41,2019,2019,c94b975_35_41|dumpa|2019,[5],"[""5""]",5.0,0
classical,dumpa,f0515105_88_95,"Bakgrunden var de så kallade Träskmorden i Stockholms city där tre personer mördats och dumpats i Nybroviken , en händelse som för övrigt gav upphov till uttrycket ” ståplats i Nybroviken ” .",VB,2018-2019,88,95,2019,2019,f0515105_88_95|dumpa|2019,[5],"[""5""]",5.0,1
classical,dumpa,d69edf97_86_91,"Undersökningen visar även att endast 11 av 21 reguljära färjelinjer helt undviker att dumpa sitt toalettavfall i Östersjön , något som är helt lagligt .",VB,2014-2015,86,91,2015,2015,d69edf97_86_91|dumpa|2015,[5],"[""5""]",5.0,0
classical,dumpa,f0f63a_9_17,"Tunnorna dumpades i havet utanför Sundsvall på 60-talet av industerierna i Sundsvallsområdet , framför allt KemaNord , nuvarande Akzo Nobel .",VB,2006-2007,9,17,2006,2006,f0f63a_9_17|dumpa|2006,"[5, 7]","[""5"", ""7""]",,0
classical,dumpa,27278252_82_89,Ytterligare uppgifter från USA:s militär tyder på att de ryska stridsplanen också dumpade bränsle på den amerikanska drönaren och flög precis framför farkosten flera gånger .,VB,2022-2023,82,89,2023,2023,27278252_82_89|dumpa|2023,[7],"[""7""]",7.0,0
classical,dumpa,fc30764e_128_136,"Den australiske golfaren Robert Allenby drogades , misshandlades , rånades och fördes bort i bagageutrymmet på en bil innan han dumpades i en park en mil bort i centrala Honolulu , skriver AP och Reuters .",VB,2014-2015,128,136,2015,2015,fc30764e_128_136|dumpa|2015,[5],"[""5""]",5.0,1
classical,dumpa,28ab50b9_134_140,"Missade du de lokala nyheterna i Skåne i veckan så får du en ny chans här : Byggnads stämmer polskt bolag i Arbetsdomstolen , Danmark dumpar slam nära svenskt naturområde och därför är den inplastade gurkan ingen miljöbov .",VB,2022-2023,134,140,2022,2022,28ab50b9_134_140|dumpa|2022,[5],"[""5""]",5.0,1
classical,dumpa,516fb0f_34_41,"Fram tilll långt in på 1900-talet dumpade pappersbruken i Sverige avfall i havet och sjöar , till exempel trärester och felaktig pappersmassa .",VB,2014-2015,34,41,2014,2014,516fb0f_34_41|dumpa|2014,"[5, 7]","[""5"", ""7""]",,0
classical,dumpa,b0240b36_39_46,"– Vi har fått uppgifter på att det har dumpats något i dammen , säger Richard Glantz , som inte vill uppge vad det är för typ av föremål man söker efter .",VB,2018-2019,39,46,2018,2018,b0240b36_39_46|dumpa|2018,"[5, 7]","[""5"", ""7""]",,2
classical,dumpa,d67b774_101_109,"Mannen rövades bort i sin egen bil , förnedrades , misshandlades och press- ades på pengar innan han dumpades vid en bensinstataion i Malmö .",VB,2006-2007,101,109,2006,2006,d67b774_101_109|dumpa|2006,[5],"[""5""]",5.0,0
classical,dumpa,d6926732_127_132,I många år har frågan om övergödningen i Östersjön diskuterats och sedan den 1 april i år är det olagligt för småbåtsägare att dumpa sitt toalettavfall på svenskt territorium i Östersjön .,VB,2014-2015,127,132,2015,2015,d6926732_127_132|dumpa|2015,"[5, 7]","[""5"", ""7""]",,1
classical,dumpa,910a64b_51_58,Företaget hade hyrt in de två fartyg som i augusti dumpade mer än 500 ton oljerester och kaustiksoda i havet utanför staden Abidjan .,VB,2006-2007,51,58,2006,2006,910a64b_51_58|dumpa|2006,"[5, 7]","[""5"", ""7""]",,0
classical,dumpa,d625b0b_99_107,Vapnet användes vid ett postrån i Mockfjärd 1983 och och en av rånarna har senare berättat att det dumpades i en sjö i närheten .,VB,2006-2007,99,107,2006,2006,d625b0b_99_107|dumpa|2006,"[5, 7]","[""5"", ""7""]",,2
classical,dumpa,e0b449ac_45_50,"Stockholms stad ansökte då om dispens att få dumpa snön i strömmen men Naturvårdsverket så nej , kommunen hotade med att kalla in Länsstyrelsens krisberedskap , först då ändrade sig Naturvårdsverket .",VB,2010-2011,45,50,2010,2010,e0b449ac_45_50|dumpa|2010,"[5, 7]","[""5"", ""7""]",,1
classical,dumpa,28a1d06a_100_106,Inne i själva hamnen är det översta bottenskiktet så giftigt att massorna inte tillåts köras ut och dumpas i Östersjön .,VB,2018-2019,100,106,2018,2018,28a1d06a_100_106|dumpa|2018,"[5, 7]","[""5"", ""7""]",,0
classical,dumpa,15278429_222_228,Författaren Amanda Romare ska tillsammans med sin syster Adina Romare och manusförfattarna Moa Herngren och Tove Eriksen  som står bakom ” Bonusfamiljen och Vi i villa ” göra tv-serie av ” Halva Malmö består av killar som dumpat mig ” .,VB,2022-2023,222,228,2022,2022,15278429_222_228|dumpa|2022,[8],"[""8""]",8.0,1
classical,dumpa,e0b3f883_107_114,Vi har bevis på att det är han som dyker upp på McDonalds i Täby 30 minuter efter det att helikoptern hade dumpats .,VB,2010-2011,107,114,2010,2010,e0b3f883_107_114|dumpa|2010,[5],"[""5""]",5.0,2
classical,dumpa,a4eef998_15_22,"Änderna ligger dumpade några meter från stranden till en sjö och om man tar in dricksvatten från sjön finns det en smittorisk , säger Tony Johansson .",VB,2018-2019,15,22,2019,2019,a4eef998_15_22|dumpa|2019,[5],"[""5""]",5.0,2
classical,dumpa,15ce94_86_92,"En annan nyhet är att den nördiga skolflickan Filippa Bark , spelad av Sissela Benn , dumpas – trots succén .",VB,2006-2007,86,92,2007,2007,15ce94_86_92|dumpa|2007,[8],"[""8""]",8.0,0
classical,dumpa,f34f4102_74_80,"– I en av väskorna har bilnyckeln legat och sedan har man tagit bilen och dumpat väskorna i ett trapphus , säger Liv Fahlén , kommunikatör på polisen .",VB,2018-2019,74,80,2019,2019,f34f4102_74_80|dumpa|2019,[5],"[""5""]",5.0,2
classical,dumpa,912c594_27_32,"Metoden kallas ” pumpa och dumpa ” och går ut på att köpa aktier , manipulera upp kursen och sälja dem .",VB,2006-2007,27,32,2007,2007,912c594_27_32|dumpa|2007,[5],"[""5""]",5.0,2
classical,dumpa,9192cb5_50_57,Lokala myndigheter misstänker att mineralerna har dumpats i floden efter att man hittat höga nivåer av radio- aktivitet i närheten .,VB,2006-2007,50,57,2007,2007,9192cb5_50_57|dumpa|2007,"[5, 7]","[""5"", ""7""]",,2
classical,dumpa,d6942fb_121_129,"Det var enligt åklagaren efter ett bråk om pengar som mannen i september 2005 förde bort och mördade kvinnan , innan hon dumpades vid en skogsväg nordost om Uppsala .",VB,2006-2007,121,129,2006,2006,d6942fb_121_129|dumpa|2006,[5],"[""5""]",5.0,0
classical,dumpa,28a88c0d_135_142,"Inför bygget av den konstgjorda halvön Lynetteholm har delvis förorenade muddermassor grävts upp från havsbotten utanför Köpenhamn och dumpats på två ställen i Kögebukten , inte så långt från den svenska gränsen .",VB,2022-2023,135,142,2022,2022,28a88c0d_135_142|dumpa|2022,"[5, 7]","[""5"", ""7""]",,1
classical,dumpa,d66c3e5_75_80,Då planet var tungt lastat med bränsle för långtidsflygningen fick piloten dumpa bränsle över Östersjön för att nå lämplig vikt innan man kunde återvända till Arlanda .,VB,2006-2007,75,80,2006,2006,d66c3e5_75_80|dumpa|2006,"[5, 7]","[""5"", ""7""]",,0
classical,dumpa,272cd818_101_106,Myndigheterna i Colombia anklagar vänstergerillan Farc för att ha tvingat förare av 19 tankbilar att dumpa sin last med råolja i marken .,VB,2014-2015,101,106,2015,2015,272cd818_101_106|dumpa|2015,"[5, 7]","[""5"", ""7""]",,0
classical,dumpa,0d4614e_145_150,"Företaget Dala Berg AB i Falun har polisanmälts för miljöbrott , sedan länsstyrelsens miljöhandläggare avslöjat anställda med att elda gummi och dumpa miljögifter .",VB,2006-2007,145,150,2007,2007,0d4614e_145_150|dumpa|2007,[5],"[""5""]",5.0,0
classical,dumpa,8c8fecc4_99_104,"I går berättade Smålandsnytt att Polen , Tyskland och Ryssland röstade nej till ett förbud mot att dumpa avloppsvatten i Östersjön 2016 .",VB,2014-2015,99,104,2014,2014,8c8fecc4_99_104|dumpa|2014,[5],"[""5""]",5.0,0
classical,dumpa,f34e7254_163_169,"Allt fler kritiker anser nu att den statliga jobb- och utvecklingsgarantin ” Fas 3 ” riskerar att bli en arbetsmarknadspolitisk fälla , där den långtidsarbetslöse dumpas och stängs ute från utbildning och andra åtgärder .",VB,2010-2011,163,169,2011,2011,f34e7254_163_169|dumpa|2011,[5],"[""5""]",5.0,1
classical,dumpa,27284e82_102_108,Den svensktalande Ivanov passade på presskonferensen på att avvisa uppgifterna om att Ryssland ska ha dumpat kemiska vapen på Östersjöns botten och utlovade dessutom rysk hjälp om Sverige vill utöka sin vargstam .,VB,2010-2011,102,108,2011,2011,27284e82_102_108|dumpa|2011,"[5, 7]","[""5"", ""7""]",,1
classical,dumpa,c763a79_145_151,Flera hyresgäster som SVT Nyheter Södertälje har pratat med är uppgivna och berättar om sopor som ligger ute på gångvägar och om möbler som bara dumpas i området .,VB,2014-2015,145,151,2015,2015,c763a79_145_151|dumpa|2015,[5],"[""5""]",5.0,2
classical,dumpa,15b5d8ee_22_28,Någon eller några har dumpat minst nio stycken grishuvuden på en tomt på Ålidhem i Umeå som tidigare var avsedd för ett moskébygge .,VB,2014-2015,22,28,2015,2015,15b5d8ee_22_28|dumpa|2015,[5],"[""5""]",5.0,2
classical,dumpa,5960b6c6_58_64,"Risken , enligt Havs- och vattenmyndigheten , är att folk dumpar okokta kräftor i vattendrag , vilket gör att kräftpesten sprider sig till fler vatten .",VB,2018-2019,58,64,2019,2019,5960b6c6_58_64|dumpa|2019,"[5, 7]","[""5"", ""7""]",,0
classical,dumpa,c76ac4f_88_93,"– Det kommer bli dyrare än i dag för du måste ju ta pengarna någonstans ifrån om du ska dumpa priserna lokalt , då kommer resorna över kommungränsen bli mycket dyrare , säger Kristoffer Tamsons .",VB,2022-2023,88,93,2022,2022,c76ac4f_88_93|dumpa|2022,[10],"[""10""]",10.0,1
classical,dumpa,f349c49a_81_89,Mc-föraren körde in i terrängen längs några mindre skogsvägar och efter en stund dumpades mc:n och förare och passagerare sprang in i skogen .,VB,2010-2011,81,89,2011,2011,f349c49a_81_89|dumpa|2011,[5],"[""5""]",5.0,2
classical,dumpa,e28e99c4_51_57,"– Det är fantastiskt flora och fauna här , men det dumpas trädgårdsavfall och med det kan invasiva arter som parkslide spridas , och då är det kört för dalgången .",VB,2022-2023,51,57,2022,2022,e28e99c4_51_57|dumpa|2022,[5],"[""5""]",5.0,2
classical,dumpa,e2804637_24_29,"Göteborgs hamn får inte dumpa muddermassor till havs som innehåller högre halter av det miljöfarliga ämnet tributyltenn , det har Mark- och miljördomstolen slagit fast .",VB,2014-2015,24,29,2015,2015,e2804637_24_29|dumpa|2015,"[5, 7]","[""5"", ""7""]",,0
classical,dumpa,dc4540bc_134_140,En miljon människor världen över har skrivit under en protestlista från Greenpeace som kräver att den danska leksakstillverkaren Lego dumpar sitt samarbete med oljebolaget Shell .,VB,2014-2015,134,140,2014,2014,dc4540bc_134_140|dumpa|2014,[5],"[""5""]",5.0,0
classical,dumpa,93a4eb23_68_75,"Lagstiftningen bygger på att bilägare skrotar sina egna bilar , men dumpade bilvrak är ett problem som syns över hela landet .",VB,2018-2019,68,75,2018,2018,93a4eb23_68_75|dumpa|2018,[5],"[""5""]",5.0,0
classical,dumpa,f0a790_117_123,Tunnorna som hittats sydväst om Åstön är några av de över 20 000 tunnor med kvicksilver som man vet att industrierna dumpat i havet utanför Sundvall .,VB,2006-2007,117,123,2006,2006,f0a790_117_123|dumpa|2006,"[5, 7]","[""5"", ""7""]",,0
classical,dumpa,914f669_226_233,"Utredare säger också att mördaren – eller mördarna – tros ha god kunskap om rättstekniska undersökningar , med tanke på att alla fem mordoffren påträffats nakna , bortsett från eventuella smycken , och att två av dem dessutom dumpats i vatten , vilket gör det svårare att säkra DNA-spår .",VB,2006-2007,226,233,2006,2006,914f669_226_233|dumpa|2006,"[5, 7]","[""5"", ""7""]",,1
classical,dumpa,91aba274_47_55,"Nio sudaneser dog när sammanlagt 319 migranter dumpades av flyktingsmugglare i den stekheta öknen på väg från Sudan till Libyen , enligt Sudans försvarsmakt .",VB,2014-2015,47,55,2014,2014,91aba274_47_55|dumpa|2014,[5],"[""5""]",5.0,0
classical,dumpa,8f3d0d56_151_157,"Chefsåklagaren vid enheten för miljömål , Mats Palm , har inlett en förundersökning om miljöbrott efter Uppdrag gransknings avslöjande om att Ryssland dumpat radioaktivt avfall i Östersjön under 1990-talet .",VB,2010-2011,151,157,2010,2010,8f3d0d56_151_157|dumpa|2010,"[5, 7]","[""5"", ""7""]",,1
classical,dumpa,85224e3_64_69,Enligt polisen var planet fullastat och därför tvunget till att dumpa bränsle innan de går ner för landning på Arlanda igen .,VB,2022-2023,64,69,2023,2023,85224e3_64_69|dumpa|2023,[5],"[""5""]",5.0,0
classical,dumpa,6741cd4_102_109,Rånarna hotade honom med kniv och pistolliknande föremål att dessutom ta ut pengar innan de körde och dumpade honom på en åker i Västra Karaby .,VB,2022-2023,102,109,2023,2023,6741cd4_102_109|dumpa|2023,[5],"[""5""]",5.0,0
classical,dumpa,e0b06696_69_74,"Men eftersom det är dyrt att skrota en fritidsbåt , väljer många att dumpa dem i naturen , bränna upp eller sänka dem .",VB,2010-2011,69,74,2011,2011,e0b06696_69_74|dumpa|2011,[5],"[""5""]",5.0,2
classical,dumpa,91aa5c98_176_181,Inför Donald Trumps besked gick Paul Ryan på torsdagen ut och presenterade alternativa förslag om ” kirurgiska och specifika ” åtgärder mot Kina för att hindra landet från att dumpa priserna på stål och aluminium .,VB,2018-2019,176,181,2018,2018,91aa5c98_176_181|dumpa|2018,[10],"[""10""]",10.0,1
classical,dumpa,e0bd79b1_192_197,"Det är inte lätt för båtägare att tömma sina toaletter numera , antingen saknas det tömningsstationer eller så är de trasiga och sprutar ut skit – det är båtfolkets dom efter förbudet mot att dumpa toalettavfallet i sjön .",VB,2014-2015,192,197,2015,2015,e0bd79b1_192_197|dumpa|2015,"[5, 7]","[""5"", ""7""]",,1
classical,dumpa,327505f_62_68,Det är det kommunala värmeverket i Lidköping som i åratal har dumpat de giftigaste resterna från förbränningen av sopor på soptippen .,VB,2014-2015,62,68,2015,2015,327505f_62_68|dumpa|2015,[5],"[""5""]",5.0,2
classical,dumpa,917bbb2_157_165,"Estland kvarhåller Probo Koala i hamn och har inlett en brottsutredning , sedan det visat sig att giftprover från fartyget visat likheter med det avfall som dumpades i Elfenbenskusten .",VB,2006-2007,157,165,2006,2006,917bbb2_157_165|dumpa|2006,"[5, 7]","[""5"", ""7""]",,1
classical,dumpa,f05ce790_149_155,Birger sanerade kvicksilver på Stockviksfabriken med en sked och kan vittna om hur bristfälligt tunnorna med kvicksilver förseglades innan de skulle dumpas .,VB,2018-2019,149,155,2018,2018,f05ce790_149_155|dumpa|2018,[5],"[""5""]",5.0,0
classical,dumpa,0b57d41_116_124,I mitten av augusti följer flickan med mannen till hans lägenhet i Norrhult där hon miste livet genom strypning och dumpades sen i skogen norr om Växjö .,VB,2010-2011,116,124,2011,2011,0b57d41_116_124|dumpa|2011,[5],"[""5""]",5.0,2
classical,dumpa,d693b97d_111_117,Man valde att gå på åklagarens linje att han kunde ha dränkts i vatten från huset eller en brunn för att sedan dumpas i sjön .,VB,2018-2019,111,117,2018,2018,d693b97d_111_117|dumpa|2018,"[5, 7]","[""5"", ""7""]",,2
classical,dumpa,3083a9e_94_99,I Katrineholm har man för första gången sen 90-talet tvingats köra ut snön från innerstan och dumpa den på olika platser utanför city .,VB,2010-2011,94,99,2010,2010,3083a9e_94_99|dumpa|2010,[5],"[""5""]",5.0,0
classical,dumpa,32f06c53_71_77,"Man kan ändå tänka på att varje gång man gör ifrån sig i vattnet eller dumpar gödsel , bidrar det till ännu fler alger , säger Jan-Olov Persson .",VB,2018-2019,71,77,2018,2018,32f06c53_71_77|dumpa|2018,[5],"[""5""]",5.0,2
classical,dumpa,28aaea9d_60_66,Oftast börjar spridningen av invasiva växter genom att folk dumpar sitt trädgårdavfall i närheten av sin trädgård eller ute i naturen .,VB,2022-2023,60,66,2022,2022,28aaea9d_60_66|dumpa|2022,[5],"[""5""]",5.0,0
classical,dumpa,8f38b4d5_93_99,En firma i Falun anmäler det kommunala bolaget till Konkurrensverket då de anser att bolaget dumpar priserna på geotekniska undersökningar .,VB,2018-2019,93,99,2018,2018,8f38b4d5_93_99|dumpa|2018,[10],"[""10""]",10.0,0
classical,dumpa,32f9ef7c_104_111,"Flickan med modelldrömmar mötte mannen då han utgav sig för att vara fotograf , men han ströp henne och dumpade henne i skogen norr om Växjö .",VB,2010-2011,104,111,2011,2011,32f9ef7c_104_111|dumpa|2011,[5],"[""5""]",5.0,0
classical,dumpa,9a63ee8_11_18,Mannen som dumpade kroppen försvann i en vit bil innan polisen hann komma till platsen och är ännu inte spårad .,VB,2006-2007,11,18,2006,2006,9a63ee8_11_18|dumpa|2006,[5],"[""5""]",5.0,0
classical,dumpa,f053f712_78_85,Ingen kropp har dock påträffats och det är möjligt att endast moped och jacka dumpats vid platsen av den flyende .,VB,2014-2015,78,85,2014,2014,f053f712_78_85|dumpa|2014,[5],"[""5""]",5.0,2
classical,dumpa,1181ed92_87_93,"Det finns så många kontouppgifter på vift att priserna priserna på hackade lösenord nu dumpas på svarta marknaden , säger en säkerhetsexpert .",VB,2014-2015,87,93,2014,2014,1181ed92_87_93|dumpa|2014,[10],"[""10""]",10.0,0
classical,dumpa,f34b077e_53_59,"– Detta berodde med största sannolikhet på att någon dumpat en hink i älven med signalkräftor , och det slog sedan ut hela populationen av flodkräftan , säger Malin König , ansvarig för åtgärdsprogrammet för hotade arter på Länsstyrelsen Västerbotten .",VB,2018-2019,53,59,2019,2019,f34b077e_53_59|dumpa|2019,[5],"[""5""]",5.0,1
classical,dumpa,cdccc88_105_111,Snöhögen vid Råslätt i Jönköping är fortfarande imponerande hög trots värmen och trots att kommunen inte dumpat någon snö där sen i början på april .,VB,2010-2011,105,111,2010,2010,cdccc88_105_111|dumpa|2010,[5],"[""5""]",5.0,0
classical,dumpa,59658ffa_33_39,"Trots att FTI städar dagligen så dumpas det ändå så mycket avfall som lockar till sig djur , som till exempel fåglar – vilket fått markägaren att tröttna .",VB,2022-2023,33,39,2022,2022,59658ffa_33_39|dumpa|2022,[5],"[""5""]",5.0,2
classical,dumpa,e0bee01e_90_95,– Jag tror att i de flesta fallen rör det sig om oseriösa företag som inte vet var de ska dumpa sina saker .,VB,2014-2015,90,95,2015,2015,e0bee01e_90_95|dumpa|2015,[5],"[""5""]",5.0,2
classical,dumpa,f05cca_83_90,"Trots att man bara hittat 3.500 av de totalt cirka 23.000 gifttunnor som uppges ha dumpats av Kema Nord i slutet av 50-talet och början av 60-talet ingår det inte i uppdraget att försöka finna ytterligare tunnor , utan bara att undersöka miljöpåverkan .",VB,2006-2007,83,90,2007,2007,f05cca_83_90|dumpa|2007,[5],"[""5""]",5.0,1
classical,dumpa,91a2dcde_107_114,Enligt Tarhouni har en av soldaterna gripits och erkänt att hans underordnade utfört dådet och att kroppen dumpats utanför staden .,VB,2010-2011,107,114,2011,2011,91a2dcde_107_114|dumpa|2011,[5],"[""5""]",5.0,0
classical,dumpa,c949891_79_84,"– Det är fordonsägarens ansvar att ta hand om sin skrotbil , och ett brott att dumpa den på någon annans mark .",VB,2022-2023,79,84,2023,2023,c949891_79_84|dumpa|2023,[5],"[""5""]",5.0,2
classical,dumpa,0d2e622_46_52,Den man som anhölls igår misstänkt för att ha dumpat och satt eld på lösningsmedel nära en vattentäkt utanför Säter begärdes idag häktad för grovt miljöbrott .,VB,2006-2007,46,52,2007,2007,0d2e622_46_52|dumpa|2007,[5],"[""5""]",5.0,0
classical,dumpa,91aaa3c3_149_155,"Snarare tror han att det är en grupp och att den lockats in till stränderna av att människor , som lever på att sälja hajsightseeing till turister , dumpar kött i havet för att locka till sig djuren .",VB,2010-2011,149,155,2010,2010,91aaa3c3_149_155|dumpa|2010,[7],"[""7""]",7.0,1
classical,dumpa,e28d17af_43_50,"De senaste två dygnen har 105 flyktingbarn dumpats på olika platser i centrala Göteborg bland annat vid Järntorget , Centralstationen och Backaplan .",VB,2014-2015,43,50,2015,2015,e28d17af_43_50|dumpa|2015,[5],"[""5""]",5.0,0
classical,dumpa,28aa8c46_149_155,"Om du missade de lokala nyheterna i Skåne i veckan får du en ny chans här : Fler dog på covid-iva i Skåne där bara de sjukaste kom in , i Trelleborg dumpar någon skräpsläp och äppelodlarna i Kivik är oroliga för kostnadsökningar på grund av Ukrainakriget .",VB,2022-2023,149,155,2022,2022,28aa8c46_149_155|dumpa|2022,[5],"[""5""]",5.0,1
classical,dumpa,28a54eac_122_127,"Brottslingar kan ta betalt för avfall , sedan behandla det billigt och olagligt genom att bland annat gräva ner det eller dumpa det i terrängen .",VB,2022-2023,122,127,2022,2022,28a54eac_122_127|dumpa|2022,[5],"[""5""]",5.0,2
classical,dumpa,ae4e7245_76_83,"Spöfiskande fiskredskap , det vill säga fiskeredskap som tappats bort eller dumpats i vattnet och som under lång tid fortsätter att fånga fisk , sjöfåglar , sälar och andra djur är ett stort problem för havsmiljön , enligt länsstyrelsen i Norrbotten .",VB,2022-2023,76,83,2022,2022,ae4e7245_76_83|dumpa|2022,"[5, 7]","[""5"", ""7""]",,1
classical,dumpa,f050741_123_128,För att snabba upp arbetet med att tömma centrala Örnsköldsvik på snö har Örnsköldsviks kommun sökt och fått tillstånd att dumpa snö i havet .,VB,2022-2023,123,128,2023,2023,f050741_123_128|dumpa|2023,"[5, 7]","[""5"", ""7""]",,2
classical,dumpa,f057b49c_149_156,"Energiföretaget Fortum är ett av de utpekade bolagen , bakgrunden är att Fortum idag äger vattenkraftverk som ursprungligen ägdes av det företag som dumpade gifttunnorna .",VB,2018-2019,149,156,2018,2018,f057b49c_149_156|dumpa|2018,[5],"[""5""]",5.0,2
classical,dumpa,f7ea07b_110_115,"Både Gripen-tillverkaren Saab och amerikanska Boeing , som vill sälja sin F / A-18 Super Hornet , rapporteras dumpa sina priser för att få ordern .",VB,2010-2011,110,115,2010,2010,f7ea07b_110_115|dumpa|2010,[10],"[""10""]",10.0,0
classical,dumpa,27260bb7_154_160,"Åtgärderna följer på det att USA tidigare infört tullar på stål och aluminium , vilket innebär en risk för att produkter som inte längre kan säljas i USA dumpas på den europeiska marknaden .",VB,2018-2019,154,160,2018,2018,27260bb7_154_160|dumpa|2018,[2],"[""2""]",2.0,1
classical,dumpa,9a01e71b_7_14,"Alecta dumpade häromåret sitt innehav i svenska storbanker och köpte i stället på sig lite mer exotiska grejer , amerikanska nischbanker med techkrydda .",VB,2022-2023,7,14,2023,2023,9a01e71b_7_14|dumpa|2023,[5],"[""5""]",5.0,0
classical,dumpa,32fe1fcc_105_110,"Det är fortfarande förbjudet att dumpa avfall enligt Naturvårdsverket , som ger en sökande avslag på att dumpa avfall i Möbylånga .",VB,2010-2011,105,110,2010,2010,32fe1fcc_105_110|dumpa|2010,[5],"[""5""]",5.0,2
classical,dumpa,308a463a_102_108,Mot bakgrund av domen har miljö- och räddningstjänstnämnden i Eskilstuna beslutat att företagaren som dumpat avfallet ska göra provtagningar med hjälp av en oberoende part senast den 7 juni .,VB,2022-2023,102,108,2022,2022,308a463a_102_108|dumpa|2022,[5],"[""5""]",5.0,1
classical,dumpa,91ed8fa_119_126,Konflikten började i fjol när EU in- förde strafftullar på norsk lax sedan skotska konkurrenter hävat att norr- männen dumpade priserna .,VB,2006-2007,119,126,2007,2007,91ed8fa_119_126|dumpa|2007,"[2, 10]","[""2"", ""10""]",,0
classical,dumpa,593c450_27_33,"Många bryter mot lagen och dumpar sina husdjur när de tröttnat på dem , och i Västmanland har Länsstyrelsen rett ut vem som egentligen är ansvarig för herrelösa katter .",VB,2006-2007,27,33,2007,2007,593c450_27_33|dumpa|2007,[5],"[""5""]",5.0,0
classical,dumpa,a4e79813_56_63,Nya mätningar från Chalmers visar att den senapsgas som dumpats utanför västkusten efter andra världskriget har fått större spridning än väntat .,VB,2018-2019,56,63,2018,2018,a4e79813_56_63|dumpa|2018,[5],"[""5""]",5.0,0
classical,dumpa,7db8d87f_17_23,"Förutom att folk dumpar saker som soffor och tv-apparater vid sidan om behållarna , blir det även problem med saker som hamnar i .",VB,2018-2019,17,23,2018,2018,7db8d87f_17_23|dumpa|2018,[5],"[""5""]",5.0,2
classical,dumpa,e07f4b5_67_74,"En strandäng i reservatet har enligt kommunen förstörts då Bro Hof dumpade muddermassor över den känsliga floran med älgört , tuvtåtel och bladvass , vilket ej går att återställa .",VB,2006-2007,67,74,2007,2007,e07f4b5_67_74|dumpa|2007,[5],"[""5""]",5.0,0
classical,dumpa,9a309d7_154_162,De som nu säger att vi får ett direktiv som är meningslöst har aldrig funderat över att direktivet skulle kunna innebära att deras egna löner och villkor dumpades .,VB,2006-2007,154,162,2006,2006,9a309d7_154_162|dumpa|2006,[10],"[""10""]",10.0,1
classical,dumpa,f0202e_93_100,Länsstyrelsen i Västernorrland har beslutat om nya undersökningar av de tusentals tunnor som dumpats i havet utanför Åstön i Sundsvallsbukten .,VB,2006-2007,93,100,2007,2007,f0202e_93_100|dumpa|2007,"[5, 7]","[""5"", ""7""]",,0
classical,dumpa,9aee844_90_97,"Mannen styckade sedan kroppen och lät den ligga kvar i lägenheten till i tisdags , då han dumpade den i sjön Yngern i Nykvarn .",VB,2006-2007,90,97,2006,2006,9aee844_90_97|dumpa|2006,"[5, 7]","[""5"", ""7""]",,2
classical,dumpa,2755d2_129_135,"Det nederländska företaget Trafigura ska betala 1,38 miljarder kr i skadestånd till Elfenbenskusten efter att en tanker i somras dumpat giftigt avfall där .",VB,2006-2007,129,135,2007,2007,2755d2_129_135|dumpa|2007,"[5, 7]","[""5"", ""7""]",,0
classical,dumpa,b02bac53_139_146,Polisen bekräftar händelsen och att det nationella bombskydd skickades till platsen som kunde bekräfta att det var en skarp handgranat som dumpats i naturområdet .,VB,2018-2019,139,146,2019,2019,b02bac53_139_146|dumpa|2019,[5],"[""5""]",5.0,2
classical,dumpa,152d38f6_35_41,” Halva Malmö består av killar som dumpat mig ” – om att ständigt bli dumpad innan tredje dejten blev en smärre succé .,VB,2022-2023,35,41,2022,2022,152d38f6_35_41|dumpa|2022,[8],"[""8""]",8.0,0
classical,dumpa,91a0f2db_61_68,En teori som förts fram är exempelvis att djurkadaver kan ha dumpats i havet i samband med förra månadens högtid Eid el-Adha .,VB,2010-2011,61,68,2010,2010,91a0f2db_61_68|dumpa|2010,"[5, 7]","[""5"", ""7""]",,0
classical,dumpa,dc48607f_87_92,Ett särskilt orosmoment utgör den iranska råoljan som väntas komma ut på marknaden och dumpa priserna i och med att USA hävt sina sanktioner mot landet .,VB,2014-2015,87,92,2015,2015,dc48607f_87_92|dumpa|2015,[10],"[""10""]",10.0,0
classical,dumpa,91c686e_58_66,"Ryska myndigheter anser att de tyska kemiska vapnen , som dumpades av ryska fartyg efter Tysklands kapitulation , är en miljöfara .",VB,2006-2007,58,66,2006,2006,91c686e_58_66|dumpa|2006,[5],"[""5""]",5.0,0
classical,dumpa,d1958fe2_23_28,"Då det är olagligt att dumpa vad som kan vara farligt gods hur som helst har en del poliser varit inne på att det kan röra sig om ett miljöbrott , något som Thomas Hedmark på polisen i Köping avfärdar .",VB,2014-2015,23,28,2014,2014,d1958fe2_23_28|dumpa|2014,[5],"[""5""]",5.0,1
classical,dumpa,910aa9c_84_91,"Estland blev i dag det första landet att stoppa tankern Probo Koala , som i augusti dumpade giftigt avfall i Elfenbenskusten .",VB,2006-2007,84,91,2006,2006,910aa9c_84_91|dumpa|2006,"[5, 7]","[""5"", ""7""]",,0
classical,dumpa,e0b8de51_114_119,"Det var många innerstadsbor som kånkade stora kassar över Skeppsbron under söndagen , när det fanns möjlighet att dumpa saker på en pråm .",VB,2022-2023,114,119,2022,2022,e0b8de51_114_119|dumpa|2022,[5],"[""5""]",5.0,0
classical,dumpa,e28a2c3a_79_84,Göteborgs hamn och Sjöfartsverket får nej av Mark- och miljödomstolen till att dumpa hundratusentals kubikmeter giftiga lermassor utanför Vinga i Göteborgs skärgård .,VB,2022-2023,79,84,2022,2022,e28a2c3a_79_84|dumpa|2022,"[5, 7]","[""5"", ""7""]",,0
classical,dumpa,9a5b5de_113_121,Mannen misshandlades och transportera- des sedan runt i flera timmar i ba- gageutrymmet i sin egen bil innan han dumpades vid en bensinmack nära IKEA .,VB,2006-2007,113,121,2006,2006,9a5b5de_113_121|dumpa|2006,[5],"[""5""]",5.0,0
classical,dumpa,d6905be8_101_108,"Förundersökningen kring SVT:s Uppdrag Gransknings uppgifter om att rysk militär i början av 90-talet dumpade kemiska stridsmedel och radioaktivt avfall inom svensk ekonomisk zon i Östersjön , kommer att läggas ner , erfar Rapport .",VB,2010-2011,101,108,2010,2010,d6905be8_101_108|dumpa|2010,"[5, 7]","[""5"", ""7""]",,1
classical,dumpa,cdc4bd95_160_166,"Det är förpackningar av plast , metall , papper , glas och tidningar som ska slängas på en återvinningsstation , men trots det händer det titt som tätt att det dumpas hela bohag , berättar Magnus Sandström .",VB,2022-2023,160,166,2022,2022,cdc4bd95_160_166|dumpa|2022,[5],"[""5""]",5.0,1
classical,dumpa,93a6f5ec_94_102,"Den ene av dem , som kom först , möttes då av en pistol och en kniv , han hotades , bands och dumpades i fastighetens källare .",VB,2018-2019,94,102,2019,2019,93a6f5ec_94_102|dumpa|2019,[5],"[""5""]",5.0,2
classical,dumpa,91a7a1fc_15_20,"– Snälla sluta dumpa era fläckiga och trasiga kläder till oss , säger Jennifer Bampoe , ordförande för Clean Ocean Project i Ghana .",VB,2022-2023,15,20,2022,2022,91a7a1fc_15_20|dumpa|2022,[5],"[""5""]",5.0,0
classical,dumpa,9a0cda58_58_64,Det är det kommunala värmeverket i Lidköping som i åratal dumpat de giftigaste resterna från förbränningen av sopor på soptippen .,VB,2014-2015,58,64,2015,2015,9a0cda58_58_64|dumpa|2015,[5],"[""5""]",5.0,2
classical,dumpa,dc4b5c37_120_127,"I bland annat Marseille och centrala Paris hällde upprörda bönder ut stora mängder gödsel utanför myndighetsbyggnader , dumpade lass med potatis samt kastade äpplen på polisen .",VB,2014-2015,120,127,2014,2014,dc4b5c37_120_127|dumpa|2014,[5],"[""5""]",5.0,0
classical,dumpa,7dbb04a4_82_89,Tumlaren som hittades i Nissan i oktober har obducerats och misstanken om att den dumpats på den ovanliga fyndplatsen stärks .,VB,2018-2019,82,89,2018,2018,7dbb04a4_82_89|dumpa|2018,[5],"[""5""]",5.0,2
classical,dumpa,59a7e16_89_95,"Reinfeldt uppgav också att den nya ministern har byggt ett hus på Ekerö och då olovligen dumpat jordmassor utanför tomten , vilket lett till en extra avgift på 9 172 kronor .",VB,2006-2007,89,95,2007,2007,59a7e16_89_95|dumpa|2007,[5],"[""5""]",5.0,0
classical,dumpa,28af3170_36_41,Där hävdade han att planerna på att dumpa muddermassor i Kögebukten söder om Öresundsbron skulle strida mot internationella konventioner och att dumpningen riskerade att skada miljön .,VB,2022-2023,36,41,2022,2022,28af3170_36_41|dumpa|2022,"[5, 7]","[""5"", ""7""]",,0
classical,dumpa,a4e3b6a7_98_104,"Enligt polisen ska mannen , som är född 1966 , ha uppgett hur bilen kört iväg med honom och sedan dumpat honom en bit utanför stan .",VB,2022-2023,98,104,2023,2023,a4e3b6a7_98_104|dumpa|2023,[5],"[""5""]",5.0,0
classical,dumpa,e2874d50_68_74,"– Jag är till hundra procent säker på att det är samma personer som dumpat det avfall som vi hittade förra veckan , säger Jan Åke Claesson , sektionschef på tekniska förvaltningen i Borås .",VB,2010-2011,68,74,2011,2011,e2874d50_68_74|dumpa|2011,[5],"[""5""]",5.0,1
classical,dumpa,30839fd_18_23,"Hamnbolaget ville dumpa 20 000 kubikmeter snö i hamnbassängen , men både Fiskeriverket , länsstyrelsen i sörmland och kommunens egen miljöförvaltning var negativa .",VB,2010-2011,18,23,2011,2011,30839fd_18_23|dumpa|2011,"[5, 7]","[""5"", ""7""]",,0
classical,dumpa,32f1e79b_44_51,"– Jag älskar alliansen , men det var ni som dumpade oss , säger Anton Olsson , distriktsordförande i MUF Kronoberg .",VB,2022-2023,44,51,2022,2022,32f1e79b_44_51|dumpa|2022,[8],"[""8""]",8.0,0
classical,dumpa,d19db378_109_115,Jardeberg dömdes till livstids fängelse hösten 2000 efter att ha skjutit en person till döds i Filipstad och dumpat kroppen i ett gruvhål i Bergslagen .,VB,2010-2011,109,115,2011,2011,d19db378_109_115|dumpa|2011,[5],"[""5""]",5.0,2
classical,dumpa,8f39558f_174_181,Enligt Mikael Gardelin och Kustbevakningstationen i Slite är de utsläpp som sker idag oftast olyckor medan det för några decennier inte sällan var större fartyg som medvetet dumpade spillolja rakt ut i havet .,VB,2018-2019,174,181,2018,2018,8f39558f_174_181|dumpa|2018,"[5, 7]","[""5"", ""7""]",,1
classical,dumpa,9a771f9_125_131,Polisen har gripit en 23-årig man som misstänks för att först ha misshandlat en 26-årig man med batong i en bil och därefter dumpat honom i Sätra centrum i södra Stockholm .,VB,2006-2007,125,131,2007,2007,9a771f9_125_131|dumpa|2007,[5],"[""5""]",5.0,2
classical,dumpa,852b762_96_104,"En kombination som gick i uppfyllelse till Socialdemokraternas stora förtret när de efter valet dumpades av parhästen Miljöpartiet , som trots brakförlust lyckades hålla sig kvar vid makten i den nya grönblåa konstellationen .",VB,2018-2019,96,104,2018,2018,852b762_96_104|dumpa|2018,[8],"[""8""]",8.0,1
classical,dumpa,28addb41_35_40,"– När Danmark beslutar sig för att dumpa förorenat slam precis utanför ett Natura 2000-område , då tycker jag att det är rimligt att den svenska ministern säger stopp och belägg , säger Niels Paarup Petersen .",VB,2022-2023,35,40,2022,2022,28addb41_35_40|dumpa|2022,[5],"[""5""]",5.0,1
classical,dumpa,8f397b0e_83_89,Företaget anklagades bland annat för ha kört med överlastade fordon och för att ha dumpat matavfall till förbränning istället för att skicka det till återvinning .,VB,2014-2015,83,89,2014,2014,8f397b0e_83_89|dumpa|2014,[5],"[""5""]",5.0,2
classical,dumpa,91ab9691_99_105,"Trots förbudet uppskattar en kommunalarbetare , som vill vara anonym , att ungefär 2 000 ton sopor dumpas där varje dag .",VB,2018-2019,99,105,2019,2019,91ab9691_99_105|dumpa|2019,[5],"[""5""]",5.0,0
classical,dumpa,28a9e894_32_37,"Just nu har man startat med att dumpa en och en halv miljon kubikmeter förorenat bottenslam i Köge bukt , säger Michael Palmgren om byggstarten och fortsätter .",VB,2022-2023,32,37,2022,2022,28a9e894_32_37|dumpa|2022,[5],"[""5""]",5.0,2
classical,dumpa,d69dfc8b_132_137,"På sina resor tar Jimmie Åkesson tag i det missnöje som finns inom delar av LO-kollektivet med arbetskraftsinvandringen , som anses dumpa löner och konkurrera ut dem som bor här och de som är födda i Sverige .",VB,2014-2015,132,137,2014,2014,d69dfc8b_132_137|dumpa|2014,[10],"[""10""]",10.0,1
classical,dumpa,e287bb95_72_77,"Skyddsjakt på räv pågår till den 15 mars , men det är inte tillåtet att dumpa djurkadaver på detta vis .",VB,2018-2019,72,77,2018,2018,e287bb95_72_77|dumpa|2018,[5],"[""5""]",5.0,2
classical,dumpa,e0bb0039_117_124,Redan i fjol informerade dykaren Fredrik Johansson Stockholms stad och Stockholms hamnar om att tonvis med batterier dumpats i Riddarfjärden .,VB,2018-2019,117,124,2019,2019,e0bb0039_117_124|dumpa|2019,[5],"[""5""]",5.0,0
classical,dumpa,f05f1984_48_55,Det efter ett tips om att Olles kropp skulle ha dumpats i Segersjön efter det att han spårlöst försvunnit i september 1983 .,VB,2010-2011,48,55,2011,2011,f05f1984_48_55|dumpa|2011,"[5, 7]","[""5"", ""7""]",,2
classical,dumpa,272a5b0b_88_96,Exempelvis mördades en av Valles företrädare för några år sedan och hans avhuggna huvud dumpades på polisstationens trappa i augusti 2009 .,VB,2010-2011,88,96,2011,2011,272a5b0b_88_96|dumpa|2011,[5],"[""5""]",5.0,0
classical,dumpa,0d0c31b_43_50,"Polisen misstänker nu att den eller de som dumpade och tände på tolv oljefat med lösningsmedel i en grusgrop i Solvarbo , utanför Säter i slutet av april , gjorde samma sak för två år sen .",VB,2006-2007,43,50,2007,2007,0d0c31b_43_50|dumpa|2007,"[5, 7]","[""5"", ""7""]",,1
classical,dumpa,8f3f4b3d_92_98,Anmälan handlar om regeringens agerande när man fick kännedom om att rysk militär skulle ha dumpat kemiska stridsmedel och radioaktivt avfall i havet utanför Gotland i början på 90-talet .,VB,2010-2011,92,98,2010,2010,8f3f4b3d_92_98|dumpa|2010,"[5, 7]","[""5"", ""7""]",,1
classical,dumpa,d6985897_157_164,"Mamma Lillan , 24-årig förstagångsföderska av arten Hoffmans tvåtåiga sengångare , blev stressad och irriterad av att ha småttingarna klängande i pälsen och dumpade dem helt sonika på golvet .",VB,2014-2015,157,164,2015,2015,d6985897_157_164|dumpa|2015,"[5, 7]","[""5"", ""7""]",,1
classical,dumpa,272e6734_99_104,"Enligt USA ska det ryska stridsflyget ha manövrerat för att avsiktligen skada drönaren , genom att dumpa bränsle över den och flyga in i dess propeller .",VB,2022-2023,99,104,2023,2023,272e6734_99_104|dumpa|2023,[7],"[""7""]",7.0,0
classical,dumpa,d8811bdd_108_115,Det var efter tips från en före detta anställda som man i februari hittade ett 70-tal gifttunnor med cyanid dumpade i en mosse vid Multofabriken i Skönna .,VB,2014-2015,108,115,2014,2014,d8811bdd_108_115|dumpa|2014,[5],"[""5""]",5.0,2
classical,dumpa,828edee_63_69,Det är vanligt på vårkanten att sly och buskar från trädgårdar dumpas i närheten av hemmet istället för att köras till återvinningen .,VB,2010-2011,63,69,2011,2011,828edee_63_69|dumpa|2011,[5],"[""5""]",5.0,2
classical,dumpa,a4ebcfe6_111_117,Han är nu orolig för vad som kommer att hända med fisken i bäcken och riktar kritik mot exploatören för att ha dumpat jordmassorna .,VB,2014-2015,111,117,2015,2015,a4ebcfe6_111_117|dumpa|2015,[5],"[""5""]",5.0,2
classical,dumpa,f05eb29b_97_104,Vid en presskonferens i Sundsvall presenterade Moderaterna rapporter om de kvicksilvertunnor som dumpats utanför Sundsvall och om förorenade områden i Bottenhavet .,VB,2018-2019,97,104,2019,2019,f05eb29b_97_104|dumpa|2019,[5],"[""5""]",5.0,0
classical,dumpa,e0b7f309_13_20,"– Frågan har dumpats på ungdomarna , nu har de tryckt ut mig på gatan , säger Kristina Mattsson till TT .",VB,2018-2019,13,20,2019,2019,e0b7f309_13_20|dumpa|2019,[5],"[""5""]",5.0,2
classical,dumpa,8f3322cf_104_110,Två anställda vid ett grönsaksföretag på ön har erkänt att de på uppdrag av sin chef under drygt ett år dumpat stora mängder giftigt avfall i ett grustag på norra Gotland .,VB,2010-2011,104,110,2011,2011,8f3322cf_104_110|dumpa|2011,[5],"[""5""]",5.0,1
classical,dumpa,793f2314_3_9,"Vi dumpar in pucken och får inte ned den i hörnet , då förlorar det mycket av sin kraft , säger Färjestads kapten Linus Johansson till C More .",VB,2018-2019,3,9,2019,2019,793f2314_3_9|dumpa|2019,[13],"[""13""]",13.0,0
classical,dumpa,9a24be9_62_68,Den 31-årige man som erkänt att han styckmördat sin sambo och dumpat kvinnans kroppsdelar i sjön Yngern utanför Södertälje häktades i dag .,VB,2006-2007,62,68,2006,2006,9a24be9_62_68|dumpa|2006,"[5, 7]","[""5"", ""7""]",,0
classical,dumpa,51633008_95_101,"– Det är bra att personalen hör av sig , men förskräckligt om det är narkotika – att någon har dumpat påsen på en sådan plats .",VB,2018-2019,95,101,2019,2019,51633008_95_101|dumpa|2019,[5],"[""5""]",5.0,2
classical,dumpa,596dd322_63_70,Den före detta agenten Donald Forsberg menar att Sovjetunionen dumpade radioaktivt avfall och överblivna kemiska stridsmedel i Östersjön mellan åren 1989 och 1992 .,VB,2010-2011,63,70,2010,2010,596dd322_63_70|dumpa|2010,"[5, 7]","[""5"", ""7""]",,0
classical,dumpa,2722f3d3_103_109,Och avfallshantering är ett kontroversiellt ämne i en region där italienska industrier under årtionden dumpat sitt avfall mot en billig ersättning till maffiaorganisationen camorran .,VB,2014-2015,103,109,2015,2015,2722f3d3_103_109|dumpa|2015,[5],"[""5""]",5.0,0
classical,dumpa,8f396d26_110_116,Bildt förnekar att han själv i något sammanhang skulle ha stött på uppgifterna om att Sovjetunionen skulle ha dumpat farligt materiel i den svenska ekonomiska zonen i Östersjön .,VB,2010-2011,110,116,2010,2010,8f396d26_110_116|dumpa|2010,"[5, 7]","[""5"", ""7""]",,1
classical,dumpa,da35851_73_81,"Han tänker närmast på de cirka 30.000 gifttunnor som på 50- och 60-talet dumpades i Östersjön , strax utanför Sundsvalls skärgård .",VB,2010-2011,73,81,2010,2010,da35851_73_81|dumpa|2010,"[5, 7]","[""5"", ""7""]",,0
classical,exportera,8f7249_37_47,Upproret går ut på att producenterna exporterar sina grisar till Tyskland i stället för att leverera dem till svenska slakterier eftersom de betalar sämst i hela EU .,VB,2006-2007,37,47,2006,2006,8f7249_37_47|exportera|2006,[1],"[""1""]",1.0,2
classical,exportera,594cb46_85_95,"Framförallt är det till de nordiska länderna och Tyskland , som företag i Örebro län exporterar varor .",VB,2006-2007,85,95,2007,2007,594cb46_85_95|exportera|2007,[1],"[""1""]",1.0,2
classical,exportera,d66f765_63_72,"- Vi har svårare att sälja levande djur och vi har svårare att exportera kött till vissa länder , säger Ingrid Petersson , statssekreterare på Jordbruksdepartementet , till Rapport .",VB,2006-2007,63,72,2006,2006,d66f765_63_72|exportera|2006,[1],"[""1""]",1.0,2
classical,exportera,15bb2eee_83_92,Enligt en analys tjänar jihadisterna stora pengar på moms men har fått svårare att exportera olja .,VB,2014-2015,83,92,2015,2015,15bb2eee_83_92|exportera|2015,[1],"[""1""]",1.0,2
classical,exportera,f05db5_11_22,"Förra året exporterade Hägglunds för drygt 1,2 miljarder kronor , varav 671 miljoner räknas som krigsmateriel för strid .",VB,2006-2007,11,22,2007,2007,f05db5_11_22|exportera|2007,[1],"[""1""]",1.0,0
classical,exportera,275692_56_67,"Två av företagen , Scanfood Sales och Tönsberg Brygge , exporterade i decem- ber lax till Sverige som har sålts i Strömstad och Årjäng .",VB,2006-2007,56,67,2006,2006,275692_56_67|exportera|2006,[1],"[""1""]",1.0,2
classical,exportera,d6961329_17_26,Förbudet mot att exportera lyxvaror till Nordkorea gäller sedan 2006 och är en del av FN:s sanktioner mot landets utveckling av kärnvapen .,VB,2014-2015,17,26,2014,2014,d6961329_17_26|exportera|2014,[1],"[""1""]",1.0,0
classical,exportera,91ac3206_66_75,När det stod klart att varken Ryssland eller Ukraina kommer kunna exportera spannmål som de brukar sa han att Indien skulle kliva in och lindra bortfallet som orsakats av Rysslands invasion i Ukraina .,VB,2022-2023,66,75,2022,2022,91ac3206_66_75|exportera|2022,[1],"[""1""]",1.0,1
classical,exportera,d8839d59_54_63,"– De är ett varumärke i koncernen och nu förväntas de exportera till ett land som invaderat ett annat land i Europa , säger Camilla Palm ( M ) .",VB,2022-2023,54,63,2023,2023,d8839d59_54_63|exportera|2023,[1],"[""1""]",1.0,2
classical,exportera,d69129ff_132_141,Peter Wigert pekar på att nya kablar från Danmark till Nederländerna och från Norge till Storbritannien har gett ökat kapacitet att exportera el från Norden söderut .,VB,2022-2023,132,141,2022,2022,d69129ff_132_141|exportera|2022,[1],"[""1""]",1.0,1
classical,exportera,e2597f_32_42,"Till och med november har Norge exporterat 29 584 ton lax till Sverige , vilket är den största volymen hittills .",VB,2006-2007,32,42,2007,2007,e2597f_32_42|exportera|2007,[1],"[""1""]",1.0,0
classical,exportera,910b0e8_48_57,"75 gamla kolonier , bl.a. i Afrika , har kunnat exportera varor till EU utan att betala tullar .",VB,2006-2007,48,57,2007,2007,910b0e8_48_57|exportera|2007,[1],"[""1""]",1.0,0
classical,exportera,9a0b1604_80_90,Nu oroar sig många inför vintern – och ställer sig frågande till varför Sverige exporterar så mycket el till omvärlden .,VB,2022-2023,80,90,2022,2022,9a0b1604_80_90|exportera|2022,[1],"[""1""]",1.0,2
classical,exportera,9a05b2aa_112_121,Just nu pågår en utredning kring hur lagen ska skärpas för att det ska bli svårare för svensk vapenindustri att exportera till dessa länder .,VB,2014-2015,112,121,2015,2015,9a05b2aa_112_121|exportera|2015,[1],"[""1""]",1.0,2
classical,exportera,e0bd64cf_26_35,För att få handla med och exportera krigsmateriel krävs tillstånd från Inspektionen för strategiska produkter ( ISP ) .,VB,2014-2015,26,35,2015,2015,e0bd64cf_26_35|exportera|2015,[1],"[""1""]",1.0,2
classical,exportera,1528d517_10_20,Nu har vi exporterat den tolkningen tillbaka till USA med hjälp av ett amerikanskt team .,VB,2014-2015,10,20,2015,2015,1528d517_10_20|exportera|2015,[3],"[""3""]",3.0,2
classical,exportera,f03fda_11_22,"Förra året exporterade Sverige för 103 , miljarder kronor , vilket är en ökning med 20 procent .",VB,2006-2007,11,22,2007,2007,f03fda_11_22|exportera|2007,[1],"[""1""]",1.0,0
classical,exportera,91c283b_14_25,Om köttet har exporterats till Sverige kommer Livsmedelsverket att försöka spåra till vilka butiker köttet har gått .,VB,2006-2007,14,25,2006,2006,91c283b_14_25|exportera|2006,[1],"[""1""]",1.0,2
classical,exportera,e095361_114_124,"När det gäller förlossningar som går fel har Södersjukhuset hittat en framgångsrik metod , så pass bra att den nu exporteras till Sveriges övriga landsting .",VB,2006-2007,114,124,2007,2007,e095361_114_124|exportera|2007,[3],"[""3""]",3.0,2
classical,exportera,e2892a98_124_135,"Nu står det klart att Volvo Cars väljer hemmahamnen även för exporten till Finland , Ryssland och Kina , bilar som tidigare exporterats via Wallhamn på Tjörn .",VB,2014-2015,124,135,2015,2015,e2892a98_124_135|exportera|2015,[1],"[""1""]",1.0,2
classical,exportera,e28325c6_18_27,"– Vi hoppas kunna exportera vårt kunnade till hela världen , säger vd Magnus Kårestedt .",VB,2022-2023,18,27,2022,2022,e28325c6_18_27|exportera|2022,[3],"[""3""]",3.0,0
classical,exportera,91ef208_12_24,"Trots detta exporterades vaccinet tio år senare till Nya Zeeland , där ytter- ligare en miljon barn vaccinerades .",VB,2006-2007,12,24,2006,2006,91ef208_12_24|exportera|2006,[1],"[""1""]",1.0,2
classical,exportera,28a8e0e7_28_40,"Men enligt branschstatistik exporterades i fjol cirka 1,6 miljoner liter Absolut Vodka , tillverkad i skånska Åhus och Nöbbelöv , till Ryssland .",VB,2014-2015,28,40,2014,2014,28a8e0e7_28_40|exportera|2014,[1],"[""1""]",1.0,0
classical,exportera,dc4f8fcd_116_125,Han hänvisar till en omröstning i februari i år där en majoritet i försvarsutskottet röstade för att Norge inte ska exportera vapen till länder där regeringen är ansvariga för allvarliga brott mot mänskliga rättigheter .,VB,2014-2015,116,125,2014,2014,dc4f8fcd_116_125|exportera|2014,[1],"[""1""]",1.0,1
classical,exportera,91ac76df_150_159,"– Eftersom efterfrågan i Europa stiger – alltså efterfrågan från demokratiska länder – kan det bli ett mindre tryck på den svenska vapenindustrin att exportera någon annanstans , till mindre demokratiska länder i konflikt med en granne .",VB,2022-2023,150,159,2022,2022,91ac76df_150_159|exportera|2022,[1],"[""1""]",1.0,1
classical,exportera,d62e58c_63_73,Peter Eriksson ( mp ) anser att det är förkastligt att Sverige exporterar till Thailand när stora länder som USA vägrar att göra det .,VB,2006-2007,63,73,2007,2007,d62e58c_63_73|exportera|2007,[1],"[""1""]",1.0,2
classical,exportera,d69f8070_35_45,"Sverige har visserligen sedan dess exporterat vapen till krigförande länder , men då har det handlat om leveranser i enlighet med tidigare kontrakt .",VB,2022-2023,35,45,2022,2022,d69f8070_35_45|exportera|2022,[1],"[""1""]",1.0,2
classical,exportera,d698c739_39_48,Hon vill att regeringen lovar att inte exportera vapen till Turkiet och att mer pengar skjuts till för att motverka hedersförtryck .,VB,2022-2023,39,48,2022,2022,d698c739_39_48|exportera|2022,[1],"[""1""]",1.0,2
classical,exportera,9a07b25c_69_79,"Sverige är en av värdens största vapenexportörer per person , och vi exporterar till stenhårda diktaturer .",VB,2014-2015,69,79,2014,2014,9a07b25c_69_79|exportera|2014,[1],"[""1""]",1.0,2
classical,exportera,d658c62_85_95,"- Det blir lite märkligt när Storbritannien haft 182.000 fall av galna ko-sjukan och exporterar fritt inom EU , säger Lars Höök vid LRF till SVT:s Rapport .",VB,2006-2007,85,95,2006,2006,d658c62_85_95|exportera|2006,[1],"[""1""]",1.0,0
classical,exportera,ae46fea6_151_160,"– Genom att sätta ett svenskt jämviktspris utifrån förväntad inhemsk efterfrågan och produktion med utgångspunkt från dagens fyra elprisområden kan vi exportera överskottsproduktion till ett exportpris som Nordpool sätter , säger Mikael Larsson och fortsätter :",VB,2022-2023,151,160,2022,2022,ae46fea6_151_160|exportera|2022,[1],"[""1""]",1.0,1
classical,exportera,91a98afb_78_87,"Den första februari i år , gjordes en begäran om ett förhandsbesked om att få exportera vapen till Ukraina .",VB,2022-2023,78,87,2022,2022,91a98afb_78_87|exportera|2022,[1],"[""1""]",1.0,2
classical,exportera,277278_9_19,Ryssland exporterar i dag vapen till 72 länder ; 70 procent går till Kina och Indien .,VB,2006-2007,9,19,2006,2006,277278_9_19|exportera|2006,[1],"[""1""]",1.0,0
classical,exportera,d6ada46_148_157,Kristianstadsbladet rapporterade i dag att Kronfågel hade planer på att värmebehandla delar av ett stort parti salmonellasmittad kyckling och sedan exportera kycklingarna till konsumenter utomlands .,VB,2006-2007,148,157,2007,2007,d6ada46_148_157|exportera|2007,[1],"[""1""]",1.0,1
classical,exportera,272a7685_68_77,"– Försvinner 4-5 miljoner fat olja om dagen för att Ryssland slutar exportera kan det få konsekvenser på råvarumarknaden och göra att energipriset stiger mer än det gjort hittills , säger Torbjörn Becker .",VB,2022-2023,68,77,2022,2022,272a7685_68_77|exportera|2022,[1],"[""1""]",1.0,1
classical,exportera,15261bd8_17_26,"Och även för att exportera svenska framgångar som det svenska utställningsavtalet , och för att få fler länder att följa det på Europanivå .",VB,2014-2015,17,26,2014,2014,15261bd8_17_26|exportera|2014,[1],"[""1""]",1.0,2
classical,exportera,27275193_55_65,Kina använder sina utsläpp som en konkurrensfördel och exporterar billiga varor som tillverkas med klimatvidriga energikällor .,VB,2022-2023,55,65,2023,2023,27275193_55_65|exportera|2023,[1],"[""1""]",1.0,2
classical,exportera,0b57a19d_29_39,Under fem år ska 50 visenter exporteras från Eriksberg i Karlshamn till Moskva i Ryssland .,VB,2014-2015,29,39,2015,2015,0b57a19d_29_39|exportera|2015,[1],"[""1""]",1.0,0
classical,exportera,8f36bb1_228_238,"Inom EU förbereds också ett beslut om ett flertal åtgärder för att stärka ålbeståndet , till exempel skall ålyngel som fortfarande kommer i överskott till vissa flodmynningar i Sydeuropa användas för utsättning istället för att exporteras ut ur Europa eller ätas upp .",VB,2006-2007,228,238,2007,2007,8f36bb1_228_238|exportera|2007,[1],"[""1""]",1.0,1
classical,exportera,d69145ef_88_98,"Jag skulle önska att vi gjorde något liknande i Sverige så att fler laddbara bilar inte exporteras , säger Mattias Bergman .",VB,2022-2023,88,98,2022,2022,d69145ef_88_98|exportera|2022,[1],"[""1""]",1.0,2
classical,exportera,91aca81c_110_119,Vid ett tänkbart scenario där Ryssland stänger av Östersjön skulle Finland få stora problem att importera och exportera nödvändigheter .,VB,2022-2023,110,119,2022,2022,91aca81c_110_119|exportera|2022,[1],"[""1""]",1.0,2
classical,exportera,f34071fa_56_65,"Lönsamheten finns , annars skulle det inte löna sig att exportera tusentals ton med lingon och blåbär till Polen , Estland och andra länder för att sedan säljas vidare .",VB,2014-2015,56,65,2014,2014,f34071fa_56_65|exportera|2014,[1],"[""1""]",1.0,2
classical,exportera,27ea1e_75_85,Japanska medier rapporterar att Yamaha misstänks för att utan tillstånd ha exporterat helikoptrar som kan använ- das i militärt syfte till Kina .,VB,2006-2007,75,85,2006,2006,27ea1e_75_85|exportera|2006,[1],"[""1""]",1.0,2
classical,exportera,d64a153_28_38,"En stor del av produktionen exporteras till Kina , där en stor del används för framställning av batterier .",VB,2006-2007,28,38,2007,2007,d64a153_28_38|exportera|2007,[1],"[""1""]",1.0,2
classical,exportera,28afd080_38_48,– Om smittan upptäckts i ett land som exporterar mycket griskött finns risk att man får avliva många grisar .,VB,2014-2015,38,48,2014,2014,28afd080_38_48|exportera|2014,[1],"[""1""]",1.0,2
classical,exportera,272756c9_68_77,"– Efter invasionen har Kina köpt i princip allt som Ryssland kunnat exportera genom pipelines eller som kan skeppas från hamnarna i östra Ryssland , säger Lauri Myllyvirta , senior analytiker vid Centre for Research on Energy and Clean Air ( CREA ) .",VB,2022-2023,68,77,2023,2023,272756c9_68_77|exportera|2023,[1],"[""1""]",1.0,1
classical,exportera,91a406fb_15_24,"Spanien slutar exportera kravall- och polisutrustning till Venezuela med anledning av oroligheterna i landet , uppger Spaniens utrikesminister José Manuel García-Margallo .",VB,2014-2015,15,24,2014,2014,91a406fb_15_24|exportera|2014,[1],"[""1""]",1.0,2
classical,exportera,272ea759_9_19,"Ryssland exporterar nu närmare två miljoner fat olja dagligen till Kina , men det kompenserar bara delvis för bortfallet från exporten till EU .",VB,2022-2023,9,19,2023,2023,272ea759_9_19|exportera|2023,[1],"[""1""]",1.0,2
classical,exportera,59a7d67_82_92,Nya produkter ska utvecklas och testas inom svenska försvaret för att sedan kunna exporteras på den öppna marknaden .,VB,2006-2007,82,92,2007,2007,59a7d67_82_92|exportera|2007,[1],"[""1""]",1.0,2
classical,exportera,91aab5b5_28_37,"Avtalet gör det möjligt att exportera 22 miljoner ton spannmål från Ukraina som under flera månader varit fast i hamnarna längs Svarta havskusten på grund av Rysslands anfallskrig , skriver TT .",VB,2022-2023,28,37,2022,2022,91aab5b5_28_37|exportera|2022,[1],"[""1""]",1.0,2
classical,exportera,9a0d4b01_136_146,"I ett inlägg som delats av över 200 personer och gillats av knappt 1 000 skriver personen att Sverige ” sponsrar extremism , rasism och exporterar hat ” .",VB,2022-2023,136,146,2023,2023,9a0d4b01_136_146|exportera|2023,[3],"[""3""]",3.0,0
classical,exportera,f0c009_103_113,Krigsmaterieltillverkaren BAE systems Hägglunds i Örnsköldsvik är det företag efter SAAB-koncernen som exporterar mest krigsmateriel i hela Sverige .,VB,2006-2007,103,113,2007,2007,f0c009_103_113|exportera|2007,[1],"[""1""]",1.0,2
classical,exportera,2ac17cd_31_40,"Om Ryssland inte ens skulle få exportera olja längre , skulle förstås oljepriset skulle stiga ännu mer än det redan har gjort , likaså bensinpriset .",VB,2022-2023,31,40,2022,2022,2ac17cd_31_40|exportera|2022,[1],"[""1""]",1.0,2
classical,exportera,d69b45cb_8_19,"Sverige exporterade 2014 varor till Saudiarabien till ett värde av 11,2 miljarder kronor , enligt Statistiska centralbyrån .",VB,2014-2015,8,19,2015,2015,d69b45cb_8_19|exportera|2015,[1],"[""1""]",1.0,0
classical,exportera,28adab43_41_50,"– Faller det här projektet väl ut kan vi exportera våra idéer till kommunen som har tillsyn på andra anläggningar , säger Sofie Nydemark .",VB,2014-2015,41,50,2014,2014,28adab43_41_50|exportera|2014,[3],"[""3""]",3.0,2
classical,exportera,91aeb583_157_167,"Containerdepån , som ägdes av det holländsk-bangladeshiska företaget BM Container Depot , innehöll kläder till ett värde av flera miljoner dollar som skulle exporteras till västerländska återförsäljare .",VB,2022-2023,157,167,2022,2022,91aeb583_157_167|exportera|2022,[1],"[""1""]",1.0,1
classical,exportera,32770a9_139_148,"Ukrainas biträdande utrikesminister säger att landet försöker upprätta nya transportrutter via Rumänien , Polen och Baltikum för att kunna exportera 22 miljoner ton säd som annars riskerar att förstöras .",VB,2022-2023,139,148,2022,2022,32770a9_139_148|exportera|2022,[1],"[""1""]",1.0,1
classical,exportera,91a55e7a_135_145,Tågtransporterna försvåras av att tågrälsen i Ukraina har annorlunda standard än i Europa och att vetet därför måste lastas om för att exporteras till hamnar i Europa .,VB,2022-2023,135,145,2022,2022,91a55e7a_135_145|exportera|2022,[1],"[""1""]",1.0,1
classical,exportera,f392d3b_105_115,Enbart i Skellefteå skulle många miljoner sparas eftersom staden har många industrier som importerar och exporterar gods .,VB,2006-2007,105,115,2007,2007,f392d3b_105_115|exportera|2007,[1],"[""1""]",1.0,2
classical,exportera,28ad233c_137_146,"I dag ägs Kockums i Malmö av den tyska industrikoncernen Thyssen Krupp , som enligt uppgifter i medierna ska ha hindrat Kockums från att exportera ubåtar till Singapore för att i stället gynna Thyssen Krupps andra varv .",VB,2014-2015,137,146,2014,2014,28ad233c_137_146|exportera|2014,[1],"[""1""]",1.0,1
classical,exportera,ac2bc55_59_68,"Bland annat diskuteras om Sverige överhuvudtaget kan sluta exportera och importera el , hur elpriset i Sverige skulle påverkas om handeln begränsades och vilka andra effekter en minskad elhandel skulle kunna medföra .",VB,2022-2023,59,68,2023,2023,ac2bc55_59_68|exportera|2023,[1],"[""1""]",1.0,1
classical,exportera,2acf9e4_38_48,"Så , det är alltså inte bara elen som exporteras , utan även vinsterna , vilka hittills kommer från vattenkraften att döma av årsredovisningarna .",VB,2022-2023,38,48,2022,2022,2acf9e4_38_48|exportera|2022,[1],"[""1""]",1.0,2
classical,exportera,6dcd0a49_67_77,Och det gör vi för att det är samma regler som när svenska företag exporterar varor och så vidare .,VB,2022-2023,67,77,2023,2023,6dcd0a49_67_77|exportera|2023,[1],"[""1""]",1.0,2
classical,exportera,9a048a01_155_164,Förhandstips har gjort gällande att skrivningen kan bli bra mycket svagare än vad många hoppats och att det inte kommer att röra sig om ett förbud mot att exportera till ickedemokratiska länder .,VB,2014-2015,155,164,2015,2015,9a048a01_155_164|exportera|2015,[1],"[""1""]",1.0,1
classical,exportera,d69311a3_139_150,När Turkiet invaderade norra Syrien i oktober 2019 för att slå ut kurdiska styrkor fick det omedelbara konsekvenser för alla EU-länder som exporterade vapen till Turkiet .,VB,2022-2023,139,150,2022,2022,d69311a3_139_150|exportera|2022,[1],"[""1""]",1.0,2
classical,exportera,91e26a6_5_15,Kina exporterar vapen till länder kända för övergrepp allt i hemlighet och utan hänsyn till internationella avtal .,VB,2006-2007,5,15,2006,2006,91e26a6_5_15|exportera|2006,[1],"[""1""]",1.0,2
classical,exportera,27228c17_46_56,"Här odlas körsbär , aprikoser och mandlar som exporteras till resten av USA och hela världen .",VB,2014-2015,46,56,2015,2015,27228c17_46_56|exportera|2015,[1],"[""1""]",1.0,2
classical,exportera,9a013e04_38_47,"Det finns även möjlighet att återigen exportera fullt söderut i landet , säger Per Larsson , produktionsplaneringschef i Norden på Vattenfall .",VB,2022-2023,38,47,2022,2022,9a013e04_38_47|exportera|2022,[4],"[""4""]",4.0,2
classical,exportera,5a0496d_218_227,"Det finns avfall som har ett högt värde och där det finns råvaror att plocka ut ur avfallet – men sen finns det avfall där den ekonomiska vinsten är att slippa en kostnad i Sverige och det är billigare att försöka att exportera avfallet , säger Martin Johansson som är sakkunnig på Tullverket .",VB,2022-2023,218,227,2023,2023,5a0496d_218_227|exportera|2023,[1],"[""1""]",1.0,1
classical,exportera,91ad8b79_74_84,"– Andra som kommer att känna av effekterna av inbromsningen här är de som exporterar framför allt råvaror till Kina , säger Fredrik Ektander .",VB,2014-2015,74,84,2015,2015,91ad8b79_74_84|exportera|2015,[1],"[""1""]",1.0,2
classical,exportera,d698954b_86_95,Jag kan inte tänka mig att mig att MP kan sitta kvar i en regering som fortsätter att exportera krigsmateriel till Saudiarabien .,VB,2014-2015,86,95,2015,2015,d698954b_86_95|exportera|2015,[1],"[""1""]",1.0,2
classical,exportera,9a0a58c0_109_119,AT-4 tillverkas av svenska Saab Dynamics och USA kan ha brutit mot slutanvändaravtalet med Sverige om vapnen exporteras vidare .,VB,2014-2015,109,119,2015,2015,9a0a58c0_109_119|exportera|2015,[1],"[""1""]",1.0,2
classical,exportera,e2800573_66_75,"Det blir ett bättre erbjudande för alla svenska företag som skall exportera och importera , säger Jacob Minnhagen .",VB,2022-2023,66,75,2022,2022,e2800573_66_75|exportera|2022,[1],"[""1""]",1.0,2
classical,exportera,d69a73bb_102_111,Kakabaveh har tidigare sagt att hon inte kommer att stödja budgeten om inte regeringen lovar att inte exportera vapen till Turkiet .,VB,2022-2023,102,111,2022,2022,d69a73bb_102_111|exportera|2022,[1],"[""1""]",1.0,2
classical,exportera,917d7c5_49_58,"- Skulle man fortsätta att tillåta företaget att exportera , så innebär det att myndigheter och politiker sanktionerar korruption , och det är helt oacceptabelt , säger han till Aktuellt .",VB,2006-2007,49,58,2007,2007,917d7c5_49_58|exportera|2007,[1],"[""1""]",1.0,2
classical,exportera,5952628_10_20,"Outokumpu exporterar till länder inom Europa , och då handlar det främst om stål som används i gas- och oljeledningar , men även till avsaltningsanläggningar som används för att utvinna dricksvatten .",VB,2006-2007,10,20,2006,2006,5952628_10_20|exportera|2006,[1],"[""1""]",1.0,2
classical,exportera,dc49517d_166_176,"Slaktfilmen är tagen av Peta asiatiska undersökande gren med syfte att visa vad som kan ligga bakom skinn- och lädervaror , till exempel handskar och bälten som Kina exporterar jorden runt .",VB,2014-2015,166,176,2014,2014,dc49517d_166_176|exportera|2014,[1],"[""1""]",1.0,1
classical,exportera,15b2eccf_17_26,"– Och om du vill exportera björngalla utanför EU så måste du ha ett exporttillstånd , och något sådant går inte att få .",VB,2014-2015,17,26,2015,2015,15b2eccf_17_26|exportera|2015,[1],"[""1""]",1.0,2
classical,exportera,272713a8_119_128,Näringslivsföreträdare i Tyskland och Österrike varnar för att de kommer att drabbas när deras företag inte längre får exportera till Ryssland .,VB,2014-2015,119,128,2014,2014,272713a8_119_128|exportera|2014,[1],"[""1""]",1.0,2
classical,exportera,9a001551_119_129,"Då , 2009 , handlade det om sockerrörsodling i området Bagamoyo i Tanzania främst för att framställa etanol som skulle exporteras .",VB,2014-2015,119,129,2014,2014,9a001551_119_129|exportera|2014,[1],"[""1""]",1.0,0
classical,exportera,15193b_45_54,"Sverige försökte under ordförandeskapet 2001 exportera det svenska förbudet mot barnreklam till hela EU , men det blev blankt nej .",VB,2006-2007,45,54,2007,2007,15193b_45_54|exportera|2007,[3],"[""3""]",3.0,0
classical,exportera,0b576133_53_62,"Sen hoppas vi naturligtvis också på att vi ska kunna exportera båtar också , vilket gör att vi ser ganska ljust på framtiden , säger Saabs vd:s Håkan Buskhe .",VB,2014-2015,53,62,2015,2015,0b576133_53_62|exportera|2015,[1],"[""1""]",1.0,2
classical,exportera,9a091d06_42_52,Sverige är ett av de länder i världen som exporterar mest vapen per capita och frågan om Sverige ska fortsätta med exporten kan bli en konfliktlinje mellan Socialdemokraterna och Miljöpartiet i en eventuell framtida regering .,VB,2014-2015,42,52,2014,2014,9a091d06_42_52|exportera|2014,[1],"[""1""]",1.0,1
classical,exportera,d6995008_59_69,"Svensk export är för EU-orienterad , för få mindre företag exporterar och de produkter som idag exporteras ligger för långt ner i värdekedjan .",VB,2014-2015,59,69,2015,2015,d6995008_59_69|exportera|2015,[1],"[""1""]",1.0,2
classical,exportera,277e11_87_97,De nya avtal som slutits med Ryssland innebär minskade intäkter från oljeprodukter som exporteras vidare och ökade kostnader för rysk naturgas .,VB,2006-2007,87,97,2007,2007,277e11_87_97|exportera|2007,[1],"[""1""]",1.0,2
classical,exportera,f07056_11_22,"Förra året exporterade Hägglunds för drygt 1,2 miljarder kronor , varav 671 miljoner räknas som krigsmateriel för strid .",VB,2006-2007,11,22,2007,2007,f07056_11_22|exportera|2007,[1],"[""1""]",1.0,0
classical,exportera,27205e_110_120,Organisationen varnar för att Kinas alltmer sofistikerade teknik ökar oron för att censur och övervakning kan exporteras till resten av världen .,VB,2006-2007,110,120,2007,2007,27205e_110_120|exportera|2007,[3],"[""3""]",3.0,2
classical,exportera,91eb0df_29_38,Sedan Kina anklagats för att exportera giftiga varor har bl.a. miljoner lek- saker återkallats från USA:s affärer .,VB,2006-2007,29,38,2007,2007,91eb0df_29_38|exportera|2007,[1],"[""1""]",1.0,0
classical,exportera,917b2d5_112_122,Branschexperter bedömer att omkring fem procent av den råolja som produceras i landet blir stulen för att sedan exporteras av stora syndikat som har kontakter inom militären och regeringen .,VB,2006-2007,112,122,2006,2006,917b2d5_112_122|exportera|2006,[1],"[""1""]",1.0,1
classical,exportera,9a035e17_174_183,"- Vi vet inte när det blir en skärpt lagstiftning eller på vilket sätt den skärps , men vi kan nog vara ganska säkra på att även med den lagstiftningen så kommer Sverige att exportera vapen till diktaturer i framtiden , säger han .",VB,2010-2011,174,183,2011,2011,9a035e17_174_183|exportera|2011,[1],"[""1""]",1.0,1
classical,exportera,28a52864_12_21,"Vi ska inte exportera fisk , vi ska importera hit folk , det ska bli en specialitet att komma hit och  ekologiskt och hållbart fångad fisk .",VB,2018-2019,12,21,2018,2018,28a52864_12_21|exportera|2018,[1],"[""1""]",1.0,2
classical,exportera,e0c5ced_116_127,Men en granskning från SVT:s konsumentredaktion Plus visar nu att nio procent av de elbilar som sålts i Sverige har exporterats .,VB,2018-2019,116,127,2018,2018,e0c5ced_116_127|exportera|2018,[1],"[""1""]",1.0,2
classical,exportera,ae4ff38b_92_102,"De tillverkar närmare 6 miljoner ton stål om året – men bara en liten andel , 250 000 ton , exporteras till USA .",VB,2018-2019,92,102,2018,2018,ae4ff38b_92_102|exportera|2018,[1],"[""1""]",1.0,0
classical,exportera,da37076_37_47,"Sedan registreras dem i Baltikum och exporteras till Sverige och andra länder i Europa , säger Håkan Carlsson , kommissarie vid Göteborgspolisen .",VB,2010-2011,37,47,2011,2011,da37076_37_47|exportera|2011,[1],"[""1""]",1.0,2
classical,exportera,91a841ce_158_168,"Det innebär , om det också får klartecken av de 27 EU-länderna och den palestinska sidan , att jordbruks- och fiskeprodukter från de palestinska områdena får exporteras direkt till EU , utan tull .",VB,2010-2011,158,168,2011,2011,91a841ce_158_168|exportera|2011,[1],"[""1""]",1.0,1
classical,exportera,d69a9aae_125_134,"Hans Linde , utrikespolitisk talesperson för Vänsterpartiet , säger att problemet ligger i det regelsystem som låter Sverige exportera vapen till länder som Saudiarabien .",VB,2010-2011,125,134,2010,2010,d69a9aae_125_134|exportera|2010,[1],"[""1""]",1.0,2
classical,exportera,9a07a301_116_128,"Den experten har gällt både krigsmateriel för strid och övrig krigsmateriel , även om ingen krigsmateriel för strid exporterades 2018 .",VB,2018-2019,116,128,2019,2019,9a07a301_116_128|exportera|2019,[1],"[""1""]",1.0,0
classical,exportera,f54a157f_19_29,En hel del företag exporterar i dag till Storbritannien och vad som händer om inget avtal finns på plats den 29 mars är högst oklart .,VB,2018-2019,19,29,2019,2019,f54a157f_19_29|exportera|2019,[1],"[""1""]",1.0,2
classical,exportera,8f3acc5b_25_35,"Våra insamlade tidningar exporteras till andra länder som Kina eller eldas upp när de i stället i våra pappersbruk kan användas upp till sju gånger om för att producera nya produkter , fortsätter de .",VB,2010-2011,25,35,2011,2011,8f3acc5b_25_35|exportera|2011,[1],"[""1""]",1.0,1
classical,exportera,d69a5795_43_54,"Redan tidigare har stridsbåt 90 som modell exporterats till Mexiko , Malaysia , Norge och Grekland och används bland annat militärt eller för kustbevakning .",VB,2010-2011,43,54,2010,2010,d69a5795_43_54|exportera|2010,[1],"[""1""]",1.0,2
classical,exportera,d192cfa7_42_51,"Att de länder som vi menar är möjliga att exportera till , att de utfärdar intyg om att de inte ska släppa vapnen i från sig .",VB,2010-2011,42,51,2010,2010,d192cfa7_42_51|exportera|2010,[1],"[""1""]",1.0,2
classical,exportera,91a87ee6_96_105,"Det kinesiskägda företaget Big River Fisheries i Illinois har skrivit kontrakt om att fånga och exportera minst 13 600 ton karpfiskar till Kina fram till slutet av nästa år , meddelade guvernören Pat Quinn på tisdagen .",VB,2010-2011,96,105,2010,2010,91a87ee6_96_105|exportera|2010,[1],"[""1""]",1.0,1
classical,exportera,d696d08f_88_98,Bland annat vill de utreda möjligheten att få in ett krav om att svenska vapen bara får exporteras till demokratier .,VB,2010-2011,88,98,2010,2010,d696d08f_88_98|exportera|2010,[1],"[""1""]",1.0,2
classical,exportera,f547d265_66_75,"Det finns mineraler för mångmiljardbelopp i länet – att bryta och exportera dem i samverkan med det lokala näringslivet vore att ta ekologiskt , socialt och ekonomiskt ansvar , skriver Folkpartiets länsförbund  ett pressmeddelande .",VB,2010-2011,66,75,2010,2010,f547d265_66_75|exportera|2010,[1],"[""1""]",1.0,1
classical,exportera,0db51396_174_184,"Träindustrin i Gustafs har hundraåriga anor och i den här fabriken arbetar de 66 anställda framförallt med att tillverka brandsäkra och akustiskt anpassade väggpaneler , som exporteras över hela världen .",VB,2010-2011,174,184,2010,2010,0db51396_174_184|exportera|2010,[1],"[""1""]",1.0,1
classical,exportera,8f398544_119_128,"– Sverige har ända sen 50-talet utvecklat framgångsrika system när det gäller miljöteknik , system som vi skulle kunna exportera idag när världen står inför en miljökris .",VB,2010-2011,119,128,2010,2010,8f398544_119_128|exportera|2010,[1],"[""1""]",1.0,2
classical,exportera,3274cbd_35_45,"– De senaste fem åren har man inte exporterat ett enda Gripen stridsflygplan , bortsett från ett begagnat till Ungern .",VB,2018-2019,35,45,2019,2019,3274cbd_35_45|exportera|2019,[1],"[""1""]",1.0,2
classical,exportera,da3cb6dd_143_153,"Hon menar att effekterna blir extra kännbara i länet i och med att Västmanland har många företag på den globala marknaden , där många dessutom exporterar till Storbritanien .",VB,2018-2019,143,153,2019,2019,da3cb6dd_143_153|exportera|2019,[1],"[""1""]",1.0,1
classical,exportera,2726d074_47_57,Amnesty International uppmanar alla länder som exporterar vapen till både Turkiet och övriga parter i konflikten i Syrien att omedelbart avbryta exporten av vapen som kan användas för att begå eller underlätta kränkningar av mänskliga rättigheter .,VB,2018-2019,47,57,2019,2019,2726d074_47_57|exportera|2019,[1],"[""1""]",1.0,1
classical,exportera,9a0bd600_72_81,"Därför finns det stora ekonomiska och politiska intressen att fortsätta exportera vapen till Saudiarabien , uppger de experter som SVT Nyheter talat med .",VB,2018-2019,72,81,2018,2018,9a0bd600_72_81|exportera|2018,[1],"[""1""]",1.0,2
classical,exportera,91a824cc_53_62,Trumps senaste idé är att låta kolgruvorna i Wyoming exportera sitt kol till Asien via amerikanska militärförläggningar på den amerikanska Västkusten .,VB,2018-2019,53,62,2019,2019,91a824cc_53_62|exportera|2019,[1],"[""1""]",1.0,2
classical,exportera,ae40749f_33_43,"Sedan vet jag inte hur mycket vi exporterar till Amerika , säger Patrik Perttu , driftledare på SSAB i Luleå .",VB,2018-2019,33,43,2018,2018,ae40749f_33_43|exportera|2018,[1],"[""1""]",1.0,2
classical,exportera,91ab998b_34_44,"Företaget uppger att man redan nu exporterar till Ryssland , Kina och Cypern – trots att den typer av finansiella tjänster är sanktionerade av FN .",VB,2018-2019,34,44,2019,2019,91ab998b_34_44|exportera|2019,[1],"[""1""]",1.0,2
classical,exportera,9a0342cf_89_99,"Och hur allvarligt det blir i Nordeuropa är det som blir avgörande för oss , eftersom vi exporterar mycket dit .",VB,2010-2011,89,99,2011,2011,9a0342cf_89_99|exportera|2011,[1],"[""1""]",1.0,2
classical,exportera,596b5a51_160_169,"Till exempel är det tillåtet att exportera trasiga mobiler om tanken är att de ska lagas i mottagarlandet , vilket kan öppna upp för kryphål i förbudet mot att exportera andrahandselektronik .",VB,2010-2011,160,169,2011,2011,596b5a51_160_169|exportera|2011,[1],"[""1""]",1.0,1
classical,exportera,272f0676_84_94,"I Japan har de intelligenta transportsystemen varit installerade sedan länge och nu exporterar man dessa trafiklösningar till andra länder , som Sri Lanka och Kambodja , enligt medibolaget",VB,2018-2019,84,94,2018,2018,272f0676_84_94|exportera|2018,[1],"[""1""]",1.0,2
classical,exportera,8f376023_10_20,"Företaget exporterar produkter till bland annat Storbritannien , och ser nu att de brittiska kunderna har börjat oroa sig över den potentiella oredan kring brexit , det var",VB,2018-2019,10,20,2019,2019,8f376023_10_20|exportera|2019,[1],"[""1""]",1.0,2
classical,exportera,d69c6f44_28_38,"I år har svenska bryggerier exporterat 40,5 miljoner liter öl till den tyska gränshandeln , det hittills bästa svensk-tyska öl-året .",VB,2010-2011,28,38,2010,2010,d69c6f44_28_38|exportera|2010,[1],"[""1""]",1.0,0
classical,exportera,28a07d65_93_102,"– Det vi ser är att man även på den internationella marknaden har bättre förutsättningar att exportera ekologiska produkter än konventionella , säger Lars Jonasson .",VB,2018-2019,93,102,2018,2018,28a07d65_93_102|exportera|2018,[1],"[""1""]",1.0,2
classical,exportera,e0c666b_56_66,Laxdalens transport i Karlstad är ett annat företag som exporterat bilar kort efter att de tagit emot pengar från supermiljöbilspremien .,VB,2018-2019,56,66,2018,2018,e0c666b_56_66|exportera|2018,[1],"[""1""]",1.0,2
classical,exportera,d693407c_97_109,"Trots att det återstår en månad att rapportera är det mer än förra året , då 37,9 miljoner liter exporterades , skriver Dagens Industri .",VB,2010-2011,97,109,2010,2010,d693407c_97_109|exportera|2010,[1],"[""1""]",1.0,0
classical,exportera,0b56ea99_42_52,Enligt gällande lagstiftning får lax inte exporteras till andra EU-länder om gifthalten i fisken överstiger de nivåer som EU fastställt .,VB,2018-2019,42,52,2018,2018,0b56ea99_42_52|exportera|2018,[1],"[""1""]",1.0,2
classical,exportera,ae44b06b_8_18,"– I dag exporterar vi el och vindkraften kommer att byggas ut och kan ersätta det vi tappar när kärnkraftverk stängs , men utmaningen är att få el när vi behöver det .",VB,2018-2019,8,18,2019,2019,ae44b06b_8_18|exportera|2019,[1],"[""1""]",1.0,2
classical,exportera,f7e2f3d_23_33,"Dassault har ännu inte exporterat ett enda Rafaleplan och en framgång i Brasilien ses därför som en stor chans att senare också ta hem order i Indien och Schweiz , affärer där Gripen också är en av konkurrenterna .",VB,2010-2011,23,33,2010,2010,f7e2f3d_23_33|exportera|2010,[1],"[""1""]",1.0,1
classical,exportera,e0cd9dd_101_110,Vissa företag har kammat hem miljoner i supermiljöbilspremier för att efter så kort tid som 13 dagar exportera bilarna ut ur landet .,VB,2018-2019,101,110,2018,2018,e0cd9dd_101_110|exportera|2018,[1],"[""1""]",1.0,2
classical,exportera,28a10315_206_215,"– Det kanske man inte kan tro med tanke på hur få soltimmar vi har i Sverige , men energin solen ger skapar otroliga möjligheter , dels för att ta ansvar för klimatet men också ur ett längre perspektiv att exportera den här typen av teknik till andra länder och bli konkurrenskraftiga .",VB,2010-2011,206,215,2010,2010,28a10315_206_215|exportera|2010,[1],"[""1""]",1.0,1
classical,exportera,d693915b_97_106,"- I dag finns det formuleringar kring konflikter , men vi tycker att det är väldigt tveksamt att exportera vapen till diktaturer där det inte finns någon möjlighet för folk att påverka vem som styr landet .",VB,2010-2011,97,106,2010,2010,d693915b_97_106|exportera|2010,[1],"[""1""]",1.0,1
classical,exportera,2acf786_51_60,"Om fler svenska företag kan få in en fot — sälja , exportera — så kan vi också skapa fler jobb i Sverige , säger han och nämner Scanias satsning på biobränsledrivna bussar i landet som ett exempel .",VB,2018-2019,51,60,2018,2018,2acf786_51_60|exportera|2018,[1],"[""1""]",1.0,1
classical,exportera,3270017_52_61,"Washington-Post rapporterar att USA:s möjlighet att exportera mjölkprodukter till Kanada , och Kanadas vilja att slippa Trumps tullar på importerat stål , varit avgörande frågor .",VB,2018-2019,52,61,2018,2018,3270017_52_61|exportera|2018,[1],"[""1""]",1.0,2
classical,exportera,f347480e_21_31,"– När jag såg att vi exporterar mer än 80 procent av alla bär , då tänkte jag ännu en tillgång som försvinner från Norrland utan att man gör något av den , säger VD Lars Björk .",VB,2010-2011,21,31,2010,2010,f347480e_21_31|exportera|2010,[1],"[""1""]",1.0,1
classical,exportera,28a5fb0b_134_144,De uppgav i rätten att de handlat i nöd eftersom de laserpunktsikten som tillverkas och som kan låsa fokus på rörliga mål bland annat exporteras till USA och används av den amerikanska armén i Afghanistan och Irak .,VB,2010-2011,134,144,2010,2010,28a5fb0b_134_144|exportera|2010,[1],"[""1""]",1.0,1
classical,exportera,91ab23e4_109_118,"Enligt en talesperson för D&T Farm planerar man att odla tio gånger fler bananer i år och överväger även att exportera bananer i framtiden , skriver the Guardian .",VB,2018-2019,109,118,2018,2018,91ab23e4_109_118|exportera|2018,[1],"[""1""]",1.0,2
classical,exportera,27200726_11_22,"Förra året exporterade Sverige vapen för drygt 13,7 miljarder kronor och kontrollen är betydligt hårdare i dag än för 40 år sedan .",VB,2010-2011,11,22,2011,2011,27200726_11_22|exportera|2011,[1],"[""1""]",1.0,0
classical,exportera,2728ad32_56_65,"Om det införs höga tullar kommer det att bli dyrare att exportera och då slå mot Sveriges företag , jobb och tillväxt , menar hon",VB,2018-2019,56,65,2019,2019,2728ad32_56_65|exportera|2019,[1],"[""1""]",1.0,2
classical,exportera,27207fd3_83_93,"Framförallt var det Zimbabwe som motsatte sig förbudet , som sedan 2012 fångat och exporterat över 100 elefantungar till kinesiska djurparker , enligt Humane Society International .",VB,2018-2019,83,93,2019,2019,27207fd3_83_93|exportera|2019,[1],"[""1""]",1.0,0
classical,exportera,c760bfc_153_163,"Han pratar också om klimat , att Vänsterpartiet vill införa flygskatt och sänka priset på tågen , och om att han tycker att det är fel att svenska vapen exporteras till diktaturer .",VB,2018-2019,153,163,2018,2018,c760bfc_153_163|exportera|2018,[1],"[""1""]",1.0,1
classical,exportera,d69a5c1e_97_106,"Svensk köttproduktion är inne i en nedåtgående spiral och andra länder knackar på dörren för att exportera mer till Sverige , rapporterar tidningen Köttbranschen .",VB,2010-2011,97,106,2010,2010,d69a5c1e_97_106|exportera|2010,[1],"[""1""]",1.0,2
classical,exportera,91a7de12_56_66,"Kazakstan är en av världens fem största producenter och exporterar halva sin skörd , men efter torkan talas det om bortfall motsvarande en tredjedel av normal årsproduktion .",VB,2010-2011,56,66,2010,2010,91a7de12_56_66|exportera|2010,[1],"[""1""]",1.0,2
classical,exportera,d19d85eb_168_177,"Hjälmaren har ett av landets bästa bestånd av gös och fisket har miljöcertifierats på senare år , vilket har gett yrkesfiskarna bättre priser och ökade möjligheter att exportera gös till Europa .",VB,2010-2011,168,177,2011,2011,d19d85eb_168_177|exportera|2011,[1],"[""1""]",1.0,1
classical,exportera,91ad1dc6_177_186,Utrikesminister Hillary Clinton sade under sitt besök i Sydkoreas huvudstad Seoul att sanktionerna bland annat ska hindra Nordkorea att slussa pengar till sina vapenprogram och exportera massförstörelsevapen .,VB,2010-2011,177,186,2010,2010,91ad1dc6_177_186|exportera|2010,[1],"[""1""]",1.0,1
classical,exportera,d1973f7a_164_174,"- Det här måste vara en ögonöppnare och en väckarklocka för politikerna att vi behöver ett nytt regelsystem för vapenexporten när det visar sig gång på gång att vi exporterar vapen till krigförande länder som skördar civila offer varje dag , Anna Ek , Svenska Freds .",VB,2010-2011,164,174,2010,2010,d1973f7a_164_174|exportera|2010,[1],"[""1""]",1.0,1
classical,exportera,d69f621b_32_42,"– Sverige har så vitt vi kan se exporterat mindre om man jämför två femårsperioder , säger Pieter Wezeman vid Stockholms internationella fredsforskningsinstitut Sipri .",VB,2018-2019,32,42,2018,2018,d69f621b_32_42|exportera|2018,[1],"[""1""]",1.0,2
classical,exportera,0b57e33_80_90,"Sågverket ägs sedan 2005 av Danish Hardwood och tillverkar plank av lövträd som exporteras främst till Indien och Kina I dag jobbar där cirka 15 anställda , men på grund av sjunkade marknadspriser har nu företaget valt att varsla samtliga .",VB,2010-2011,80,90,2010,2010,0b57e33_80_90|exportera|2010,[1],"[""1""]",1.0,1
classical,exportera,272ac2bf_54_64,"– Parterna i JCPOA får inte skapa hinder för hur Iran exporterar sin olja , sade Araghchi när han anlände till mötet , enligt statlig iransk tv .",VB,2018-2019,54,64,2019,2019,272ac2bf_54_64|exportera|2019,[1],"[""1""]",1.0,2
classical,exportera,9a0997f1_73_84,Från Litauen rapporteras att cigaretter som köpts lagligt i Ryssland men exporterats olagligt till EU har givit smugglarna en vinst på upp till nästan 1.000 procent .,VB,2010-2011,73,84,2011,2011,9a0997f1_73_84|exportera|2011,[1],"[""1""]",1.0,2
classical,exportera,0db0dc79_53_64,"Det har varit kallt i Europa så mycket träråvara har exporterats dit medan importen av pellets till Sverige är liten , säger Ingemar Eriksson vid pelletsfabriken i Mockfjärd .",VB,2018-2019,53,64,2018,2018,0db0dc79_53_64|exportera|2018,[1],"[""1""]",1.0,2
classical,exportera,2721ea4f_260_269,Tidningen The Guardian uppger att dokument som upptäckts av en amerikansk forskare i samband med förarbeten till en bok om förbindelserna mellan Israel och den dåvarande apartheidregimen inte bara bevisar att Israel har kärnvapen men också att Israel försökte exportera vapnen .,VB,2010-2011,260,269,2010,2010,2721ea4f_260_269|exportera|2010,[1],"[""1""]",1.0,1
classical,exportera,308d7550_11_23,"I Sörmland exporterades det för knappt 6,5 miljarder kronor mer under 2017 jämfört med året innan , det är en ökning med 18 procent .",VB,2018-2019,11,23,2018,2018,308d7550_11_23|exportera|2018,[1],"[""1""]",1.0,0
classical,exportera,5965b233_79_89,"– Den mesta strömmen i landet går till företag och produktion , och en hel del exporteras faktiskt för man får mer betalt om man skickar energin över gränsen till grannländerna och stryper man elen för lokalbefolkningen , så det är ett jättebekymmer faktiskt .",VB,2018-2019,79,89,2019,2019,5965b233_79_89|exportera|2019,[1],"[""1""]",1.0,1
classical,fru,6decc156_418_421,"och förebrådde i lifliga ordalag la TournelleS presidenter den brädsta , hwarmed de gripit till tortyren , och menade att deliqventens stoifla lugn i folkets ögon bekräftade hans förmenta rättigheter , dä deremot en pä ett lugnare och mera logistt wis fortsatt sträng undersökning , gansta säkert , wida lättare stulle ha fört dem till det önstadc målet ; ty så länge Ia Ramse Påstod sig wara en ValoiS , frikände han fru de Montpensier , och gjorde sig sjelf intressant ända till schavotten .",NN,1880-1883,418,421,1880,1880,6decc156_418_421|fru|1880,[4],"[""4""]",4.0,1
classical,fru,9639d979_51_54,"Sahlströmska färgeriet , Jönköping emottager genom Fru S. Lewenhagen Karlstad , gods till färgning , ull till spinning och tvinning , vadmal till stampning och klädesberedning , konsttvätt m . m .",NN,1880-1883,51,54,1883,1883,9639d979_51_54|fru|1883,[1],"[""1""]",1.0,0
classical,fru,11bf434a_7_10,Hos en fru Butler i Foxhill vid Athy ha arrendatorerna erhållit underrättelse örn en stor nedsättning i afgiiterna .,NN,1880-1883,7,10,1881,1881,11bf434a_7_10|fru|1881,"[1, 5]","[""1"", ""5""]",,2
classical,fru,d676ae9_6_9,"- Min fru har alltid varit nervös för att flyga , så då tänkte vi att det fick vara nog .",NN,2006-2007,6,9,2007,2007,d676ae9_6_9|fru|2007,[5],"[""5""]",5.0,2
classical,fru,5c88f168_120_124,"genomgått ett elementarläroverk , önskar plats i ott bättro hus på landet eller i staden för att undervisa hamon ooh gå frun tillhanda i förefallande göromål .",NN,1880-1883,120,124,1882,1882,5c88f168_120_124|fru|1882,"[1, 3, 5]","[""1"", ""3"", ""5""]",,2
classical,fru,3239db_58_61,Mannen är dömd till sluten vård för att han har dödat sin fru och hennes två små barn .,NN,2006-2007,58,61,2007,2007,3239db_58_61|fru|2007,[5],"[""5""]",5.0,2
classical,fru,f347598_104_107,"En man i femtioårsåldern greps av polisen i Skellefteå under onsdagskvällen , misstänkt för mord på sin fru i bostaden på Sjungande Dalen .",NN,2006-2007,104,107,2006,2006,f347598_104_107|fru|2006,[5],"[""5""]",5.0,2
classical,fru,8ebb753_39_42,Det var 2019 som Set Melander och hans fru startade upp verksamheten efter att de hade tagit över värdshuset .,NN,2022-2023,39,42,2023,2023,8ebb753_39_42|fru|2023,[5],"[""5""]",5.0,2
classical,fru,f89f77b5_75_78,"kan !-vårda mindre barn , kan få plats nu genast , örn hon anmäler sig hos Fru Berg , Skyltbutiken , Af 5 Hamngatan .",NN,1880-1883,75,78,1881,1881,f89f77b5_75_78|fru|1881,"[1, 5]","[""1"", ""5""]",,0
classical,fru,9acce9c_70_73,Tidigare på dagen besökte den svenske astronauten tillsammans med sin fru Lisa Stockholms slott där de träffade kungaparet som fick ta emot ett bild- kollage i gåva av Christer Fuglesang .,NN,2006-2007,70,73,2007,2007,9acce9c_70_73|fru|2007,[5],"[""5""]",5.0,2
classical,fru,7325b7e1_0_3,"Fru Loofts uppfattning af motiven til ' handlingen var att fröken Norrbohm ej på något sätt kunde ta emot de inackorderingar som skulle komma samma dag branden ägde rum , och för att ha något att skylla på ätt hon ej hade i ordning hade hon anlagt elden .",NN,1912-1915,0,3,1913,1913,7325b7e1_0_3|fru|1913,[5],"[""5""]",5.0,1
classical,fru,32322f_16_19,Mannen och hans fru lovade varandra att de skulle gravsättas samtidigt och därför vill mannen spara hennes aska .,NN,2006-2007,16,19,2006,2006,32322f_16_19|fru|2006,[5],"[""5""]",5.0,2
classical,fru,d6d4abd_57_60,"I dag fyller han 43 år och har inte träffar sin samilj , fru och tre barn i Göteborg sedan dess .",NN,2006-2007,57,60,2007,2007,d6d4abd_57_60|fru|2007,[5],"[""5""]",5.0,2
classical,fru,b25ef184_9_12,"— En ung fru , Stina Beiin i Söderköping som för kort tid sedan insjuknade i barnförlamning , liar aflidit pä epidemisjukhuset därstädes .",NN,1912-1915,9,12,1915,1915,b25ef184_9_12|fru|1915,[2],"[""2""]",2.0,2
classical,fru,288b31_66_69,Enligt åtalet har mannen vid ett flertal tillfällen våldtagit sin fru och hotat att döda henne .,NN,2006-2007,66,69,2007,2007,288b31_66_69|fru|2007,[5],"[""5""]",5.0,2
classical,fru,86139cd7_274_278,"underrätta henne , att han den dagen ej kundo höra henne , men när han fick höra henne säga , att tion icke biktat sig på fyrtio års tid , utropade han genast helt förnöjd : » Åb , det var en annan sale , kom då allraförst ! » — Och han tilläde , vänd till do andra : » Låt frun komma fram , hon är så god som två karlar ! » — Man har för öfrigt en massa historier om honom .",NN,1880-1883,274,278,1881,1881,86139cd7_274_278|fru|1881,"[1, 2]","[""1"", ""2""]",,1
classical,fru,9148e09_61_66,Sirener tjöt och kyrkklockan i Beaconsfield ringde när deras fruar rusade fram och omfamnade dem .,NN,2006-2007,61,66,2006,2006,9148e09_61_66|fru|2006,[5],"[""5""]",5.0,2
classical,fru,86b95f8f_123_126,"Vaccinationen som är cfgiftsfri för Kalmarbor , verkstäUes onsdagarne af barnmorskan fru Olsson , torsdagar af barnmorskan fru Lindguist och fredagar af barnmorskan fröken Eorna- ....",NN,1912-1915,123,126,1915,1915,86b95f8f_123_126|fru|1915,"[1, 5]","[""1"", ""5""]",,0
classical,fru,ffe3e32_6_9,"– Min fru har Kronofogden efter sig , så det blir svårt att få några pengar av oss , säger maken till den kvinna som äger skeppet .",NN,2022-2023,6,9,2023,2023,ffe3e32_6_9|fru|2023,[5],"[""5""]",5.0,2
classical,fru,e1be34c8_83_86,"Skickliga och lämpliga leda.innor har föreningen också lyckats anskaffa , nämligen fru Anna Björklund fur kursen i Holen , fröknarna Karin Andersson för Hansjö och Maria Svalas för Skattungbyn .",NN,1912-1915,83,86,1913,1913,e1be34c8_83_86|fru|1913,"[1, 5]","[""1"", ""5""]",,2
classical,fru,a1f9722f_99_103,"dotterns lik och satte fast det såsom det påträffades , i skorstenspipau , sedan tog bon den gamla frun och slungade henne omedelbart hufvudstupa genom fönstret .",NN,1880-1883,99,103,1882,1882,a1f9722f_99_103|fru|1882,"[2, 3, 5]","[""2"", ""3"", ""5""]",,2
classical,fru,32f8691a_119_122,"Han byggde själv allt som behövdes för att kunna odla i större skala , och till en början höll han det hemligt för sin fru .",NN,2022-2023,119,122,2022,2022,32f8691a_119_122|fru|2022,[5],"[""5""]",5.0,2
classical,fru,61faf2a2_16_20,"i afton » Hvita Frun » , om söndag » Marco Späda » , nied hr Lundqvist i munkens roll , samt någon af dagarne i nästa vecka » Robert » för första gången under denna termin .",NN,1880-1883,16,20,1880,1880,61faf2a2_16_20|fru|1880,[2],"[""2""]",2.0,2
classical,fru,956cee67_158_161,"och gul och blå ; jag har blifvit hånad , begabbad och utskrattad ; ett skändligt attentat har m begått mot min heder , och jag anklagar derför hr Baruch och fru Rosa Feigelstock .",NN,1880-1883,158,161,1883,1883,956cee67_158_161|fru|1883,[5],"[""5""]",5.0,2
classical,fru,277542_42_45,"En serb , efterlyst för krigsbrott , hans fru och 12-årige son blev i dag beskjutna vid en eldstrid med EUsoldater i Bosnien .",NN,2006-2007,42,45,2006,2006,277542_42_45|fru|2006,[5],"[""5""]",5.0,2
classical,fru,fc0332c_88_92,Förväntningarna från klubben och fansen är höga och intresset var stort när Beckham och frun Victoria landade i USA .,NN,2006-2007,88,92,2007,2007,fc0332c_88_92|fru|2007,[5],"[""5""]",5.0,2
classical,fru,f6d78c59_116_119,"Avesta järnverks arbets- och tjänstepersonal voro i sindajs afton inbjudna till middag af generalkonsul Johnson med fru , hvilka också bada bevistade festen .",NN,1912-1915,116,119,1915,1915,f6d78c59_116_119|fru|1915,"[1, 5]","[""1"", ""5""]",,2
classical,fru,578e9a74_0_3,"Fru amtsrådinnan var den enda , som märkt de för.^ulna blickar , sonen kastat mot galleriet .",NN,1912-1915,0,3,1912,1912,578e9a74_0_3|fru|1912,[1],"[""1""]",1.0,2
classical,fru,1dcf4d48_56_59,"upplymingar , säwäl muntliga lom stristliga , lemnäs as Fru Mathilda Langlet , sam träffa » hemma säkrast Mändagac kl. 10 — 1 .",NN,1880-1883,56,59,1882,1882,1dcf4d48_56_59|fru|1882,"[1, 5]","[""1"", ""5""]",,0
classical,fru,e074621_16_19,I går fick hans fru och barn träffa honom för första gången – och enligt hans dotter så har förhören med honom nästan bara handlat om moskén i Brandbergen .,NN,2006-2007,16,19,2007,2007,e074621_16_19|fru|2007,[5],"[""5""]",5.0,2
classical,fru,458ac08a_83_86,"blef jag naturligtvis ytterligt förargad , och hänsköt ärendet till stadsfiskalens fru , hvilken var ott literärt bildadt fruntimmer , enär hon i tre år förestått ett annonskontor , och till klockaren på platsen , hvars estetiska känsla odlats genom korrekturläsning af ett koralboksförslag .",NN,1880-1883,83,86,1883,1883,458ac08a_83_86|fru|1883,[5],"[""5""]",5.0,1
classical,fru,d0279a72_82_85,Mellan de olika numren förekom ock solosång af folkskollärare Dalin samt duett af fru Malla Andersson och Kerstin Lindberg .,NN,1912-1915,82,85,1915,1915,d0279a72_82_85|fru|1915,"[1, 5]","[""1"", ""5""]",,2
classical,fru,15296bb4_116_119,På order från Bolsjevikernas ledare Vladimir Lenin avrättades Rysslands siste monark Nikolaj II tillsammans med sin fru och fem barn .,NN,2022-2023,116,119,2022,2022,15296bb4_116_119|fru|2022,[5],"[""5""]",5.0,2
classical,fru,272594c2_53_58,"Fler av dem uppges vara kvinnor och barn , däribland fruar och barn till de tre dödade islamisterna .",NN,2022-2023,53,58,2023,2023,272594c2_53_58|fru|2023,[5],"[""5""]",5.0,2
classical,fru,555d5af_24_27,Thomas Sjöblom och hans fru var ute och seglade under söndagseftermiddagen i den södra änden av Askö i Trosa .,NN,2022-2023,24,27,2023,2023,555d5af_24_27|fru|2023,[5],"[""5""]",5.0,2
classical,fru,15203b74_82_86,"Tabloiden The Sun har gjort hela framsidan svart och skrivit : ” Vi älskade dig , frun ” bredvid en svartvit bild av drottning Elizabeth II .",NN,2022-2023,82,86,2022,2022,15203b74_82_86|fru|2022,[4],"[""4""]",4.0,2
classical,fru,f6d99aaf_121_124,"För en och en half månad sedan ha de för fredsarbetet verksamma miss Jane Addams , d:r Aletta Jacobs , miss Mac-Millan , fru Rosika Schwimmer och professor Emely Balen i Amerika och Holland utgifvit ett manifest , hvari de framlägga sina erfarenheter från medImgsresorna , så långt dessa kunna offentliggöras .",NN,1912-1915,121,124,1915,1915,f6d99aaf_121_124|fru|1915,"[1, 5]","[""1"", ""5""]",,1
classical,fru,d68ba93_85_88,"Pappan har uppgett för polisen att han är emot könsstympning och att hans före detta fru lider av förföljelsemani , uppger GP:s nätupplaga .",NN,2006-2007,85,88,2006,2006,d68ba93_85_88|fru|2006,[5],"[""5""]",5.0,2
classical,fru,fc17b6e_45_48,"Bilen , som även innehöll Petrenkos dotter , fru och hennes föräldrar , körde in i en långtradare vid floden Volga nära staden Samara i centrala Ryssland .",NN,2006-2007,45,48,2006,2006,fc17b6e_45_48|fru|2006,[5],"[""5""]",5.0,2
classical,fru,f519c846_60_63,rollerna och doras innehafvare äro Drottningen af Spanien — fru Cysch ; prinsen af Ånagonien — hr Arlberg ; Ginez- —,NN,1880-1883,60,63,1882,1882,f519c846_60_63|fru|1882,[4],"[""4""]",4.0,0
classical,fru,2e504781_97_100,"Den raöbelverkstadslägenhet , bestående af 2 rum och kök , som numsra aflidna möbelhandlerskan , fru Annette Pettersson , innehaft uti mitt hus N:o 53 Litt .",NN,1880-1883,97,100,1880,1880,2e504781_97_100|fru|1880,[5],"[""5""]",5.0,0
classical,fru,15690b_58_61,Lisa Ohlin har bland annat regisserat filmerna Tillfällig fru sökes ( 2003 ) och Sex hopp och kärlek ( 2005 ) samt tv-serien Kvalster .,NN,2006-2007,58,61,2006,2006,15690b_58_61|fru|2006,[5],"[""5""]",5.0,0
classical,fru,d6ca0c4_96_99,"I samband med att Tony Stigsson dömdes till tre månaders fängelse för att ha misshandlat sin fd fru , hittades ” kva- lificerat hemliga ” handlingar utsprid- da i hans hem .",NN,2006-2007,96,99,2007,2007,d6ca0c4_96_99|fru|2007,[5],"[""5""]",5.0,2
classical,fru,793a3a8f_20_24,"12 maj fick han och frun Emily Karlsson sitt första barn , en son som heter Beckham , döpt efter fotbollsspelaren .",NN,2022-2023,20,24,2023,2023,793a3a8f_20_24|fru|2023,[5],"[""5""]",5.0,2
classical,fru,18ae1489_151_154,"Nu skulle hon skrifva räkningen med detsamma och lägga in klädningen , så att hon genast morgonen därpå , innan Ålagda vaknade , kunde gå med den till fru Bång .",NN,1912-1915,151,154,1914,1914,18ae1489_151_154|fru|1914,"[1, 5]","[""1"", ""5""]",,2
classical,fru,9151bab_71_74,Samtidigt åkte några andra män till depåchefens hem och sade till hans fru att maken råkat ut för en olycka och hon förmåddes att tillsammans med en son följa med männen .,NN,2006-2007,71,74,2006,2006,9151bab_71_74|fru|2006,[5],"[""5""]",5.0,2
classical,fru,0b5ed3d9_75_78,"Efter att ha bott i Sverige i åtta månader öppnade jag min butik , och min fru jobbar i skolan .",NN,2022-2023,75,78,2022,2022,0b5ed3d9_75_78|fru|2022,[5],"[""5""]",5.0,2
classical,fru,fc4eeb7_22_25,"– Det är nog bara min fru som känner mig bättre än Thomas , säger Jonas Björkman och skrattar .",NN,2006-2007,22,25,2006,2006,fc4eeb7_22_25|fru|2006,[5],"[""5""]",5.0,2
classical,fru,e095e14_163_166,Komisk operett i 3 akter af Durand och Boucheron Mosiken af Léon Vasseur ( Half 8 — V il Teatern å Kongl Djurgården I morgon Onsdag den 23 Aug Ctastuppträdande af Fru Sophie Cysch För JS : te gången liili komedi-operett i 3 akter ( Vj8 — V411 Amelies och Antonines roller utföras af Fru Sophie Cysch OBS Ilepresentationerna af & gt ; Lili upphöra med denna månads utgång,NN,1880-1883,163,166,1882,1882,e095e14_163_166|fru|1882,"[1, 5]","[""1"", ""5""]",,1
classical,fru,6dc2fdd9_66_70,Och 32-åringen är extra motiverad – vid seger går han nämligen om frun Johanna Almgren i antal titlar .,NN,2022-2023,66,70,2023,2023,6dc2fdd9_66_70|fru|2023,[5],"[""5""]",5.0,2
classical,fru,9ca4e3df_71_74,"Vaccination hvarje tisdags e. m . kl , ' 4 i Jtä 45 drottninggatan hos Fru Pettersson .",NN,1880-1883,71,74,1883,1883,9ca4e3df_71_74|fru|1883,"[1, 5]","[""1"", ""5""]",,0
classical,fru,15377b_107_110,Åklagarna i målet hävdade att Ipek Calislar gjort sig skyldig till brott när hon i en biografi om Atatürks fru Latife hävdat att han vid ett tillfälle flytt utklädd till kvinna .,NN,2006-2007,107,110,2006,2006,15377b_107_110|fru|2006,[5],"[""5""]",5.0,2
classical,fru,978f2ac1_107_110,"I själfva verket äro eDdast fem sad.na i verksamhet , nämligen de fyra som innehafves af bryggerierna samt fru Lina Olssons ( f. d. Lindblads ) vid Kaggensgatan i C . W. Kjellbergs gård .",NN,1912-1915,107,110,1915,1915,978f2ac1_107_110|fru|1915,[5],"[""5""]",5.0,0
classical,fru,8ce23474_122_125,"ika i li - m ' ittets gäster , såsom öfverste Balck med fru och dotb r , inspektör Isakson med fru , direktör Edström med fru med ii re .",NN,1912-1915,122,125,1913,1913,8ce23474_122_125|fru|1913,[5],"[""5""]",5.0,2
classical,fru,21743317_23_26,"rummet , så tyst , att fru Ehrenberg icke stördes i de djupa tankar , i hvilka hon försjunkit .",NN,1880-1883,23,26,1882,1882,21743317_23_26|fru|1882,"[1, 5]","[""1"", ""5""]",,2
classical,fru,e0b0d48e_80_83,"Joakim Bayoumi Karlsson har precis flyttat in i sitt första hus tillsammans med fru , två barn och hund .",NN,2022-2023,80,83,2022,2022,e0b0d48e_80_83|fru|2022,[5],"[""5""]",5.0,2
classical,fru,15274872_87_90,Stjärnregissören Lasse Hallström är aktuell med den nya filmen ” Hilma ” där både hans fru Lena Olin och dotter Tora Hallström gestaltar konstnären .,NN,2022-2023,87,90,2022,2022,15274872_87_90|fru|2022,[5],"[""5""]",5.0,2
classical,fru,91a45e3_40_43,En iransk man som halshögg sin 17-åriga fru och därefter leende promenerade omkring med hennes huvud har dömts till åtta års fängelse .,NN,2022-2023,40,43,2023,2023,91a45e3_40_43|fru|2023,[5],"[""5""]",5.0,2
classical,fru,c768788_72_75,Det var i början av juni som den tidigare polisen ska ha bråkat med sin fru .,NN,2022-2023,72,75,2022,2022,c768788_72_75|fru|2022,[5],"[""5""]",5.0,2
classical,fru,08760b7c_49_52,"Efter hälsningstal af Skåncförbundets ordförande fru Anna Bugge Wicksell , samt föredrag och anföranden af fröken Anna Whitlock , fru Curoline Benedicks Bmee från Visby , fru Gulli Petrini och fröken Sigrid Kruse frön Karlskrona antogs en resolution , däri mötet uttalade sin anslutning till krafvet på politisk rösträtt för kviaror och fordran pä dess genomförande under innevarande riksdagsperiod .",NN,1912-1915,49,52,1912,1912,08760b7c_49_52|fru|1912,"[1, 5]","[""1"", ""5""]",,1
classical,fru,e0d2b3_30_33,När Gunnar Johansson och hans fru flyttade till Husby för trettio år sedan var det en ny och attraktiv stadsdel .,NN,2006-2007,30,33,2006,2006,e0d2b3_30_33|fru|2006,[5],"[""5""]",5.0,2
classical,fru,c810f1fa_17_20,"li denneBläses : Fru Winter-Hjolmsafskedssoiré i går hade i Arkadia-teatern samlat en så talrik publik , som salongen kundo rymma .",NN,1880-1883,17,20,1880,1880,c810f1fa_17_20|fru|1880,"[1, 5]","[""1"", ""5""]",,0
classical,fru,fca6197_41_44,"Ibland märker jag att de tar med sig sin fru , och det är ju kul .",NN,2006-2007,41,44,2006,2006,fca6197_41_44|fru|2006,[5],"[""5""]",5.0,2
classical,fru,0d997cb6_22_29,Till revisorer valdes fruarna L . Carling och W. Stålhammar och till supp leanter hemmansägaren J .,NN,1912-1915,22,29,1914,1914,0d997cb6_22_29|fru|1914,"[1, 5]","[""1"", ""5""]",,2
classical,fru,fed5dd09_66_69,"( nedanföre Berndts Syfabrik ) och äfven i Bageriet tr. npp , hos Fru Sjöstedt .",NN,1880-1883,66,69,1881,1881,fed5dd09_66_69|fru|1881,"[1, 5]","[""1"", ""5""]",,0
classical,fru,86ab32bf_107_110,"Stort och välsorteradt lager af Herr , Dam- och Baraskodon Allt försäljes till de bi ilig ' ste priser oti Fru Jonssons Gkohandet .",NN,1880-1883,107,110,1882,1882,86ab32bf_107_110|fru|1882,[5],"[""5""]",5.0,2
classical,fru,87c82a55_3_6,"en fru majorskans artikel , på hvilken redaktören bortskurit en massa utväxter och svulster , så att densamma presenterade sig i mycket förkortadt skick .",NN,1880-1883,3,6,1882,1882,87c82a55_3_6|fru|1882,[1],"[""1""]",1.0,2
classical,fru,6a225e62_11_15,"Den vackra frun blef så ond , att en darrning flög igenom hela hennes gestalt .",NN,1880-1883,11,15,1883,1883,6a225e62_11_15|fru|1883,[2],"[""2""]",2.0,2
classical,fru,c0f6ef31_0_3,"fru Edson , sjelf en promoverad läkarinna , iakttager det samma i afseende på sin drägt .",NN,1880-1883,0,3,1881,1881,c0f6ef31_0_3|fru|1881,"[1, 5]","[""1"", ""5""]",,2
classical,fru,0b5e695d_85_88,Förutom att han själv var invald suppleant i styrelsen under en period arbetade hans fru som projektledare för litteraturfestivalen och avlönades .,NN,2022-2023,85,88,2022,2022,0b5e695d_85_88|fru|2022,[5],"[""5""]",5.0,2
classical,fru,90713e7e_78_81,"trappsteget och förklarade , att han under alla omständigheter måste tala wid fru Williams , och att han beflntat sjelf uppsöka henne , om ingen af de unga mamsellerna » ville anmäla honom och söra honom till henne .",NN,1880-1883,78,81,1881,1881,90713e7e_78_81|fru|1881,[5],"[""5""]",5.0,2
classical,fru,308e32d4_55_58,Vid rättegången ska bland annat den omkomne cyklistens fru vittna om att mannen framförde bilen vårdslöst och att det orsakade makens död .,NN,2022-2023,55,58,2022,2022,308e32d4_55_58|fru|2022,[5],"[""5""]",5.0,2
classical,fru,f542c94d_21_24,– Det är min brorsas fru med två barn och sedan är det hennes syster med två barn som bor i lägenheten .,NN,2022-2023,21,24,2022,2022,f542c94d_21_24|fru|2022,[5],"[""5""]",5.0,2
classical,fru,046c79c1_115_118,"Till v. ordf. valdes fröken Ostberg , Persnäs , till sekreterare fröken Lindahl , Norra Möckleby , oeh till kassör fru Erlandsson , Oskarshamn",NN,1912-1915,115,118,1913,1913,046c79c1_115_118|fru|1913,[5],"[""5""]",5.0,0
classical,fru,b383729b_78_81,"Denna , som inträffade 1909 , väckte ett oerhördt uppseende och man beskyllde fru Ewans eller grefvinnan Sponneck , som hon allt jämt kallades , för att själf ha au-",NN,1912-1915,78,81,1914,1914,b383729b_78_81|fru|1914,"[1, 5]","[""1"", ""5""]",,2
classical,fru,8ce1b492_49_52,"G . Welanders konkursmassas auktioner uppbäres i fru Alma Welanders bostad i Trekanten fredagen den 13 i denna månad kl. 10,30 f.m. — 2 , 46 e.m.",NN,1912-1915,49,52,1913,1913,8ce1b492_49_52|fru|1913,"[1, 5]","[""1"", ""5""]",,0
classical,fru,394683e9_123_126,"inom wårt samhälle stall framkalla mycken sorg och allmänt deltagande , inträffade i gä&gt ; klockan 1,43 på morgonen , då fru Mina Bäckström , som ea tid bortåt ignat sill omwårdnad åt kvinliga folkhögflolan i Oflewik , derstädes asled ester några dagars sjukdom , bestående i en stark blodstockning i hufwudet , framkallad genom några ögonblicks oförsigtig het wid badning .",NN,1880-1883,123,126,1881,1881,394683e9_123_126|fru|1881,[1],"[""1""]",1.0,1
classical,fru,d6db027_110_113,"Psykvården har tvångsomhändertagit en 42-årig man som planerade att mörda Filippa Reinfeldt , statsministerns fru .",NN,2006-2007,110,113,2007,2007,d6db027_110_113|fru|2007,[5],"[""5""]",5.0,2
classical,fru,2113e0da_24_27,"pr år började utgå till fru Påhlman , indrog komitén denna ersättning , men dess borgesmän blefvo stämda med nämnda påföljd .",NN,1912-1915,24,27,1913,1913,2113e0da_24_27|fru|1913,"[1, 5]","[""1"", ""5""]",,2
classical,fru,59ce0ae_89_92,En intern på Karlskogaanstalten matvägrar sedan 14 dagar för att han inte får träffa sin fru som avtjänar ett straff på Hinsbergsanstalten .,NN,2006-2007,89,92,2006,2006,59ce0ae_89_92|fru|2006,[5],"[""5""]",5.0,2
classical,fru,af5d5caf_16_19,"I Öfra Segern , Fru Ströms gård : 2 Lägenheter , bestående af rum och kök ; ett Rum , passande för en ungkarl eller ett mindre hushåll ; äfvensom 2 Rum i qvadraten Bommen .",NN,1880-1883,16,19,1883,1883,af5d5caf_16_19|fru|1883,"[1, 5]","[""1"", ""5""]",,2
classical,fru,5a264281_58_61,b ) Hallén : “ Wenn ich in deine Augen seh ’ “ sjungas af Fru Emma Wahlström .,NN,1880-1883,58,61,1880,1880,5a264281_58_61|fru|1880,"[1, 5]","[""1"", ""5""]",,0
classical,fru,e286d9e3_109_112,"Men han vill att människor ska tänka till då de aldrig vet hur känslan är när deras barn , mamma , vän eller fru blir så sjuk att en donation är det enda som skulle rädda personens liv .",NN,2022-2023,109,112,2022,2022,e286d9e3_109_112|fru|2022,[5],"[""5""]",5.0,2
classical,fru,2727d47d_20_23,"Tillsammans med sin fru och dotter , som också var på plats i Kazakstan , tog han sig ut till flygplatsen .",NN,2022-2023,20,23,2023,2023,2727d47d_20_23|fru|2023,[5],"[""5""]",5.0,2
classical,fru,c7697e0_27_30,Roy Rojers var ute med sin fru för att handla julklappar när han får ett telefonsamtal från dottern Jennifer som säger att främmande män ringt på ytterdörren .,NN,2022-2023,27,30,2022,2022,c7697e0_27_30|fru|2022,[5],"[""5""]",5.0,2
classical,fru,2d11331c_38_41,"Vidare upplysningar gifvas benäget af Fru Kinell , född Rudbeck , Karduansmakaregatan Jfå 8 A ,",NN,1880-1883,38,41,1882,1882,2d11331c_38_41|fru|1882,[5],"[""5""]",5.0,0
classical,fru,fc49e49_80_83,- Cyklingen betydde så mycket för mig att jag förmodligen hade kunnat sälja min fru Sanne för att uppnå mina mål .,NN,2006-2007,80,83,2007,2007,fc49e49_80_83|fru|2007,[5],"[""5""]",5.0,2
classical,fru,7fc79f3_124_128,Då berättade maken för SVT att Migrationsverkets beslut fattats på felaktiga grunder – och att myndigheten tappat bort hans frus ärende i nio månader .,NN,2022-2023,124,128,2023,2023,7fc79f3_124_128|fru|2023,[5],"[""5""]",5.0,2
classical,fru,a4e51cbd_26_29,"– Men sedan upptäckte min fru att det även fanns skadedjur i skåpen i köket också , säger Ahmad Kanoon .",NN,2022-2023,26,29,2023,2023,a4e51cbd_26_29|fru|2023,[5],"[""5""]",5.0,2
classical,fru,2345e853_57_60,"Dörren rar öppen på vid gafvel , och vid köksbordet stod fru Stretton ooh strök .",NN,1912-1915,57,60,1912,1912,2345e853_57_60|fru|1912,[5],"[""5""]",5.0,2
classical,fru,0db8a46_6_9,” Min fru och jag har haft det jobbigt en tid och vi har under en längre tid varit oense i vårt förhållande .,NN,2006-2007,6,9,2007,2007,0db8a46_6_9|fru|2007,[5],"[""5""]",5.0,2
classical,fru,59ca9f1_102_107,Tillsammans ska trion underhålla örebroarna i sommar och att det blev av kan vi tacka Pers och Peters fruar för – dom var nämligen skolkamrater på gymnasiet .,NN,2006-2007,102,107,2006,2006,59ca9f1_102_107|fru|2006,[5],"[""5""]",5.0,2
classical,fru,d6d5e83_23_28,"När det gäller männens fruar , som misstänks för inblandning , ansåg åklagaren att de bör dömas till skyddstillsyn och samhällstjänst .",NN,2006-2007,23,28,2007,2007,d6d5e83_23_28|fru|2007,[5],"[""5""]",5.0,2
classical,fru,272d5e0a_117_120,"Westminster Abbey fylldes av drygt 2000 gäster inför ceremonin , bland annat var Jill Biden och Volodymyr Zelenskyjs fru , Olena Zelenska , på plats i kyrkan och representerade sina länder .",NN,2022-2023,117,120,2023,2023,272d5e0a_117_120|fru|2023,[5],"[""5""]",5.0,2
classical,fru,9199d8c_173_176,"I dag ska israeliska soldater också ha gripit utrikesministern i den Hamasledda palestinska regeringen Nasser al-Din al-Shaer i hans hem i staden Nablus , uppger ministerns fru .",NN,2006-2007,173,176,2007,2007,9199d8c_173_176|fru|2007,[5],"[""5""]",5.0,2
classical,fru,c4c292a4_14_17,"På förslag af fru Hilda Lunell beslöts att uttala önskvärdheten af , att hälsolåra och alkohokogi finge särskild plats pä läseoTdningen .",NN,1912-1915,14,17,1915,1915,c4c292a4_14_17|fru|1915,"[1, 5]","[""1"", ""5""]",,2
classical,fru,535c7179_109_112,"som förrättas i gården 11:0 S Tid Esplanaden , torsdagen den 12 nästa september klockan half 11 f.m. , låter fru Mathilda Wahlgren försälja : 2 soffor med stolar , flera bord , 1 bokskåp , 1 trymå , 1 gungstol , 1 emmastol , sängar , blomsterbord , kommoder , 1 ljuskrona , lampor , mattor , rullgardiner med kornischer , sängkläder , glas och porslin , kökskärl , J ett antal växter m . m .",NN,1912-1915,109,112,1912,1912,535c7179_109_112|fru|1912,"[1, 5]","[""1"", ""5""]",,1
classical,fru,535b3f43_35_38,"Ho-smo syförening sammanträder hos fru Maria Jonsnon , Hossmo station , mandagen den 23 sept .",NN,1912-1915,35,38,1912,1912,535b3f43_35_38|fru|1912,[5],"[""5""]",5.0,0
classical,fru,0b559a0d_95_98,Logistiken ansvarar orienteringskollegan och den gamla världsmästaren Yuri Omelchenko och hans fru Inga Oliynyk för .,NN,2022-2023,95,98,2022,2022,0b559a0d_95_98|fru|2022,[5],"[""5""]",5.0,2
classical,fru,d6a2a73_21_26,"Dels från män , vars fruar eller sambor råkat öppna kuverten , men också från de bedragna kvinnorna .",NN,2006-2007,21,26,2007,2007,d6a2a73_21_26|fru|2007,[5],"[""5""]",5.0,2
classical,fru,a9c28934_39_43,"sköta ett mindre barn och äfven kan gå frun tillhanda med de göromål som kunna förokomma i ett mindre hushåll , kan få plats , om anmälan göres hos Fru Sundström , Apotekshuset å K. Djurgården En ordentlig Flicka kan få tjenst nu genast i As 22 Tullportsgatän å Norr , 2:dra gården , 3 tr. upp , högra tamburen .",NN,1880-1883,39,43,1883,1883,a9c28934_39_43|fru|1883,"[3, 5]","[""3"", ""5""]",,1
classical,fru,93ad007c_128_132,"Kvinnan , som är i 30-årsåldern , har skickat textmeddelanden till en närstående till politikern i tron att det var politikerns frus telefonnummer .",NN,2022-2023,128,132,2022,2022,93ad007c_128_132|fru|2022,[5],"[""5""]",5.0,2
classical,fru,d6d19e7_29_32,Han äger tillsammans med sin fru en tredjedel av familje- företaget som bedriver omsorgs- verksamhet för funktionshindrade .,NN,2006-2007,29,32,2006,2006,d6d19e7_29_32|fru|2006,[5],"[""5""]",5.0,2
classical,fru,91a41df_75_78,När president Putin utlyste mobilisering i september sa Adam adjö till sin fru och flyttade ut i skogen .,NN,2022-2023,75,78,2023,2023,91a41df_75_78|fru|2023,[5],"[""5""]",5.0,2
classical,fru,4a78563b_123_130,"Innan kvällen hade alla Svenssons kunder reda på dynamithistorien , men nu lät det en smula annorlunda bland madamerna och fruarna och fröknarna och jungfrurna .",NN,1912-1915,123,130,1914,1914,4a78563b_123_130|fru|1914,[1],"[""1""]",1.0,2
classical,fru,7932cfb0_90_94,"Men det är ligament , senor och annat som de ska kolla på med magnetröntgen i dag , säger frun Lisen Bratt Fredricson och fortsätter :",NN,2022-2023,90,94,2023,2023,7932cfb0_90_94|fru|2023,[5],"[""5""]",5.0,2
classical,fru,8a0097f5_15_18,"Och nu , medan fru Lenz med en ljum svamp tvättade de nedsmutsade små fötterna , var det som skulle allt det myckna , hon under dagens sista timmar fått lida , fram ur det plågade barnahjärtat .",NN,1912-1915,15,18,1913,1913,8a0097f5_15_18|fru|1913,"[1, 5]","[""1"", ""5""]",,2
classical,fru,2e670ee3_95_98,"godhet af förhörsdomaren , hon hade så godt samvete , och det förekom henne så otänkbart , att fru Raynaud trots sin sjukdom icke skulle skynda att befria henne , att lion förtröstansfullt afvaktade sin befrielsetimma .",NN,1880-1883,95,98,1880,1880,2e670ee3_95_98|fru|1880,[5],"[""5""]",5.0,0
classical,fru,793ebaf4_28_31,Kraschar rakt in i sin egen fru : ” Varför flyttade hon sig inte ? ”,NN,2022-2023,28,31,2022,2022,793ebaf4_28_31|fru|2022,[5],"[""5""]",5.0,2
classical,fru,329a16_156_159,"Hans arbete har bland annat bestått i att betala ut bidrag till personliga assistenter , något han uttnyttjat för att betala ut bidrag till sig själv , sin fru och ett par i hans vänskapskrets .",NN,2006-2007,156,159,2007,2007,329a16_156_159|fru|2007,[5],"[""5""]",5.0,2
classical,fru,a4e7122d_6_9,"– Min fru fick höra att jag kanske inte skulle klara mig , säger han .",NN,2022-2023,6,9,2023,2023,a4e7122d_6_9|fru|2023,[5],"[""5""]",5.0,2
classical,fru,978910eb_48_51,"— Aj , aj , aj 1 börjar nv åter Fritz , som vid fru Wehmaiers spöklika uppenbarelse hade varit tyst en ■ tund .",NN,1912-1915,48,51,1915,1915,978910eb_48_51|fru|1915,[5],"[""5""]",5.0,0
classical,fru,f5d63a3d_63_66,"När middagen var klut , samlade sig de flesta herrarna omkring fru Berners systerdotter , Joan Douglas , på klubbens krocketplan , och hon underhöll dem alla .",NN,1912-1915,63,66,1912,1912,f5d63a3d_63_66|fru|1912,"[1, 5]","[""1"", ""5""]",,2
classical,fru,9d6cb80a_124_127,"den femte i ordningen , var i lördags anordnad å Malungs folkhög:ko !a , livarvid medverkade fru Jakobson samt kandidat och fru Lindeberg äfvensom eleverna ( med unison snng ) .",NN,1912-1915,124,127,1913,1913,9d6cb80a_124_127|fru|1913,[1],"[""1""]",1.0,0
classical,fru,1c017620_17_20,"i Btnnbo talade- fru Ester Holmgren , i S.timm:rlo prosten EuhörT ; i ' .ig och pastor Franzén , i Lernko kyrkoh .",NN,1912-1915,17,20,1915,1915,1c017620_17_20|fru|1915,"[1, 5]","[""1"", ""5""]",,0
classical,fru,152fbec3_83_86,Inte minst på sociala medier – där Smith både hyllats för att ha stått upp för sin fru men också kritiseras hårt för sitt våld .,NN,2022-2023,83,86,2022,2022,152fbec3_83_86|fru|2022,[5],"[""5""]",5.0,2
classical,fru,7446ba66_191_195,"En med doften af torkade blommor uppfylld luft slog emot henne , och den djupt stående eftermiddagssolen lyste in genom de rödblommiga brokadgardinerna , öfver denna tröskel skulle den hvita frun hafva smugit sig , och där hade man också trott sig se den furielika , i spindelväf höljda fru Judit ; men öfver denna tröskel hade åfven små fötter på höga klackar trippaf från praktrummen till packhusvindea , och förskräckt folket f huset och ånyo upplifvat sagan om den kringvandrande sköna Dora .",NN,1912-1915,191,195,1913,1913,7446ba66_191_195|fru|1913,[2],"[""2""]",2.0,1
classical,fru,e0bccf11_82_85,"De två nämndemännen som kritiserats för att ha friat en man för misshandel av sin fru , bland annat för att han ” har en god familj ” till skillnad från henne , utesluts ur partiet av Centerns partistyrelse .",NN,2018-2019,82,85,2018,2018,e0bccf11_82_85|fru|2018,[5],"[""5""]",5.0,2
classical,fru,885b6f2f_186_189,"I November i fjor voro en del arbetare , anstälda hos firman John Aird and Son sselsatta med att stenlägga en del af sy , Gc ommercialroad ; härvid flög en stenskärfva upp och sårade en fru Spillane , som stod i sin öppna butikdörr , venstra ögat .",NN,1896-1899,186,189,1896,1896,885b6f2f_186_189|fru|1896,"[1, 5]","[""1"", ""5""]",,1
classical,fru,93a64d90_66_69,En ständig oro för barnens säkerhet gjorde att de Khaled och hans fru tog det svåra beslutet att fly sitt hemland .,NN,2018-2019,66,69,2018,2018,93a64d90_66_69|fru|2018,[5],"[""5""]",5.0,2
classical,fru,272b479b_152_155,"Han är republikan och får många att tävla mot om sitt partis nominering , inte minst Jeb Bush som är sprungen ur en presidentfamilj och dessutom har en fru som hör hemma i den växande väljargrupp som har latinamerikanska rötter .",NN,2014-2015,152,155,2015,2015,272b479b_152_155|fru|2015,[5],"[""5""]",5.0,1
classical,fru,f806cf7d_179_183,"generalpoststyrelsen har förordnat mig och jag tänker inte rymma fältet , jag tänker stanna och sköta min befattning och dermed punkt , i trots af en liten nervös och misstänksam frus nycker .",NN,1896-1899,179,183,1896,1896,f806cf7d_179_183|fru|1896,"[2, 5]","[""2"", ""5""]",,2
classical,fru,f081bc42_24_27,"Bräkne häradsrätt , der fru Smith 1891 sökte boskilnad , fann , som bekant , i dom den 5 juni 1893 , ådagalagdt , attin- Smith öfvergifvit sin hustru och icke vårdat sig om boets gemensamma angelägenheter samt derigenom missbrukat sitt målsmanskap .",NN,1896-1899,24,27,1896,1896,f081bc42_24_27|fru|1896,"[1, 5]","[""1"", ""5""]",,0
classical,fru,272c6bdf_87_90,"Mubarek berättar att han flydde från sitt hem i Parwan , i norra Afghanistan , med sin fru och deras tre söner .",NN,2014-2015,87,90,2015,2015,272c6bdf_87_90|fru|2015,[5],"[""5""]",5.0,2
classical,fru,266e741a_58_61,"S. Wuile , Amerika ; fru Whitman , _ fru Crosby Whitman , fru Garrard med familj , miss Kibly , professor Lems med fru , miss Lems och miss Ingham , San Fransisco ; ingeniör Weisblott och handl .",NN,1888-1891,58,61,1890,1890,266e741a_58_61|fru|1890,"[1, 5]","[""1"", ""5""]",,0
classical,fru,bc602e0e_30_33,"Deltagande , Med anledning af fru Anna Melanders frånfälle har riksantikvarien Hildebrand från kronprinsessan erhållit i uppdrag att till re daktör Melander frandbära uttrycken af h . k. h:ts hjärtliga deltagande , meddelar Ölandsbladet .",NN,1904-1907,30,33,1905,1905,bc602e0e_30_33|fru|1905,"[1, 5]","[""1"", ""5""]",,0
classical,fru,387f9dc4_6_9,"Efter fru Nansens ankomst till Hammerfest gafs fest på rådhuset , som var prydt med flaggor , isbjörnhudar och vackra växfdekorationer samt strålade i elektriskt ljus .",NN,1896-1899,6,9,1896,1896,387f9dc4_6_9|fru|1896,"[1, 5]","[""1"", ""5""]",,2
classical,fru,4289d5a3_0_3,"fru , som är kunnig i alla husliga göromäl och en längre tid innehast plats sfisom sfidan , erhfiller plats den 24 april detta är .",NN,1888-1891,0,3,1890,1890,4289d5a3_0_3|fru|1890,"[3, 5]","[""3"", ""5""]",,2
classical,fru,fc3a2abc_28_31,"Andreas Granqvists och hans fru Sofies barn var beräknat tills idag , men än så länge har hon inte kommit .",NN,2018-2019,28,31,2018,2018,fc3a2abc_28_31|fru|2018,[5],"[""5""]",5.0,2
classical,fru,9a05db5e_20_23,"Tillsammans med sin fru måste han få ihop 100 kronor om dagen för att få ihop till de två döttrarnas mat , skola och uppehälle i Rumänien .",NN,2018-2019,20,23,2019,2019,9a05db5e_20_23|fru|2019,[5],"[""5""]",5.0,2
classical,fru,35b3ef87_88_91,Tvärtom njöt hon af tanken att kunna få triumfera öfver den stolta fröken de Beaulieu i fru de Prefonts närvaro .,NN,1896-1899,88,91,1897,1897,35b3ef87_88_91|fru|1897,[1],"[""1""]",1.0,2
classical,fru,93ad834f_52_55,Carl Philip är hertig av Värmland och hans blivande fru Sofia kommer att bli hertiginna av Värmland efter vigseln i sommar .,NN,2014-2015,52,55,2015,2015,93ad834f_52_55|fru|2015,[5],"[""5""]",5.0,2
classical,fru,dd982ad4_11_14,"Nansen med fru har återvändt till Tromsö , der embarkera de å Fram och medfölja till Kristiania , dit framkomsten eger rum i slutet af månaden .",NN,1896-1899,11,14,1896,1896,dd982ad4_11_14|fru|1896,[5],"[""5""]",5.0,2
classical,fru,28a9e0fc_15_18,Nazif och hans fru Genta bestämde sig för att flytta efter att de sett ett program på tv om sjukvården i Sverige .,NN,2014-2015,15,18,2015,2015,28a9e0fc_15_18|fru|2015,[5],"[""5""]",5.0,2
classical,fru,a35df943_69_72,"Anderson , kamrer K. Bergman och Elna Bergman , artisten Axel Borg , fru Augusta Gyllander , fröken Amalia Gyl lander , fru Hulda Hollingworth och fröken Valborg Hollingworth , fröken Ellen Victorin , alla från Örebro , bruks förvaltaren K .",NN,1888-1891,69,72,1890,1890,a35df943_69_72|fru|1890,"[1, 5]","[""1"", ""5""]",,0
classical,fru,0db109c4_4_7,"Min fru frågade här om dagen vad det var för fel på mig för att jag var så glad när jag kom hem , så det är verkligen positivt för mig .",NN,2014-2015,4,7,2015,2015,0db109c4_4_7|fru|2015,[5],"[""5""]",5.0,2
classical,fru,9c58f464_221_224,"Ödman , Lund ; hr O. A . Wahlberg m . fru , Stockholm ; friherrinnan Cecilia Cederström , Stockholm ; Kapten Villiam Apenes , Kristiania ; hr C . W. Bergman m . familj , Norrköping ; kyrkoherden E. J . Holmberg , Tierp ; fru Hermansen m . son , Kristiania hr C . W. Bergman m .",NN,1888-1891,221,224,1888,1888,9c58f464_221_224|fru|1888,"[1, 5]","[""1"", ""5""]",,0
classical,fru,da3efa41_85_88,"Det tog lång tid innan jag insåg att jag ville ge upp , men till sist ringde jag min fru för att säga adjö , säger Reine Ullén .",NN,2014-2015,85,88,2015,2015,da3efa41_85_88|fru|2015,[5],"[""5""]",5.0,2
classical,fru,327a59a_94_97,"Shinkawa berättar att han överlevde genom att klamra sig fast på sitt eget tak , men att hans fru sköljdes iväg med flodvågen och försvann .",NN,2010-2011,94,97,2011,2011,327a59a_94_97|fru|2011,[5],"[""5""]",5.0,2
classical,fru,fc36e83c_20_23,"- Frågan är hur min fru ska stå ut med mig ... det blir hon som får ta all skit , svarade han och bjöd , faktiskt , på ett leende .",NN,2010-2011,20,23,2011,2011,fc36e83c_20_23|fru|2011,[5],"[""5""]",5.0,2
classical,fru,91a1793e_23_26,"Samtidigt skriver hans fru , författaren MacKenzie Bezos , på Twitter att Jeff får behålla 75 procent av deras gemensamma aktier .",NN,2018-2019,23,26,2019,2019,91a1793e_23_26|fru|2019,[5],"[""5""]",5.0,0
classical,fru,2720d3fb_63_68,"USA vill att Pakistan tillåter förhör med Usama bin Ladins tre fruar för att få mer information om hans terrornätverk , sade Vita husets talesman Jay Carney på måndagen .",NN,2010-2011,63,68,2011,2011,2720d3fb_63_68|fru|2011,[5],"[""5""]",5.0,2
classical,fru,1528b39e_147_150,"En vacklande hälsa tvingade Nyman att ställa in en del åtaganden , men hon kom tillbaka och till hennes senare insatser hör bland annat rollen som Fru Håkansson i SVT-serien ” Den som viskar ” .",NN,2010-2011,147,150,2011,2011,1528b39e_147_150|fru|2011,"[1, 5]","[""1"", ""5""]",,2
classical,fru,5163450_174_177,"Katarina Lindberg var jouråklagare den natten och det var hon som tog beslutet om att inte anhålla mannen , som gripits efter att han ska ha hotat  misshandlat sin föredetta fru .",NN,2014-2015,174,177,2014,2014,5163450_174_177|fru|2014,[5],"[""5""]",5.0,2
classical,fru,f54619ec_116_119,"ÖSTERSUND En 28-årig man från Västjämtland åtalas för grov misshandel och olaga hot , sedan han attackerat både sin fru och en man med kniv .",NN,2010-2011,116,119,2010,2010,f54619ec_116_119|fru|2010,[5],"[""5""]",5.0,2
classical,fru,d6973e54_72_75,"– Om jag vore ensam skulle jag inte lita på larmet , men nu har jag min fru , säger Bosse Johansson .",NN,2014-2015,72,75,2014,2014,d6973e54_72_75|fru|2014,[5],"[""5""]",5.0,2
classical,fru,365fdb28_137_140,"i Malmö , Kalendegatan 7 ( Fru J . Löwegren ) , I.iiikI , Bredgatan 23 ( Frii A . Lewenhagen ) , I.audsKrona , Torget 12 , telefon 147 ( Fru C . Lauritzen ) , tillhandahålla dugliga och vid sjukhus utbildade sjuksköterskor , såväl för tillfällig sjukvård sorn för fasta platser .",NN,1896-1899,137,140,1897,1897,365fdb28_137_140|fru|1897,"[1, 5]","[""1"", ""5""]",,0
classical,fru,93a2f238_27_31,"Än så länge klarar han och frun av att bo kvar i huset , men det är mycket att sköta om på den stora branta tomten med flera byggnader .",NN,2018-2019,27,31,2018,2018,93a2f238_27_31|fru|2018,[5],"[""5""]",5.0,2
classical,fru,828d632_16_19,"– Jag har ingen fru , inga barn , allt jag har är min music och mina fans , och de ska ingen jävlas med på något sätt , säger Joey deMaio",NN,2010-2011,16,19,2011,2011,828d632_16_19|fru|2011,[5],"[""5""]",5.0,2
classical,fru,637adf74_0_4,"Frun blir missnöjd ; tjenstflickan likaledes och så flyttar denna från hern till hern , i hopp ali det skall vara bättre på det nya stället , utan att förstå , ali felet mest ligger i hennes egen försummade uppfostran .",NN,1888-1891,0,4,1890,1890,637adf74_0_4|fru|1890,[3],"[""3""]",3.0,2
classical,fru,8f362dd5_149_152,"– Jag tjänar 173 kronor i timmen , plus ackordsersättning , så jag känner mig som svensk , skrattar Bogdan som nu har flyttat till Linköping med sin fru och sitt barn .",NN,2014-2015,149,152,2015,2015,8f362dd5_149_152|fru|2015,[5],"[""5""]",5.0,2
classical,fru,e0b24744_37_40,"I våras styckade en man i Spånga sin fru och eldade upp delar av kroppen , han friades för mord men nu överklagar åklagaren domen .",NN,2018-2019,37,40,2018,2018,e0b24744_37_40|fru|2018,[5],"[""5""]",5.0,2
classical,fru,f348ec2a_75_78,Idag startade rättegången mot den 42-årige man som misstänks ha mördat sin fru i deras bostad på Ersboda i Umeå den första maj tidigare i år .,NN,2018-2019,75,78,2018,2018,f348ec2a_75_78|fru|2018,[5],"[""5""]",5.0,2
classical,fru,852fe8c_94_97,En tragisk händelse inträffade i januari när en 63-årig man mitt på dagen tillsammans med sin fru cyklade förbi ett föremål som låg på marken i Vårby gård .,NN,2018-2019,94,97,2018,2018,852fe8c_94_97|fru|2018,[5],"[""5""]",5.0,2
classical,fru,16be9a09_124_129,"Det finnes bestämdt mer smuts i Småland än på andra håll ; folket är så förtvifladt fint , att det låter smutsen sitta kvar Fruar och jungfrur ha så vant sig vid den , att de se den ej .",NN,1904-1907,124,129,1905,1905,16be9a09_124_129|fru|1905,"[2, 3]","[""2"", ""3""]",,2
classical,fru,14f6a734_136_139,"En krönikör i en Halmstadstidning anmärker helt skämtsamt , att sällskapet har att framvisa sådana prof på frodig realism i konsten som fru Lund och fröken Jensen , men ändå kan hr Holmström i "" Rigoletto "" ligga och sjunga : "" Ack som ett fjun så lätt är hvarje qvinna "" .",NN,1888-1891,136,139,1888,1888,14f6a734_136_139|fru|1888,"[1, 5]","[""1"", ""5""]",,1
classical,fru,461f7e56_51_54,"Till stadens fattiginrättning har sterbhuset efter fru Wilhelmina Wallenberg stänkt en summa af 76 kr. , att pä begrafningsdaqen utdelas till de ä fattighuset intagna hjonen med 1 kr .",NN,1888-1891,51,54,1888,1888,461f7e56_51_54|fru|1888,"[1, 5]","[""1"", ""5""]",,2
classical,fru,152e86c9_31_34,"Nu stämmer politikern och hans fru flera franska medier och Sarkozys rådgivare , eftersom de anser att deras privatliv har blivit kränkt .",NN,2010-2011,31,34,2011,2011,152e86c9_31_34|fru|2011,[5],"[""5""]",5.0,2
classical,fru,d8883f4a_18_21,"Då ringde jag min fru och frågade om hon stod bakom mig , sedan jobbade jag 43 timmar den helgen , säger enhetschefen Maher Akob .",NN,2014-2015,18,21,2015,2015,d8883f4a_18_21|fru|2015,[5],"[""5""]",5.0,2
classical,fru,e0b1d3da_78_81,I dag dömdes den 43-årige man som inför ögonen på sina fyra barn knivhögg sin fru till döds i Skärholmen i somras .,NN,2010-2011,78,81,2011,2011,e0b1d3da_78_81|fru|2011,[5],"[""5""]",5.0,2
classical,fru,f059c68a_26_30,Han berättade att han och frun gick och höll varsitt barn i handen när ljudet från lastbilen signalerade fara och de slängde sig in i en butik,NN,2018-2019,26,30,2018,2018,f059c68a_26_30|fru|2018,[5],"[""5""]",5.0,2
classical,fru,f34c8094_21_24,Men vinsten får hans fru Jenny ta hand om eftersom hon – enligt Eric – fick försaka så mycket under byggtiden .,NN,2010-2011,21,24,2010,2010,f34c8094_21_24|fru|2010,[5],"[""5""]",5.0,2
classical,fru,32fbd30d_63_66,"Det var i mitten av maj som mannen var ute på promenad med sin fru längs en å i Emmaboda , när elrullstolen fastnade med ena hjulet i gräset .",NN,2018-2019,63,66,2018,2018,32fbd30d_63_66|fru|2018,[5],"[""5""]",5.0,2
classical,fru,e9012072_45_48,"Efter kaffeserveringen , som värkställdes af fru Ström , höll soldaten n:o 69 Melin ett för tillfället väl passande tal , och tackads å allas vägnar den som tillställt fästén samt underofficerarna , för att de infunnit sig .",NN,1904-1907,45,48,1904,1904,e9012072_45_48|fru|1904,"[1, 5]","[""1"", ""5""]",,2
classical,fru,d0cf4d45_68_71,"Ja , utanskriften lydde : Fröken Si¬ mone , tvättförestånderska hos fru Dubief , uppfostrarinna , Rue de Ia Ville-d ’ Evéque , Paris .",NN,1904-1907,68,71,1904,1904,d0cf4d45_68_71|fru|1904,"[1, 5]","[""1"", ""5""]",,0
classical,fru,828c656_105_108,GÄVLE : Idag åtalades en man i 50-årsåldern misstänkt för mordförsök sedan han i höstas tände eld på sin fru i parets lägenhet på Öster i Gävle .,NN,2010-2011,105,108,2010,2010,828c656_105_108|fru|2010,[5],"[""5""]",5.0,2
classical,fru,32f5ffaa_75_78,"Först på lördagseftermiddagen när Kent Johansson , som tillsammans med sin fru har hand om bokningarna , körde förbi bygdegården förstod han att det var Nordiska motståndsrörelsen som höll till där .",NN,2018-2019,75,78,2019,2019,32f5ffaa_75_78|fru|2019,[5],"[""5""]",5.0,2
classical,fru,4ad6c61_3_6,"En fru , som väntade sin nedkomst , såg den 5 Mars i drömmen sin längesedan döde fader ; han hade i sin hand en almanacka och pekad » på den 22 Mars .",NN,1904-1907,3,6,1904,1904,4ad6c61_3_6|fru|1904,[5],"[""5""]",5.0,2
classical,fru,dc44842_4_7,Min fru jobbar som sjuksköterska men både läkare och flera andra sjuksköterskor sitter fast i Europa eller är på väg hem .,NN,2010-2011,4,7,2010,2010,dc44842_4_7|fru|2010,[5],"[""5""]",5.0,2
classical,fru,91a6f0bb_85_89,Det första Suchrob Kamolov gjorde när han släpptes ut i fredags var att åka hem till frun och barnen som han inte sett på över ett och ett halvt år .,NN,2010-2011,85,89,2011,2011,91a6f0bb_85_89|fru|2011,[5],"[""5""]",5.0,2
classical,fru,7e173a3a_111_114,"En äldre , allvarlig , ordentlig och duktig köksa , kunnig i matlagning och bak samt med föresats att vara sin fru till nytta , får bra plats den 24 april , om snart svar gifves till » Fru Eva » , Kalmar , poste restante .",NN,1896-1899,111,114,1897,1897,7e173a3a_111_114|fru|1897,[5],"[""5""]",5.0,1
classical,fru,91a778d9_12_15,Puigdemonts fru Marcela Topor säger till tidningen El Punt Avui att hennes man sagt till henne att våld inte är vägen framåt i konflikten .,NN,2018-2019,12,15,2018,2018,91a778d9_12_15|fru|2018,[5],"[""5""]",5.0,2
classical,fru,f54e544c_43_46,"En man åtalades för att ha misshandlat sin fru , men friades för att han ” kom från en god familj ” .",NN,2018-2019,43,46,2018,2018,f54e544c_43_46|fru|2018,[5],"[""5""]",5.0,2
classical,fru,4d06311e_20_23,"Vi stego ur och min fru , som hade ondt i foten , satte sig på ett af klipputsprången och då hon skulle draga af sig en sko förlorade hon jemnvigten och störtade ned i djupet . » Derpå frågade värden bestört : » Hvarför vände ni er ej genast till vederbörande ? » » Jag skall göra det i morgon .",NN,1896-1899,20,23,1898,1898,4d06311e_20_23|fru|1898,[5],"[""5""]",5.0,1
classical,fru,9a0fea33_116_121,"Tingsrätt har ålagt författaren Åsne Seierstad att betala 120.000 kronor i skadestånd till en av Kabulbokhandlarens fruar , Suraia Rais .",NN,2010-2011,116,121,2010,2010,9a0fea33_116_121|fru|2010,[5],"[""5""]",5.0,2
classical,fru,8f317869_18_21,"Skillnaden är att Fru Gårman har klänning , längre hår och är lite mer finlemmad än sin mer kände manlige kollega som har byxor och är kortklippt .",NN,2010-2011,18,21,2010,2010,8f317869_18_21|fru|2010,"[1, 2]","[""1"", ""2""]",,2
classical,fru,0db5df9_77_80,"DALARNA SVT:s utrikeskorrespondent Bert Sundström från Borlänge är hemma hos fru igen , efter att ha vårdats på sett sjukhus i Sverige .",NN,2010-2011,77,80,2011,2011,0db5df9_77_80|fru|2011,[5],"[""5""]",5.0,2
classical,fru,ae4bce70_95_98,"Bland annat skulle han stå för alkoholen på inte mindre än tre 50-årsfester , att han och hans fru skulle fira deras tioåriga förlovingsdag .",NN,2018-2019,95,98,2018,2018,ae4bce70_95_98|fru|2018,[5],"[""5""]",5.0,2
classical,fru,ff45fc76_134_137,"Kalmar ; fröken H . Lindh , Borgå ; fröken I . Lindfors , Helsingfors ; fröken A . Schildt , Umeå ; organist C . Hoffman , Ntestved ; fru C Löfgren m . dotter , Karlshamn ; fröken li .",NN,1888-1891,134,137,1891,1891,ff45fc76_134_137|fru|1891,"[1, 5]","[""1"", ""5""]",,0
classical,fru,e287b900_19_22,"Även hans familj ; fru och fyra barn , upplevde händelsen som så mardrömslik att man nu tagit kontakt med en barnpsykolog .",NN,2010-2011,19,22,2010,2010,e287b900_19_22|fru|2010,[5],"[""5""]",5.0,2
classical,fru,edefc548_328_331,"Kronprinsen hade till höger om sig excellensen Boström och statsrädinnan , friherre Rappe , excellensen Gram och statsrädinnan Stang-Lund , statsrädet Wikblad och statsfrun von Krusenstjerna ; pä kronprinsens wenstra sida sutto fru Gram och excellensen , grefwe Douglas , statsrädinnan Christerson och excellensen Schweigaard , fru Abelin och statsrädet Giljam , hoffröken Nordenfelt och statsrädet Annerstedt .",NN,1896-1899,328,331,1896,1896,edefc548_328_331|fru|1896,"[1, 5]","[""1"", ""5""]",,1
classical,fru,0b843247_3_6,En fru upptäckte att ett litet barn endast tio månader gammalt ännu fanns kvar i den briananda byggnaden och man kunde höra dess skrik .,NN,1904-1907,3,6,1907,1907,0b843247_3_6|fru|1907,"[2, 5]","[""2"", ""5""]",,2
classical,fru,1050ac67_19_22,"Lik sin förebild , fru Nora , insåg hon icke , att det kunde vara något orätt i att skrifva falskt , ja , förledde till och med sin son alt begå en liknande oskyldig liten falskskrifning och erkände fullkomligt uppriktigt , att hon kanske hade sagt några små osanningar för att rädda sig undan följderna af sitt naiva , barnsliga infall .",NN,1888-1891,19,22,1889,1889,1050ac67_19_22|fru|1889,[1],"[""1""]",1.0,1
classical,fru,772d170d_45_48,"Som ett ganska roligt drag kan anföras , att fru Cannons man , herr Hugo Cannon , sorn är en ifrig försvarare af guldfoten , förde ett rasande krig med sin fru .",NN,1896-1899,45,48,1896,1896,772d170d_45_48|fru|1896,"[1, 5]","[""1"", ""5""]",,2
classical,fru,91aff95a_101_104,"Tidigare på tisdagen räddades även en gravid kvinna och hennes två små barn , samt en polis och hans fru , ur sina sönderfallna hus .",NN,2010-2011,101,104,2011,2011,91aff95a_101_104|fru|2011,[5],"[""5""]",5.0,2
classical,fru,91aaa992_16_19,Hans före detta fru som han var ihop med i tio år uppger att han aldrig var engagerad i Wikileaks .,NN,2018-2019,16,19,2019,2019,91aaa992_16_19|fru|2019,[5],"[""5""]",5.0,2
classical,fru,16a58733_116_119,"Af alla i Sverige under medeltiden borna vöre det endast en , som kunde sägas hafva vunnit verldsrykte , och det är fru Birgitta , om hvilken bär är fråga .",NN,1888-1891,116,119,1891,1891,16a58733_116_119|fru|1891,[1],"[""1""]",1.0,2
classical,fru,7aa75134_0_3,"Fru Fina Lindström , hvilken för ett pär år sedan lät så mycket tala örn sig genom sitt mystiska försvinnande , dertill föranledd af en till namnet omvänd jude , har nu åter varit utsatt för en olycka , i det hon fallit och afbrutit sitt ena ben .",NN,1888-1891,0,3,1890,1890,7aa75134_0_3|fru|1890,"[1, 5]","[""1"", ""5""]",,1
classical,fru,152194b8_45_49,"Hilde Wangel är ett äppelkindat litet barn i Frun från havet , styvdotter till huvudrollen och inte mycket äldre när hon utkräver det den gamle Byggmästare Solness en gång lovade henne samtidigt som han tryckte henne mot bokhyllan i hennes fars bibliotek .",NN,2018-2019,45,49,2019,2019,152194b8_45_49|fru|2019,[2],"[""2""]",2.0,1
classical,fru,9a0482e1_47_50,Enligt Julin har Martin Schibbye kontaktat sin fru och då sagt att en av dem är skottskadad i armen och den andre i bröstet .,NN,2010-2011,47,50,2011,2011,9a0482e1_47_50|fru|2011,[5],"[""5""]",5.0,2
classical,fru,152ca6d8_229_232,"I pressmeddelandet uttrycker den norska Nobelkommittéens ledare även tacksamhet gentemot Tysklands förbundskansler Angela Merkel för hennes och landets ” orubbliga stöd ” först till den fängslade Liu Xiaobo och därefter för hans fru , Lui Xia .",NN,2018-2019,229,232,2018,2018,152ca6d8_229_232|fru|2018,[5],"[""5""]",5.0,1
classical,fru,28a92979_100_105,"Men eftersom det framkommit att mannen tecknat försäkringar med förfalskade namnteckningar och utan fruns vetskap är det bedrägeri , menar Anders Lindstrand , utredningsansvarig på If .",NN,2014-2015,100,105,2015,2015,28a92979_100_105|fru|2015,[5],"[""5""]",5.0,2
classical,fru,feb87b30_277_281,"» Nå , herr doktor , » frågade Karzof orolig , » hvad är er tanke ? » Läkaren förvissade sig om , att dörren var ordentligt tillsluten , och sade derefter sakta : » Det tjenar ingenting till att föra er bakom ljuset inom sex veckor är allt slut . » » Det är omöjligt ! » skrek frun , under det hennes händer krampaktigt knöto sig .",NN,1896-1899,277,281,1896,1896,feb87b30_277_281|fru|1896,"[2, 5]","[""2"", ""5""]",,1
classical,fru,28ad8286_112_115,"Jag har redan mina barn i Sverige , säger Adderad Rasheed , som är i 50-årsåldern och reser tillsammans med sin fru .",NN,2014-2015,112,115,2015,2015,28ad8286_112_115|fru|2015,[5],"[""5""]",5.0,2
classical,fru,91a20367_64_68,Bland annat skriver beslutsfattaren att det inte är troligt att frun skulle berätta för hans pappa innan hon konfronterar Baker själv .,NN,2014-2015,64,68,2014,2014,91a20367_64_68|fru|2014,[5],"[""5""]",5.0,2
classical,fru,a5ada583_73_77,"Samma sommar var jag med öfverallt , där turnej hölls , och för min höga frus skull bröt jag mången god lans .",NN,1904-1907,73,77,1907,1907,a5ada583_73_77|fru|1907,[5],"[""5""]",5.0,2
classical,fru,272984b8_177_182,"Nhleko hade i sin utredning bland annat kommit fram till att den enorma swimmingpool som byggts i anslutning till Zumas hem inte främst var avsedd för presdienten och hans fyra fruar , utan i själva verket varit absolut nödvändig för brandsäkerheten , detta trots att poolen , enligt uppgift , helt saknar pumpar för att använda vid eldsvåda .",NN,2014-2015,177,182,2015,2015,272984b8_177_182|fru|2015,[5],"[""5""]",5.0,1
classical,fru,11f54715_21_24,"Den sörjande änkan , fru Cook , har för länge sedan lemnat skådeplatsen för sin olycka och återvändt till Europa med första kvartalet af sin pension , som den brittiska regeringen beviljat henne .",NN,1896-1899,21,24,1897,1897,11f54715_21_24|fru|1897,"[1, 5]","[""1"", ""5""]",,2
classical,fru,e28e9e34_41_44,En man som åtalats för att ha mördat sin fru och parets två små barn i Göteborg i höstas lider av en allvarlig psykisk störning .,NN,2018-2019,41,44,2019,2019,e28e9e34_41_44|fru|2019,[5],"[""5""]",5.0,2
classical,fru,57ac8c9_19_22,"Följden blef , att fru L . framstod som en fullt aktningsvärd person och att hennes praktik fick samma betyg .",NN,1904-1907,19,22,1906,1906,57ac8c9_19_22|fru|1906,"[1, 5]","[""1"", ""5""]",,2
classical,fru,c1198a9b_106_109,"stadgad och allvarlig , något kunnig i enklare matlagning , erhåller plats den 24 instundande oktober hos Fru SOFIA LINDVALL , 132 Fabriksgat .",NN,1904-1907,106,109,1905,1905,c1198a9b_106_109|fru|1905,"[1, 5]","[""1"", ""5""]",,0
classical,fru,2727c42c_68_73,Pakistan tycks nu vara berett att låta USA förhöra Usama bin Ladins fruar som levt med honom i huset i Abbottabad i Pakistan där han dödades för en vecka sedan .,NN,2010-2011,68,73,2011,2011,2727c42c_68_73|fru|2011,[5],"[""5""]",5.0,2
classical,fru,eefe9fae_51_54,"Alldeles obekant här är han emellertid ej , ty vid fru Acktés gästspel i vintras kom han och räddade operan ur en prekär situation .",NN,1904-1907,51,54,1904,1904,eefe9fae_51_54|fru|1904,[1],"[""1""]",1.0,2
classical,fru,1521de99_160_163,Handlingen i serien är än så länge en väl förborgad hemlighet men det lär kretsa kring det gifta paret Harmon – den känslige terapeuten Ben och hans färgstarka fru Vivien .,NN,2010-2011,160,163,2011,2011,1521de99_160_163|fru|2011,[5],"[""5""]",5.0,2
classical,fru,814e5e93_9_13,"Den unga frun båstads en hastig blick på nunnan , der bo » satt mod det bleka ansiktet inramadt af det hvita doket , svagt belyst af nattlampan , under det den svartklädda gestalten smälte samman med rummets skuggor .",NN,1896-1899,9,13,1896,1896,814e5e93_9_13|fru|1896,[2],"[""2""]",2.0,2
classical,fru,6dce089a_58_61,Fury har fyra barn – två söner och två döttrar – och hans fru Paris är gravid med parets femte .,NN,2018-2019,58,61,2018,2018,6dce089a_58_61|fru|2018,[5],"[""5""]",5.0,2
classical,fru,91a4f7d7_34_39,Flankerad av fyra av sina tretton fruar och en grupp barbröstade tonårsflickor kallade kungen viruset för ” en terrorist ” och sade : ” håll er borta från aktiviteter som kan göra att ni blir smittade . ”,NN,2010-2011,34,39,2011,2011,91a4f7d7_34_39|fru|2011,[5],"[""5""]",5.0,2
classical,fru,e8a54eb_38_41,"Hon sörjes närmast af en styfdotter , fru Elise Cullberg , född Engström , svägerska , brorsbarn samt sin första mans syskon och deras barn .",NN,1896-1899,38,41,1899,1899,e8a54eb_38_41|fru|1899,[1],"[""1""]",1.0,0
classical,fru,28a46c2d_61_65,Han bor i ett hus med trädgård och känner sig ensam eftersom frun bor på ett boende sedan flera år .,NN,2014-2015,61,65,2014,2014,28a46c2d_61_65|fru|2014,[5],"[""5""]",5.0,2
classical,fru,93a761d0_90_93,Flera hundpatruller sökte tidigare under eftermiddagen efter mannen som kom bort från sin fru under en tur i svampskogen i Geijersholm i Hagfors .,NN,2014-2015,90,93,2015,2015,93a761d0_90_93|fru|2015,[5],"[""5""]",5.0,2
classical,fru,e0b0f535_124_127,Men hur kom egentligen de sällsynta krokodilerna till Skansen – och vad har de med Fidel Castro och en rysk kosmonauts arga fru att göra ?,NN,2018-2019,124,127,2019,2019,e0b0f535_124_127|fru|2019,[5],"[""5""]",5.0,2
classical,fru,7502ca2d_17_20,R . Lehtinen med fru fr. Finland ; advokat J . v. Heinnich fr. Budapest ; fabrikör Bengtsson fr. Kinna ; grosshandl .,NN,1888-1891,17,20,1890,1890,7502ca2d_17_20|fru|1890,"[1, 5]","[""1"", ""5""]",,0
classical,fru,efa4f081_227_230,"Familjerna Moustier , Beauchamp , del Ablotterie och Hoskier fingo mottaga bevis på det största deltagande och i synnerhet från den högre embetsmannaverlden statsrådet Théodore Braun , hvilken förlorat sin dotter , den nygifta fru Nelaton , en blomstrande skönhet .",NN,1896-1899,227,230,1897,1897,efa4f081_227_230|fru|1897,"[1, 5]","[""1"", ""5""]",,1
classical,fru,f05ab922_158_161,En man från en ort i Ånge kommun åtalas för grov fridskränkning och grov kvinnofrisdkränkning efter att vid upprepade tillfällen ha misshandlat och hotat sin fru och sina två döttrar .,NN,2014-2015,158,161,2015,2015,f05ab922_158_161|fru|2015,[5],"[""5""]",5.0,2
classical,fru,e028fac2_59_63,"Styckets fabel — värnen lägger ut sina krokar för den unga frun , men blir grundligt stukad — är ju inte ny , men författaren har , såsom redan antydts , gifvit den en fin oell konstnärlig form .",NN,1904-1907,59,63,1905,1905,e028fac2_59_63|fru|1905,[2],"[""2""]",2.0,2
classical,fru,272290fb_100_103,"” Efter gårdagskvällens incident och trots många försök finns det inga nyheter om Karroubi och hans fru ” , skrev Sahamnews på tisdagen .",NN,2010-2011,100,103,2011,2011,272290fb_100_103|fru|2011,[5],"[""5""]",5.0,2
classical,fru,e1991c9b_51_54,"Bertulus svarade endast , att han ej kunde motsäga fru Henry , som hade sin man och sitt barn att försvara .",NN,1896-1899,51,54,1899,1899,e1991c9b_51_54|fru|1899,"[1, 5]","[""1"", ""5""]",,2
classical,fru,ae4d4b06_90_93,Den 55-årige man som dömdes till fängelse i nio år för att ha försökt döda sin före detta fru och grovt misshandlat hennes nya partner får sitt straff sänkt .,NN,2018-2019,90,93,2018,2018,ae4d4b06_90_93|fru|2018,[5],"[""5""]",5.0,2
classical,fru,3505691e_80_83,"Några bondkvinnor sutto och stodo i en halfcirkel kring den aflidne , under det fru v. Hartriegel i en fönsternisch talade sakta med Kellers bustru .",NN,1888-1891,80,83,1890,1890,3505691e_80_83|fru|1890,"[1, 5]","[""1"", ""5""]",,2
classical,fru,da3d254_73_76,"- Jag kommer inte att ha några uppdrag kvar i ABB , och både jag och min fru har outnyttjade golfutrustningar i källaren , avslutar Sten Jakobsson .",NN,2010-2011,73,76,2011,2011,da3d254_73_76|fru|2011,[5],"[""5""]",5.0,2
classical,fru,94d9fe7d_75_78,"Fröknarna A . Andersson ( Louise ) och Apelqvist ( “ pastoralskan "" ) samt fru Ringvall ( Frida ) gåfvo i behaglig nyansering en mycket älsklig bild af qvinnoverlden i Fritz Reuters bekanta arbete .",NN,1896-1899,75,78,1897,1897,94d9fe7d_75_78|fru|1897,"[1, 5]","[""1"", ""5""]",,0
classical,fru,f5440f7c_157_160,"– Det är en ovärderlig hjälp , jag kan hitta allt jag behöver och det ger stor trygget , säger Gunno Andersson i Östersund som tar hand om sin svårt dementa fru .",NN,2010-2011,157,160,2010,2010,f5440f7c_157_160|fru|2010,[5],"[""5""]",5.0,2
classical,fru,0db31520_80_83,"– Tack till mina föräldrar som har gett mig en väldigt musikalisk uppväxt , min fru , mina söner , alla skådespelare som ger själ till musiken och tack juryn , tack så mycket , sa Johan Testad när han tog emot priset på scenen .",NN,2018-2019,80,83,2019,2019,0db31520_80_83|fru|2019,[5],"[""5""]",5.0,1
classical,fru,828a6417_98_101,Han gick för att undersöka saken och hittade en förvirrad man som sade ” jag har slagit ihjäl min fru ” .,NN,2018-2019,98,101,2019,2019,828a6417_98_101|fru|2019,[5],"[""5""]",5.0,2
classical,fru,60a8cb52_166_169,"( Grefve Detlev von Hardeck Hr Elmlund ; Erwin von Hardeck Hr Palme ; Baron Lothar Hochstedt Hr Thegerström ; Arnold von Fernstein Hr Personne ; Nina , hans hustru , Fru Hartman , Guntram , skogsförvaltare , Hr Hillberg ; Gerhart Hr Baeckström . )",NN,1888-1891,166,169,1890,1890,60a8cb52_166_169|fru|1890,"[1, 5]","[""1"", ""5""]",,0
classical,fru,f34592f5_12_15,Jag och min fru Katharina har alltid funderat över varför det hittills bara funnits husvagnsplatser och enstaka stugor i anslutning till en sådan fint utbyggd backe .,NN,2010-2011,12,15,2011,2011,f34592f5_12_15|fru|2011,[5],"[""5""]",5.0,2
classical,fru,272bafb6_117_120,"Väldigt många stora politiker har uttryckt att alla har rätt ses som oskyldiga tills de är dömda , och Strauss-Kahns fru , som är en känd TV-journalist har skrivit ett uttalande där hon säger att det är omöjligt att han kan ha gjort det han anklagas för , säger han .",NN,2010-2011,117,120,2011,2011,272bafb6_117_120|fru|2011,[5],"[""5""]",5.0,1
classical,fru,9570ee5d_101_104,"Ett annat äktenskap inom teatern skall också snart upplösas ; skådespelerskan vid dramatiska teatern fru L . Bsecksti örn , född Sandell , har nämligen uttagit skilsmässostämning å sin man , skådespelaren vid samma teater O. Baeckström , som f. n . vistas i Berlin , meddelar Sv .",NN,1888-1891,101,104,1891,1891,9570ee5d_101_104|fru|1891,"[1, 5]","[""1"", ""5""]",,1
classical,fru,27289bf8_95_98,” 2006 gifte han sig med en 15-åring som han förmådde att sluta skolan för att bli hans fjärde fru ” .,NN,2010-2011,95,98,2010,2010,27289bf8_95_98|fru|2010,[5],"[""5""]",5.0,2
classical,fru,f8386010_163_166,"Hennes transaktioner med grefve Friiz von Hosén , hvilka föranledt åtalet , har baft följande förlopp : Någon dag på hösten 1905 hade grefve von Rosen kommit till fru v. Kantzow och frågat henne , örn hon kunde skaffa honom ett lån på 2 000 kr .",NN,1904-1907,163,166,1907,1907,f8386010_163_166|fru|1907,[1],"[""1""]",1.0,1
classical,fru,acf46a7a_67_70,"— F , handlanden O. Ternström i Kristianstad den 4 jan . , 7S år — Fru Emma Charlotta Auer , född Lundgren , i Borås don 4 jan , 71 år .",NN,1888-1891,67,70,1890,1890,acf46a7a_67_70|fru|1890,"[1, 5]","[""1"", ""5""]",,0
classical,fru,10cbeeea_6_10,"säger frun fundersamt. Hon vill aldrig gåpå några baler , bryr sig icke om sin toalett , har mist all håg för teatern och afstår frivilligt",NN,1888-1891,6,10,1889,1889,10cbeeea_6_10|fru|1889,[5],"[""5""]",5.0,2
classical,fru,f34c84cd_16_19,"Mannen och hans fru hade länge haft en infekterad relation med grannarna , parets gemensamma son och hans sambo , och nu brast det för honom .",NN,2014-2015,16,19,2015,2015,f34c84cd_16_19|fru|2015,[5],"[""5""]",5.0,2
classical,fru,8fe95502_139_142,"Ryske ministern i Stockholm Zinoviev afreste i Lördags kl. 11,45 e. m . med ångfartyget Vasa till Finland för att möta och hit åtfölja sin fru , då hon nu gör sin flyttning till Stockholm ,",NN,1888-1891,139,142,1891,1891,8fe95502_139_142|fru|1891,[5],"[""5""]",5.0,2
classical,fru,9391feac_34_37,"Malmö ; rektor C . Sprinckorn med fru , frkn A . Arcadius , grefve Claes Lewenhaupt och hr A . Wennerberg fr.",NN,1888-1891,34,37,1889,1889,9391feac_34_37|fru|1889,[5],"[""5""]",5.0,0
classical,fru,cdce8586_73_76,Den man i 85-årsåldern som i går anhölls misstänkt för mordförsök på sin fru i Vaggeryd häktades idag av Jönköpings tingsrätt .,NN,2014-2015,73,76,2015,2015,cdce8586_73_76|fru|2015,[5],"[""5""]",5.0,2
classical,fru,c213c2ae_113_116,"Swenste ingenjören Bellander , som war pä resa i affärer till Petersburg , hade beflutit att tillsammans med sin fru , född Cleve , besöka Jmatra , dä de nu drabbades af olyckan .",NN,1896-1899,113,116,1896,1896,c213c2ae_113_116|fru|1896,"[1, 5]","[""1"", ""5""]",,2
classical,fru,176d92b9_69_72,"försäljes hädanefter utom på Svartingstorps mjölkmagasin äfven hos : fru M . Solberg , fru I . Sundberg , fru S. Åkerlind och fröken M .",NN,1904-1907,69,72,1905,1905,176d92b9_69_72|fru|1905,"[1, 5]","[""1"", ""5""]",,0
classical,fru,9a053e8c_85_88,"Bland annat deltog Philip Lönegren från seniorboendet Regnbågen och Anna Österberg , fru till Mia och mamma till en dotter på 1,5 år .",NN,2010-2011,85,88,2010,2010,9a053e8c_85_88|fru|2010,[5],"[""5""]",5.0,2
classical,fru,9a0cd620_14_17,- Jag och min fru lägger oss aldrig före klockan ett för det är så obehagligt att vakna och känna vibrationerna från sprängningarna .,NN,2010-2011,14,17,2010,2010,9a0cd620_14_17|fru|2010,[5],"[""5""]",5.0,2
classical,fru,488c4747_121_124,Fröken Widells plats vore dramatiska teatern ; hon skulle ur sin ultramoderna lilla messhakekappa kunna skaka fram en ny fru Hartman — synnerligast som hon är frappant lik den af publiken aldrig glömda Fågel Blå .,NN,1888-1891,121,124,1891,1891,488c4747_121_124|fru|1891,"[1, 5]","[""1"", ""5""]",,2
classical,fru,964e614e_25_28,"Vid densamma utfördes af fru och fröknarna Sandström från orgelläktaren Voglers » Hosianna » på ett förtjenstfullt sätt , och orgeln sköttes hela dagen af studeranden Martin Sandström , kyrkoherdens andre son .",NN,1896-1899,25,28,1898,1898,964e614e_25_28|fru|1898,"[1, 5]","[""1"", ""5""]",,0
classical,fru,faf5e8da_246_253,"Han hade nämligen vid tvänne särskilda tillfällen fått betala enorma summor till dylika vredgade herrar , dels emedan han var en blifvande hartig och dels emedan , som han själf uttryckte sig , » de narrarne inte kunde eller ville se att det var fruarna som sprungo efter mig , och icke jag efter dem » .",NN,1904-1907,246,253,1904,1904,faf5e8da_246_253|fru|1904,[2],"[""2""]",2.0,1
classical,fru,a4e20402_16_19,"Att 35-åringens fru vägrar vittna i rättegången menar Leif GW Persson dessutom är mycket bekymmersamt för den åtalade , och han understyrker att hon inte skulle riskera något för egen del genom ett sådant vittnesmål .",NN,2014-2015,16,19,2015,2015,a4e20402_16_19|fru|2015,[5],"[""5""]",5.0,2
classical,fru,e281bb40_74_77,Mannen som står inför rätta misstänkt för att ha mördat sina två barn och fru i Tynnered i september led då av en allvarlig psykisk störning .,NN,2018-2019,74,77,2019,2019,e281bb40_74_77|fru|2019,[5],"[""5""]",5.0,2
classical,fru,d19a9617_81_84,Han berättar att han och några släktingar befann sig vid hotellpoolen medan hans fru och den 11-åriga sonen var på massage .,NN,2014-2015,81,84,2015,2015,d19a9617_81_84|fru|2015,[5],"[""5""]",5.0,2
classical,fru,7c4b521e_9_12,"Herr och fru Svensson visste fullkomligt , huru smått deras hyresgäster hade det , och skulle visat långt större vänlighet , om de ej varit rädda att såra .",NN,1904-1907,9,12,1905,1905,7c4b521e_9_12|fru|1905,"[1, 5]","[""1"", ""5""]",,2
classical,fru,12404b28_0_3,"Fru Dreyfus har besvarat gåfvan med en skrifvelse , hvari det heter : » Jag har erhållit talrika bevis på sympati från alla länder , men detta",NN,1896-1899,0,3,1898,1898,12404b28_0_3|fru|1898,"[1, 5]","[""1"", ""5""]",,2
classical,fru,2c1d78b3_0_3,"Fru Vester , den veka själen , kände nämligen sina ögon tåras , och herr Vester — att bans näsa började att växa ofantligt !",NN,1888-1891,0,3,1891,1891,2c1d78b3_0_3|fru|1891,"[1, 5]","[""1"", ""5""]",,0
classical,fru,9a0ea02b_113_117,"Rekryterarna gör olika stödinsatser och skapar först en trygghet hos familjer , sedan kritiserar de mannen eller frun för att inte vara troende och splittrar familjerna .",NN,2014-2015,113,117,2015,2015,9a0ea02b_113_117|fru|2015,[5],"[""5""]",5.0,2
classical,fru,4bac79c9_67_70,"doktor Swederus , Upsala ; justitierädet C . Ahlgren , Stockholm ; fru Ingeborg Ahlgren , Stockholm ; fröken Elise Ehrlandson , Oscarshamn ; fröken Anna Petersson , Oscarshamn ; fröken Gunborg Marmolin , Oscarshamn .",NN,1888-1891,67,70,1888,1888,4bac79c9_67_70|fru|1888,"[1, 5]","[""1"", ""5""]",,0
classical,fru,27234f95_123_126,Giorgos Chatzifotiadis berättar hur han gått från bank till bank i ett förtvivlat försök att ta ut pensionspengar till sin fru .,NN,2014-2015,123,126,2015,2015,27234f95_123_126|fru|2015,[5],"[""5""]",5.0,2
classical,fru,11785609_29_32,"Som lärare hafva tjänstgjort fru Hult i svenska språket , teckningsläraren Th . Glasell i frihandsteckning , målning och linearritning , registrator T. Peterson i bokföring och folkskolläraren Roberg i räkning .",NN,1904-1907,29,32,1907,1907,11785609_29_32|fru|1907,"[1, 5]","[""1"", ""5""]",,0
classical,fru,fd34345c_63_66,"Slutbal var annandag pingst anordnad å Hedemora stadshotell af fru Rosa Bruno , som där en tid ledt en danskurs , i hvilken ett 20 tal mindre ooh större deltagit .",NN,1904-1907,63,66,1904,1904,fd34345c_63_66|fru|1904,"[1, 5]","[""1"", ""5""]",,2
classical,fru,d88781f_81_84,"En 58-årig man i Skåne är åtalad för att vid flera tillfällen ha misshandlat sin fru och sina barn , samt hotat dem till livet .",NN,2018-2019,81,84,2019,2019,d88781f_81_84|fru|2019,[5],"[""5""]",5.0,2
classical,fru,d2eefd5b_26_29,"— Nåja , han söker sig en fru , annars byggde han sig inte en villa — och hvarför inte du , Paula ?",NN,1888-1891,26,29,1890,1890,d2eefd5b_26_29|fru|1890,[5],"[""5""]",5.0,2
classical,fru,272e47b2_71_74,"– Det här beslutet har chockerat mig , säger Insaf Haidar , bloggarens fru , till AFP via telefon från Kanada om söndagens besked .",NN,2014-2015,71,74,2015,2015,272e47b2_71_74|fru|2015,[5],"[""5""]",5.0,2
classical,fru,4883fea_40_43,John Mörner hade sedermera begärt / att fru Bystedt skulle framställa samma fråga ; ben fick ej heller något svar .,NN,1888-1891,40,43,1891,1891,4883fea_40_43|fru|1891,"[1, 5]","[""1"", ""5""]",,2
classical,fru,1525765e_151_154,"Stundtals drabbar också känslan av att skåda Anthony Hopkins ( Metusalem ) och Russell Crowe lajva fram sagan om Gubben Noak , och Jennifer Connelly ( fru Noah ) är bitvis så teatral att man kan höra hur det knarrar i teatertiljan .",NN,2014-2015,151,154,2014,2014,1525765e_151_154|fru|2014,[5],"[""5""]",5.0,1
classical,fru,e28724d6_89_92,Det blev fällande dom för mord och 16 års fängelse för mannen i Lerum som slog ihjäl sin fru med en hammare i vintras .,NN,2014-2015,89,92,2014,2014,e28724d6_89_92|fru|2014,[5],"[""5""]",5.0,2
classical,fru,ef40930b_36_39,"Till styrelsesuppleanter återvaldes fru Thorell , fröken Cardon , fru Grundstnöm , friherrinnan Tamm , frökon Gisberg , fröken Levison , friherrinnan Liljencrantz och fru Waern samt nyvaldes frii Claeson ( i stället för fru Svedbom ) .",NN,1888-1891,36,39,1890,1890,ef40930b_36_39|fru|1890,"[1, 5]","[""1"", ""5""]",,0
classical,fru,f05c247d_19_22,"– Jag tror att min fru och mitt barn bor hos hennes mor , men det är svårt att få kontakt , berättade Ahmed Karowsh när vi träffade honom i januari förra året .",NN,2014-2015,19,22,2014,2014,f05c247d_19_22|fru|2014,[5],"[""5""]",5.0,2
classical,fru,0dac5961_19_22,"Nothin , Fryeled , fru Anna Nothin , d:o , Erik och Theodor Nothin , d:o , fru Hilda Gjertsson , Malmö , Clas , Elisabeth och Torsten Gjertsson , d:o , fru Alma Danckw : rdt , Wexiö , Gieska Adlerstam , d:o . hustru Eva Löwing , Urshult , doktor Äng Forsberg , Karlshamn , kand. Hjalmar Forsberg , Lund , fröken Horn , Wexiö , fru Svante Svenson , Karlshamn ,",NN,1896-1899,19,22,1896,1896,0dac5961_19_22|fru|1896,[1],"[""1""]",1.0,1
classical,fru,a4ee370c_0_4,"Frun till den misstänkte 35-åringen uppger att ” det var en mardröm och jag var psykologiskt påverkad ” , som förklaring till de motstridiga uppgifterna .",NN,2014-2015,0,4,2015,2015,a4ee370c_0_4|fru|2015,[5],"[""5""]",5.0,2
classical,fru,90f27e03_41_44,"A . Scharin och dess efterlemnade Enka , Fru Augusta Scharin , född Carlsten , douerade medel 20,000 kronor kommer ett års ränta den 21 innevarande December att utdelas hos v. Consul E. UnanderScharin .",NN,1896-1899,41,44,1896,1896,90f27e03_41_44|fru|1896,"[1, 5]","[""1"", ""5""]",,0
classical,fru,72ddd46_95_98,En mångfald af känslor stormade in på honom när han steg upp för den stentrappa som förde till fru Bentons hus .,NN,1904-1907,95,98,1904,1904,72ddd46_95_98|fru|1904,[1],"[""1""]",1.0,2
classical,fru,a4e6c7e1_89_92,Mannen som larmade fanns kvar i bostaden och kunde gripas misstänkt för att ha dödat din fru och sina två barn .,NN,2018-2019,89,92,2018,2018,a4e6c7e1_89_92|fru|2018,[5],"[""5""]",5.0,2
classical,fru,272a65d4_91_95,"Om Grekland lämnar Europasamarbetet och livsmedelsmarknaden kollapsar , så är kommer han , frun och de tre barnen att överleva på det hans gård producerar .",NN,2014-2015,91,95,2015,2015,272a65d4_91_95|fru|2015,[5],"[""5""]",5.0,2
classical,fru,0b511b79_83_86,Han säger att skattereglerna innebär 180 000 kronor mer i skatt för honom och hans fru än om de bott kvar i Norge .,NN,2014-2015,83,86,2014,2014,0b511b79_83_86|fru|2014,[5],"[""5""]",5.0,2
classical,fru,152b92f7_100_103,"Chongqing Blues , skapad av Wang Xiaoshuai , och handlar om en man som av okänd anledning övergivit fru och barn ( ja , samma tema som ovanstående ) och dragit ut på havet .",NN,2010-2011,100,103,2010,2010,152b92f7_100_103|fru|2010,[5],"[""5""]",5.0,2
classical,fru,e0b42d21_45_48,Den man som misstänks för mordet på sin unga fru i södra Stockholm våren 2016 åtalas nu misstänkt för mord .,NN,2018-2019,45,48,2019,2019,e0b42d21_45_48|fru|2019,[5],"[""5""]",5.0,2
classical,fru,8f3f3724_88_91,"24 personer avled , däribland en av landets mest berömda konstnärer – John Bauer , hans fru Ester och deras treårige son Bengt ” Putte ” .",NN,2018-2019,88,91,2018,2018,8f3f3724_88_91|fru|2018,[5],"[""5""]",5.0,0
classical,fru,04208d2a_68_72,"smaklösa , att de ständigt meddela svärmorskvickheter ! » Den gamla frun intresserad : » Ja , det lii- värkligen i liög grad orättvist .",NN,1888-1891,68,72,1890,1890,04208d2a_68_72|fru|1890,"[1, 5]","[""1"", ""5""]",,0
classical,fru,e2862c37_5_8,Hans fru erkände att det var hon som dödat honom och händelsen kom att kallas för ett ” barmhärtighetsmord ” .,NN,2018-2019,5,8,2019,2019,e2862c37_5_8|fru|2019,[5],"[""5""]",5.0,2
classical,fröken,152930c5_96_103,"Kameran ligger solidariskt i höjd med barnens blick och utsikt : vi ser hennes pappas mage , en frökens rumpa när Nora med blanka ögon motvilligt kliver ut på skolgården .",NN,2022-2023,96,103,2022,2022,152930c5_96_103|fröken|2022,[5],"[""5""]",5.0,0
classical,fröken,1524f4ee_98_104,Ett av de verk som tagits bort från läslistan vid Sussex universitet är August Strindbergs pjäs ” Fröken Julie ” .,NN,2022-2023,98,104,2022,2022,1524f4ee_98_104|fröken|2022,[4],"[""4""]",4.0,0
classical,fröken,fc30f1ba_39_45,Minns när man gick i skolan så rullade fröken in en tv i klassrummet då Plex skulle kommentera när Ingemar stenmark skulle åka .,NN,2010-2011,39,45,2011,2011,fc30f1ba_39_45|fröken|2011,[5],"[""5""]",5.0,0
classical,fröken,a6ca4be0_164_170,"Fru Gertrud Holmberg , Södertelje ; major B . von Geijer , Jönköping ; fru V. von Geijer , d:o ; fru Gerd Giesecke , Stockholm ; fröken E. Lindqvist , Norrköping ; fröken L . Anders son , d:o ; fröken E. Lindstrand , d:o ; fröken Gertrud Larsson , Kalmar ; fröken Sigrid Frid man , Borgholm ; fröken Alida Åberg .",NN,1904-1907,164,170,1907,1907,a6ca4be0_164_170|fröken|1907,[4],"[""4""]",4.0,1
classical,fröken,4ebd519e_65_71,"Under de sista två åren hade han skött Laxbro gård , som äges af fröken Anna Ericsson på Ramsbergs bruk , och därförut hade han anställning vid Ramsbergs bruk och ^Gyttorps krutbruk .",NN,1904-1907,65,71,1907,1907,4ebd519e_65_71|fröken|1907,[4],"[""4""]",4.0,0
classical,fröken,1572a5_56_62,"- Han har betytt oerhört mycket i och med att han skrev Fröken Fräken och Min gitarr , våra två största hittar , säger han .",NN,2006-2007,56,62,2007,2007,1572a5_56_62|fröken|2007,[4],"[""4""]",4.0,0
classical,fröken,38a17b17_125_131,"— om måndag kommer skolföreståndarinnan fröken Anna Danielsson att meddela en del intryck från en studieresa i Amerika , som fröken D. år 1902 företog .",NN,1904-1907,125,131,1904,1904,38a17b17_125_131|fröken|1904,[5],"[""5""]",5.0,0
classical,fröken,0a3cdca2_161_167,"2 par strumpor , 1 mössa ; Fröken Agneta Jeppson 10 förkläden , 6 näsdukar , 2 O , liter grädde ; Fröken A . Beckström 2 taflor , 2 ramar , 3 papeteri m . m . ; Fröken L . Zickerman 6 löskragar , 2 förkläden ; 2 par strumpor , 10 näsdukar , 1 par yllevantar , 1 st. spetsar ; Märta Ludin 7 vackra förkläden med border ; Kerstin Andersson i tillbringare af glas , 1 d:o mugg , 1 sparbössa .",NN,1896-1899,161,167,1896,1896,0a3cdca2_161_167|fröken|1896,[4],"[""4""]",4.0,1
classical,fröken,6d95a0a_24_30,skrifver : Förhöret med fröken Fägerskiöld lär hufvudsakligast hafva rört sig om hushållerskan Karlfelts och Julia Grönqvists vittnesmål angående kammarherre Taubes möjliga förgiftning .,NN,1896-1899,24,30,1897,1897,6d95a0a_24_30|fröken|1897,[4],"[""4""]",4.0,0
classical,fröken,d61fa6f7_278_284,"Tidningarna hafwa meddelat det wäientligaste af saken ; men en brefskrifware till Norrland tillägger följande små karakteristista detaljer : Då Widestedt för 2 år sedan upprättade en skeppshandel ( i kompani med sin broder ) , war han förlofwad och gifte sig snart derpä med en fröken Vendla Lundqwist , som nyligen kommit i besittning af ett litet kapital .",NN,1880-1883,278,284,1882,1882,d61fa6f7_278_284|fröken|1882,[4],"[""4""]",4.0,1
classical,fröken,3ecaa30d_13_19,"Anstälda äro fröken Gerda Grönberg samt fru Andrée , f. Blumenthal , som debuterat på operan och en tid sjungit på Wasateatern .",NN,1896-1899,13,19,1897,1897,3ecaa30d_13_19|fröken|1897,[4],"[""4""]",4.0,0
classical,fröken,7da3424e_232_238,"Såsom sö kande till lediga gymnastikiärarinnebefattningen vid härvarande folkskoleiärarinneseminarium hade vid ansökningstidens utgång sig anmält : Gymnastiklärarinnorna fröken Eva Liedbeck , Kalmar , fröken Thekla Thunberg , d:o , fröken Elisabeth Berggren , Ekebyholm , och fröken Stawa Gertzell , London .",NN,1904-1907,232,238,1907,1907,7da3424e_232_238|fröken|1907,[5],"[""5""]",5.0,2
classical,fröken,a03390ab_26_32,"P . Forsner från Örebro , fröken Anna Andersson från Arboga , fru Lissa Vijkman , härads skrifvaren Gustaf Vijkman med son ocb fröken Anna Fägerskiöld från Köping samt fröken Hanna Olsson från Ölme I Hjo : typografen K. F. Höglund från Örebro .",NN,1888-1891,26,32,1891,1891,a03390ab_26_32|fröken|1891,[4],"[""4""]",4.0,0
classical,fröken,d83b4900_56_62,"— En ny upplaga af "" Orleanska jungfrun "" , frun "" , en fröken Johanna Nielsen från Norge , har i Katrineholm ett par aftnar uppträdt i baplisternas bönhuS , inkör en talrik , mer och mindre fanatiserad åhörareflara , hwilken i söndagS antagligen uppgick till bortåt 600 personer .",NN,1880-1883,56,62,1883,1883,d83b4900_56_62|fröken|1883,[4],"[""4""]",4.0,0
classical,fröken,b34e2fb8_39_45,Instrumentationen af orkesterpartiet i fröken Munktells operett med ofvannämnda titel lär ej vara verkstäld af tonsättarinnan utan af hr J . Dente .,NN,1888-1891,39,45,1889,1889,b34e2fb8_39_45|fröken|1889,[4],"[""4""]",4.0,0
classical,fröken,b54cd642_15_21,"Likaså återgås fröken Lindström mod själfullhet Emelies , offerlammets , roll och fröken Beatley utförde med liflighet och ej utan viss komik sin roll såsom den hurtige Carl .",NN,1880-1883,15,21,1880,1880,b54cd642_15_21|fröken|1880,[4],"[""4""]",4.0,0
classical,fröken,7ec89a4c_135_141,"J . Stromberg , Lund ; landtbrukaren Hans Hansson , Hönsinge ; målaren Ola Larsson , V. Vemmenhög : fröken Johan na Nelander , Malmö ; fröken Amanda Nelander , d:o ; fru Mathilda Olsson , Wallby ; kassör Fredrik Bundy , Arlöf ; fröken Gerda Bendtz , Malmö ; fabrikör J .",NN,1896-1899,135,141,1899,1899,7ec89a4c_135_141|fröken|1899,[4],"[""4""]",4.0,2
classical,fröken,b740f88d_104_110,"Reuterswärd ooh fru Knnt Bohnstedt ; 3:e vals med fru Christian Lindman , född Löfqvist ; 2:a polka med fröken Stina Djurklou .",NN,1888-1891,104,110,1889,1889,b740f88d_104_110|fröken|1889,[4],"[""4""]",4.0,2
classical,fröken,67f8878a_153_159,"I afton gifves » Hoffmanns sagor » ; i morgon torsdag uppföres åter » Regementets dotter » , sora icke på ett par månader stått på repertoaren och hvari fröken Klemming samt hrr Strandberg och Sellergren uppbära hufvudrollerna .",NN,1888-1891,153,159,1889,1889,67f8878a_153_159|fröken|1889,[4],"[""4""]",4.0,0
classical,fröken,86b9891e_166_172,"Vaccinationen som är afgiftsfri för Kalmarbor , verkställes onsdagarne af barnmorskan fru Olsson , torsdagar af barnmorskan fru Landquist och frelagar af barnmorskan fröken Foinander .",NN,1912-1915,166,172,1915,1915,86b9891e_166_172|fröken|1915,"[3, 4]","[""3"", ""4""]",,0
classical,fröken,11d0ca5e_136_142,"Oscar Scherini , Norrköping ; fröken Agda Berling , Stockholm ; fröken Sofi Sjöström , Skellefteå ; fru Mathilda Svensson , Skönberga ; fröken Carolina Andersson , Törnvalla .",NN,1888-1891,136,142,1891,1891,11d0ca5e_136_142|fröken|1891,[4],"[""4""]",4.0,2
classical,fröken,e1de725f_154_160,"Till slut lyckades dock tandläkaren uppspåra en ung flicka , en arbeterska hos en snörmakare , hvilkens tänder hade den mest i ögonen fallande likhet med fröken Rothschilds .",NN,1888-1891,154,160,1891,1891,e1de725f_154_160|fröken|1891,[4],"[""4""]",4.0,0
classical,fröken,d511d56c_0_6,"Fröken E. Björnbergs slutbal sistlidne söndag hade lockat skaror af danslystna , hvilka ända till trängsel fylde Bergslagets stora salong , hvilken fröken B . lyckats erhålla för slutbalen .",NN,1880-1883,0,6,1882,1882,d511d56c_0_6|fröken|1882,[4],"[""4""]",4.0,0
classical,fröken,f6b6484f_97_103,"och gårdskarl vid Elementarskolans iör flickor nya sko ’ hus sökes hos skolans föreståndarinna , fröken Danielsson , som träffas i skolans nuvarande lokal hvardagar kl. half 12 — 12 .",NN,1904-1907,97,103,1907,1907,f6b6484f_97_103|fröken|1907,"[3, 5]","[""3"", ""5""]",,0
classical,fröken,f340f45e_61_67,Jag vet en lärare som sa till barnen att ; inte säger ni väl fröken till Sune och Ola men då svarade vi att det spelar väl ingen roll .,NN,2010-2011,61,67,2010,2010,f340f45e_61_67|fröken|2010,[2],"[""2""]",2.0,0
classical,fröken,f201bcaf_54_60,"L . Olsson , Tingsryd ; madame Herbette , Stockholm ; fröken Kreu ker , d:o ; fru Åtta Hult , Sundsvall ; frii gen Ellen Lundholm , d:o ; byråchefen A . V. Eklund , Stockholm ; grefvinnan Anna Kalling , Djursholm ; fröken Elisabeth Kalling , d:o : doktor G .",NN,1904-1907,54,60,1905,1905,f201bcaf_54_60|fröken|1905,[4],"[""4""]",4.0,2
classical,fröken,6e36a4e7_170_179,"För att annullera den der förargliga kontraktsinteckningen , mot hvars lagliga kraft , som sagdt , inga inkast kunna göras , låter man nu fru Stjernströms egna systrar , fröknarna Granberg , tor eu fordran hos henne af 30,000 kr .",NN,1880-1883,170,179,1880,1880,6e36a4e7_170_179|fröken|1880,[4],"[""4""]",4.0,0
classical,fröken,25bcefbc_150_156,"John Trägårdh , regementsläkare A . M . Thunberg , fröken Anna Thunberg , fröken Elisabeth Thunberg , fru Sophia Andersson , fröken Agnes Andersson , fröken Alma Andersson , fröken Emilie Petersson , bryggare J . W. Lyckholm , grosshandl .",NN,1880-1883,150,156,1882,1882,25bcefbc_150_156|fröken|1882,[4],"[""4""]",4.0,2
classical,fröken,be06d80_52_58,"Konsul Lysells ombud begärde att d : r Westerlund , fröken Julia Ljung och öfriga personer , som sökanden kunde finna nödigt höra , måtte få på ed afhöras inför Enköpings rådhusrätt , hvilket af Uddevalla rådhusrätt tillstaddes .",NN,1904-1907,52,58,1906,1906,be06d80_52_58|fröken|1906,[4],"[""4""]",4.0,0
classical,fröken,97834c2b_98_104,"A . Svenssons egendomsaffär i Kaimar försålt sin handelsfastighet Elnedal vid Ölands Skogsby till fröken Jenny Johansson ' rån Olsbo , Arby socken .",NN,1912-1915,98,104,1915,1915,97834c2b_98_104|fröken|1915,[4],"[""4""]",4.0,0
classical,fröken,535ad23c_51_57,Kursen har le ' dts af skolans husförestånda rinna fröken Signe Höglund och hafva i densamma deltagit 14 unga damer från Torslunda och kringliggande socknar .,NN,1912-1915,51,57,1912,1912,535ad23c_51_57|fröken|1912,"[3, 5]","[""3"", ""5""]",,0
classical,fröken,b18b43d3_64_70,"Därjämte må med erkännande nämnas fru Christiernssons Armande , fröken Bergvalls Martha , hr Cederborgs Robert Heinzelmann och fru Cederborgs tjänstflicka .",NN,1904-1907,64,70,1904,1904,b18b43d3_64_70|fröken|1904,[4],"[""4""]",4.0,0
classical,fröken,86b4f907_63_69,Hr Eomanus påpekade det otroliga i att L . efter att först för fröken Hillerström förnekat all mishandel mot N . omedelbart däreiter skulle för privatdetektiven Olsfon erkänt att sådan ägt rum .,NN,1912-1915,63,69,1915,1915,86b4f907_63_69|fröken|1915,[4],"[""4""]",4.0,0
classical,fröken,329b07a2_64_73,"( Hertiginnan Fru Almlöf , Jeanne , Lucy , Susanne , Grefvinnan Fröknarna Åberg , Flygare , Hedlund , Björkegren , Bellac , Roger , Paul , Baronen Hrr Almlöf , Hartman , Fredrikson , Thegerström .. ) 7 — 10 .",NN,1880-1883,64,73,1881,1881,329b07a2_64_73|fröken|1881,[4],"[""4""]",4.0,2
classical,fröken,9d81315_49_55,"Svarandens rättegångsbiträde bad att få motivera fröken F:s begäran om uppskof dermed , att i stämningen ingenting utsatts angående till hvilka personer de omstämda ryktena skulle fälts .",NN,1896-1899,49,55,1897,1897,9d81315_49_55|fröken|1897,[4],"[""4""]",4.0,0
classical,fröken,ba80ed48_29_35,"Fröken Z . en wäl uppfostrad fröken frän landsorten , fick ej tid att filosofera öswer beleswenheten i Stcckholm , ty hon mötte i nästa ögonblick en herre med distingueradt utseende , till hwilken hon sramstälde srägan om Slöra sällskapet .",NN,1888-1891,29,35,1891,1891,ba80ed48_29_35|fröken|1891,[4],"[""4""]",4.0,0
classical,fröken,d0ab5945_0_6,Fröken VeSper har jnistat kontanta pängar genom att vara så dum Och Egga dem i ett valnligt bref tvärt emot postvärkets föreskrifter .,NN,1904-1907,0,6,1907,1907,d0ab5945_0_6|fröken|1907,[4],"[""4""]",4.0,0
classical,fröken,e37dff55_163_169,"F. d. tullförvaltare T. W. Widegren , Ystad ; fröken Clara Bundt , Malmö ; fröken Hilda Andersson , Spånghult ; Anna Koman , Olofström ; fru Jeanna Oléen , Lund ; fröken Laura Scharffenberg , d:o ; doktor Fr. 0:n Gadde , ( Lo ; doktorinnan Eugenia 0:n Gadde , d:o ; fröken Ingeborg 0:n Gadde , d:o ; skolynglingen Fredrik 0:n Gadde , d:o ; flickan Gertrud 0:n Gadde , d-o ; fröken Gerda Berggren , Arbylund ; fröken Sigrid Berggren , d:o ; tröken Hanna Larsson , Lund .",NN,1896-1899,163,169,1896,1896,e37dff55_163_169|fröken|1896,[4],"[""4""]",4.0,1
classical,fröken,15b707a_122_128,"– Då kunde man ju inte höra så himla bra , man kunde inte höra fröken ordentligt och kanske skulle man lättare glömma vad fröken sa .",NN,2010-2011,122,128,2011,2011,15b707a_122_128|fröken|2011,[5],"[""5""]",5.0,0
classical,fröken,318c7e8f_56_62,"Äfven eleverna hade velat på ett mera reelt sätt bevisa fröken E. sin tacksamhet genom att vid detta tillfälle öfverlemna till henne en minnesgåfva , hvilken hon dock genom skolans föreståndare låtit undanbedja sig , hoppandes derigenom icke såra någon .",NN,1896-1899,56,62,1896,1896,318c7e8f_56_62|fröken|1896,[5],"[""5""]",5.0,0
classical,fröken,5a7a4e13_0_6,"Fröken kald well erbjöd sig att bestrida alla utgifter för hushållningen , deri inberäknadt hästar , vägnar 0 . s. w. samt gifva sin nian 50,000 francs om året i fickpenningar .",NN,1888-1891,0,6,1889,1889,5a7a4e13_0_6|fröken|1889,[4],"[""4""]",4.0,0
classical,fröken,eb6072a1_186_192,"Följande elever dzliaga i kursen : fru Hanna Norstr - iii , Transtrand , fröken Kerstin Pettersson , Läingbyholm , Småland , fröken Rut Limberg , Särna , fröken Karin Wikstrand , Mora , fröken Valboig Eriksson , Orsa , fröken Signe Eliasson , Ore , fröken Rosa Frey , Budapest , fröken Maria Timmerman , Estland , fröken Elsa Berg , Mora , och fröken Larsson , Säter .",NN,1912-1915,186,192,1913,1913,eb6072a1_186_192|fröken|1913,[4],"[""4""]",4.0,1
classical,fröken,dbcddeaa_86_92,"i Melby af Segerstads socken fördrän-l gen Frans Emil Fredriksson för 20 års tjänst ; fröken Märta Strömstedts i Skogsby , Torslunda socken , för tjänarinnan Karolina Nilsson för 21 års tjänst , och landtbrukaren Joh .",NN,1904-1907,86,92,1906,1906,dbcddeaa_86_92|fröken|1906,[4],"[""4""]",4.0,0
classical,fröken,86b0ddfe_125_131,"Frökvn Sonja Edlund , Stockholm , frökon 8ia Edlund , d:o , fröken Margaret * Didring , d:o , fru Hertha Klagström , Malmö , fröken Ingebo1- ?",NN,1912-1915,125,131,1915,1915,86b0ddfe_125_131|fröken|1915,[4],"[""4""]",4.0,2
classical,fröken,5e9a5eac_199_205,"Härmaste skälet , hvarför grefve Karl destan Trolle-Bonde sattes till förmyndare för fröken Elsa Bonde var , att stan med mera kraft oest mod mindre hänsyn än fadern skulle kunna lagligen återfordra fröken B . från England .",NN,1888-1891,199,205,1889,1889,5e9a5eac_199_205|fröken|1889,[4],"[""4""]",4.0,0
classical,fröken,b1192658_38_47,"pria al ej mindre än tre unga damer , fröknarna Signe Bild samt Ni-a ook Ebba Nilaaon , af hvilka den föratnämda eröfrade tre . , däribland ett atatena .",NN,1904-1907,38,47,1906,1906,b1192658_38_47|fröken|1906,[4],"[""4""]",4.0,0
classical,fröken,9d7b1d63_28_34,"I går afton uppfördes under fröken Hilda Borgströms direktion å härvarande teater inför en till hälften besatt salong T belägringstillstånd ’ , lustspel i 4 akter af Viktor Kuglof , och Korp-Kirsti , Dalaäfventyr i 1 akt med sång och dans af F. Hedberg .",NN,1896-1899,28,34,1898,1898,9d7b1d63_28_34|fröken|1898,[4],"[""4""]",4.0,0
classical,fröken,b32c6d98_72_78,"I en morgontidning i dag står under rubrik : «Förlofvade : Doktor X och fröken Y . » Är det doktorn , som satt in annonsen ?",NN,1896-1899,72,78,1896,1896,b32c6d98_72_78|fröken|1896,[4],"[""4""]",4.0,0
classical,fröken,e0b49e79_64_70,Ett stort antal poliser kommer att bevaka prins Carl Philip och fröken Sofia Hellqvists kortege genom centrala staden efter bröllopet .,NN,2014-2015,64,70,2015,2015,e0b49e79_64_70|fröken|2015,[4],"[""4""]",4.0,0
classical,fröken,e28322cb_2_8,"– Fröken är sträng , soppan är god , nu är det kallt , dikterar fröken från svarta tavlan under skrivstilsträningen .",NN,2014-2015,2,8,2015,2015,e28322cb_2_8|fröken|2015,[5],"[""5""]",5.0,0
classical,fröken,f05a6741_102_108,"– Vi spelade upp låten från radion för klassen och alla tyckte att den var jättebra , då föreslog vår fröken att vi skulle göra en musikvideo , säger Linus Nyberg .",NN,2010-2011,102,108,2011,2011,f05a6741_102_108|fröken|2011,[5],"[""5""]",5.0,0
classical,fröken,fa5c2767_154_160,"Jag träffade S:t Auban och de Brissac vid mottagningen i Louvre på förmiddagen , och de frågade mig strax , om jag nu var betänkt på att göra min kur för fröken de Grandeourt .",NN,1896-1899,154,160,1899,1899,fa5c2767_154_160|fröken|1899,[4],"[""4""]",4.0,0
classical,fröken,56fd0381_181_187,"Och medan talefonmannen dagen därpå höll på med att reparera ett afbrott på linien öfver Blg Bear Mountain , ropade han ln 1 telefonen : » Jag står 1 begrepp att göra er en fråga , fröken Jones , och det strider loke mot § 37 , emedan den hvarken är onödig eller onyttig » .",NN,1904-1907,181,187,1905,1905,56fd0381_181_187|fröken|1905,[4],"[""4""]",4.0,1
classical,fröken,dbb040c3_114_120,"Kronprinsen dansade första valsen med fröken Wilhelmine Bull , dotter till stadskondnktör Bull , andra valsen med fröken Annine Tandberg och polkett med fröken Helene Stabell .",NN,1880-1883,114,120,1882,1882,dbb040c3_114_120|fröken|1882,[4],"[""4""]",4.0,0
classical,fröken,68196c5_214_220,"l:a klassen : Fru Anna Fröblom , Kalmar , Anna Fröblom , d:o , Elsa Fröblom , d:o , fröken Malwina Bäckström , Örebro , direktör V. Engström , Wexiö , löjtnant G . Sjöbohm , d:o , frn Ingeborg Meurling , Törneby , fröken Charlotta Swanberg , Upsala , d:o Ebba Swanberg , d:o , enkefrn Sofie Rosen , Stockholm , jnr .",NN,1880-1883,214,220,1882,1882,68196c5_214_220|fröken|1882,[4],"[""4""]",4.0,1
classical,fröken,c3982783_101_107,"Biancas dåliga lynne lär kommit sig af de varma applåder , som tillföllo den unga tyska sångerskan , fröken Geissler .",NN,1888-1891,101,107,1891,1891,c3982783_101_107|fröken|1891,[4],"[""4""]",4.0,0
classical,fröken,e1a87c56_33_39,Med minnet af den rika konst som fröken Liljequist i våras lät sina beundrande åhörare bär få njuta af och med hänvisning till de sakkunniga analyser som vi under de senaste dagarna återgifvit torde en ytterligare rekommendation till konserten i morgon afton vara öfverflödig .,NN,1912-1915,33,39,1915,1915,e1a87c56_33_39|fröken|1915,[4],"[""4""]",4.0,0
classical,fröken,e0befd36_90_96,"Snart är repetitionerna i Ältas inom kort invigda nya kulturhus över , och ögonblicket då Fröken Julie och betjänten Jean ska möta en kurdisk publik kryper allt närmre .",NN,2010-2011,90,96,2011,2011,e0befd36_90_96|fröken|2011,[4],"[""4""]",4.0,0
classical,fröken,152ae190_97_103,För några år sedan fick hon storstilade hyllningar för sin uppsättning av Strindbergklassikern ” Fröken Julie ” på Intima Teatern .,NN,2014-2015,97,103,2015,2015,152ae190_97_103|fröken|2015,[4],"[""4""]",4.0,0
classical,fröken,15692a_30_36,Han slog igenom med romanen ” Fröken Smillas känsla för snö ” nu kommer han med en ny roman efter tio års tystnad .,NN,2006-2007,30,36,2007,2007,15692a_30_36|fröken|2007,[4],"[""4""]",4.0,0
classical,fröken,ee67f5ae_23_29,"Den ena gick ut på att fröken Molin skulle ha vägrat åtlyda rektorns befallning att mot betalning ombesörja en för undervisningen afsedd dublett af en slöjdmodellserie , under det att den andra riktade sig mot fröken Molins betygssättning .",NN,1912-1915,23,29,1912,1912,ee67f5ae_23_29|fröken|1912,[5],"[""5""]",5.0,0
classical,fröken,c4d81a90_27_33,"Solist : Konsertsångerskan fröken i Ebba Björkbom från Stockholm j Biljetter med pri gram å 1 : 50 och 1 kr i skolu.igdom 50 öre , tillhandahålles i Hjalmar i Appel tofft.i Bokhandel , möjligtn öfverblifna vid 1 ingången till konserten .",NN,1904-1907,27,33,1906,1906,c4d81a90_27_33|fröken|1906,[4],"[""4""]",4.0,0
classical,fröken,1528c991_45_51,"Hamlet har tolkats ur Ofelias perspektiv och Fröken Julie ur Kristins synvinkel , ja hela Mobergsviten berättades ju ur Kristinas perspektiv i Andersson och Ulvaeus succéartade musikal .",NN,2018-2019,45,51,2019,2019,1528c991_45_51|fröken|2019,[4],"[""4""]",4.0,0
classical,fröken,927eac68_125_131,"musikant , hrr Henriksson och Dahlgren ; Catharina , Georgs syster , fröknarna Ek och Strandberg ; Prascovia , hans fästmö , fröken Niehoff ; Danilowitz , pastejbagare , hrr Ödmann och Sellman ; Gritzenko , kossack , hrr Janzon och Strömberg ; Nathalie och Eskimona , .. marketenterskor , fröknarna Karlsohn och Öhrström .",NN,1880-1883,125,131,1881,1881,927eac68_125_131|fröken|1881,[4],"[""4""]",4.0,1
classical,fröken,9a02e648_81_87,"Det är en stor dag för oss och vi är väldigt glada , säger Prins Carl Philip och fröken Sofia Hellqvist",NN,2014-2015,81,87,2014,2014,9a02e648_81_87|fröken|2014,[4],"[""4""]",4.0,0
classical,fröken,f3497a2b_65_72,Trots att många skolor i inlandet redan har tagit farväl av sina fröknar och skolkamrater är idag den stor dagen för de allra flesta eleverna i Västerbotten att sjunga in sommaren .,NN,2010-2011,65,72,2011,2011,f3497a2b_65_72|fröken|2011,[5],"[""5""]",5.0,0
classical,fröken,0db58421_38_44,"Den efterlängtade förlovningen mellan Fröken Sofia Hellqvist och Prins Carl Philip i somras väckte stor uppmärksamhet och glädje , inte minst i Sofias hembygd Ävldalen .",NN,2014-2015,38,44,2014,2014,0db58421_38_44|fröken|2014,[4],"[""4""]",4.0,0
classical,fröken,4ad9531_103_109,"Till extra ordinarie folkskollärarinna vid Huskvarna bruks folkskolor har bland många sökande antagits fröken Hilma Alice Mattisson från Åhus , förut anställd som folkskollärarinna vid kyrkskolan i Borg .",NN,1904-1907,103,109,1904,1904,4ad9531_103_109|fröken|1904,[5],"[""5""]",5.0,0
classical,fröken,93a8bf2d_66_72,I dag den 13 juni vigs hertigen av Värmland prins Carl Philip och fröken Sofia Hellqvist i Slottskyrkan i Stockholm .,NN,2014-2015,66,72,2015,2015,93a8bf2d_66_72|fröken|2015,[4],"[""4""]",4.0,0
classical,fröken,152dfe90_50_56,"Säsong två utspelas också kring Svenska Hem , men Fröken Friman och hennes vänner kommer att arbeta mer direkt i kampen för kvinnlig rösträtt .",NN,2014-2015,50,56,2014,2014,152dfe90_50_56|fröken|2014,[4],"[""4""]",4.0,0
classical,fröken,4a7c2bf9_234_240,"I kl. vid kyrkskolan fröken Hildur Olsén i öfraby inom Söderåkra skoldistr . , till småskollärarinna vid den genom fröken Olséns transport ledigblifna platsen i öfraby fröken Elna Olsson i Kalmar och till småskollärarinna i Thorstorp fröken Ruth Juhiin i Bergkvara , i år utex .",NN,1912-1915,234,240,1914,1914,4a7c2bf9_234_240|fröken|1914,"[3, 5]","[""3"", ""5""]",,0
classical,fröken,ee7549f4_61_67,"E. Reberg , Enkefru Gravilda Ekholm , Fröken Augusta Öberg , Fröken Elma Öberg , Fröken Julia Broberg , Handlanden Ludvig Lewert , Litteratören Joh .",NN,1880-1883,61,67,1882,1882,ee7549f4_61_67|fröken|1882,[4],"[""4""]",4.0,2
classical,fröken,86b820e0_99_105,"Erik Ecbweder , Malmö , bankdirektör A . Hallin , Paris , fru G . Staöl tob Holstein , Stockholm , fröken Beth Ham marström , Växjö , studerande Torsten Hammarström , d:o , doktorinnan Ch .",NN,1912-1915,99,105,1915,1915,86b820e0_99_105|fröken|1915,[4],"[""4""]",4.0,2
classical,fröken,272967b0_138_144,Bland de första ut att trotsa dessa sedan lång tid bergfasta traditioner var vår egen kung Carl XVI Gustaf som i juni 1976 äktade ofrälse fröken Silvia Sommerlath .,NN,2010-2011,138,144,2011,2011,272967b0_138_144|fröken|2011,[4],"[""4""]",4.0,0
classical,fröken,cad2abae_227_236,"Hultgren , Göteborg ; brukspatron Olausson , Grangärde ; landtbrukaren Wesslander oeh pastor Forssten , Upland ; förval tunie Sjöberg , Södermanland , och Löman , Södertelje ; kandidat Wallqvist , Borås ; major Blix , Upsala ; fröknarna Leijonancker och ingeniör Soneson , Halmstad ; löjtnanten Berger ined frii , ' Skåne ; studeranden Åhlander , Norrköping .",NN,1880-1883,227,236,1883,1883,cad2abae_227_236|fröken|1883,[4],"[""4""]",4.0,2
classical,fröken,0dbce390_81_87,"Det är en stor dag för oss och vi är väldigt glada , säger prins Carl Philip och fröken Sofia Hellqvist .",NN,2014-2015,81,87,2014,2014,0dbce390_81_87|fröken|2014,[4],"[""4""]",4.0,0
classical,fröken,dd8ec1c_0_6,"Fröken Berna var inne i salongen på nedin botten en vacker middagsstund i september månad oeh såg magla orolig ut genom de klara fönsterna , öfver gräsplanen på gården , der några vackra dnlier oeh aslr.ir",NN,1904-1907,0,6,1904,1904,dd8ec1c_0_6|fröken|1904,[4],"[""4""]",4.0,0
classical,fröken,5ca80b88_362_368,"Rettig från Gefle ; stationsinspektor Fr. Rydbeck frän Hallsberg , 21 Rne Valette ; handlanden A . Petterson från Stockholm , 3 Rue du Mont Thabor : underlöjtnant Carl Scheffer frän Sköfde , 14 Rue Moutonottfi ; fröken Anna Collin från Norrköping , 36 Rne Jacob ; ingeniör Gustaf Ekelund från London , Hotel Domiuici ; studenten Elis Cederblad från Norrköping ; fröken Maria Peterson från Stockholm , li Rite Boudreau ; fröken Emilie Schulte från Stockholm , 4 Impasse du Maine .",NN,1880-1883,362,368,1883,1883,5ca80b88_362_368|fröken|1883,[4],"[""4""]",4.0,1
classical,fröken,82c69119_99_105,"Sparbanken för Lands stad o. kringliggande land till arbetsstugan för gossar Fruntimmersföreningen Fröken Hilma Sjöström , inträdesafgift Vårdareafgift Fru Frida Tullberg , inträdesafgift .",NN,1896-1899,99,105,1897,1897,82c69119_99_105|fröken|1897,[4],"[""4""]",4.0,0
classical,fröken,f8acb85b_88_94,"Beve , Sunds vall ; senateur Mecheiin , Helsingfors ; inspektören Malmberg , Göteborg ; fröken Samulsson , Hede mora ; häradshöfding Hagberg , Vestervik ; hök handlaren Qvidin , Vexiö .",NN,1888-1891,88,94,1890,1890,f8acb85b_88_94|fröken|1890,[4],"[""4""]",4.0,2
classical,fröken,04c97f7_266_272,"Ttll entreprenör för byggande af Borås — Alfvesta järnväg har antagits ingeniören C Jehander Entreprenadsumman säges vara 3 , 700 , 000 kronor Vevcjö stads äldsta in rånare fröken Ebba Fredrika Amalia Berghman afled den 24 på morgonen i den höga åldern af 98 år Med fröken Berghman har nu äfven på kvinnolinien utslocknat adliga ätten Bergli-",NN,1896-1899,266,272,1899,1899,04c97f7_266_272|fröken|1899,[4],"[""4""]",4.0,1
classical,fröken,44ccc008_110_116,Tillfrågad om huru hon hållit knifven och om hon därmed afpassat huggen till ett visst bestämdt djup utvisade fröken Fägerskiöld huru hon hållit knifven om skaftet och bladet och däraf framgick det att knifven kunde endast vid huggen instickas till ett bestämdt djup dock påstod fröken Fägerskiöld att hon icke afsigtligt begränsat huggens djup Angående blodet på murbruksstycket uppgaf fröken Fägerskiöld att hon antoge att något af blodet kommit från såren i handen och det öfriga från det blödande örat då hon slog sig med murbruksstycket öfver örat,NN,1896-1899,110,116,1897,1897,44ccc008_110_116|fröken|1897,[4],"[""4""]",4.0,1
classical,fröken,9a8e249a_11_17,"Wallgren , fröken Augusta Wallgren , Falköping ; fröken Emelie Bissiett , Finland ; fröknarna Anna Charlotte Ahström , Jenny Ahström , Emelie Ahström , Kristianstad ; hofrättsauskultanten Joh .",NN,1880-1883,11,17,1881,1881,9a8e249a_11_17|fröken|1881,[4],"[""4""]",4.0,2
classical,fröken,ab0fdfd5_53_59,"Det år sant , medan vi tala om smycken — så skall ju fröken Manvers ’ diamanter ha ett omåtligi värde , och . . . “ * Ja , de äro hemliga .",NN,1896-1899,53,59,1896,1896,ab0fdfd5_53_59|fröken|1896,[4],"[""4""]",4.0,0
classical,fröken,fdfef1e7_112_118,"Daghi , lämnar ytterligare följande upplysningar : om sina familjeförhållanden och sitt eget föregående lif har fröken Fägerskiöld under de sista åren alltid iakttagit största förbehållsamhet , då hon därom blifvit tillfrågad .",NN,1896-1899,112,118,1897,1897,fdfef1e7_112_118|fröken|1897,[4],"[""4""]",4.0,0
classical,fröken,e0b8ea98_61_67,"När teatergruppen kommer hem ska de den 26:e september spela Fröken Julie under invigningshelgen för Ältas nya kulturhus , Kulturknuten .",NN,2010-2011,61,67,2011,2011,e0b8ea98_61_67|fröken|2011,[4],"[""4""]",4.0,0
classical,fröken,152ff056_73_79,"Sissela Kyle spelade huvudkaraktären Dagmar Friman i kostymdramaserien ” Fröken Frimans krig ” , inspirerad av en sann historia om klass- och kvinnokamp på tidigt 1900-tal .",NN,2014-2015,73,79,2014,2014,152ff056_73_79|fröken|2014,[4],"[""4""]",4.0,0
classical,fröken,d524a346_141_150,"Ouvertyr ur Barberaren i Sevilla aria och qvarta tter ur Stabat Mäter aria uvertyr och balett- musik ur Wilhelm Tell Medverkande Fru E Johnn Fröknarna E Skärlén och M Ohls«on Herrar O Sandberg och S Hagman Inträdesafgift 25 ore OBS Arbetareinstitutets sångkör sammanträder Söndag kl 1 , 30 e m Alla",NN,1896-1899,141,150,1898,1898,d524a346_141_150|fröken|1898,[4],"[""4""]",4.0,1
classical,fröken,c1f75505_101_110,"Två flickor af do finare klasserna , håda tillhörande den högre flickskolan i Debreczin ( Ungern ) , fröknarna A .",NN,1880-1883,101,110,1883,1883,c1f75505_101_110|fröken|1883,[4],"[""4""]",4.0,0
classical,fröken,b3810c2e_10_16,"magistern fröken Lisa Andersson , Uppsala , har förordnats att från och med början af instundande hösttermin tills vidare uppehålla en adjunktsbefattning i matematik , fysik , kemi och geografi vid foikskoleseminariet i Kalmar .",NN,1912-1915,10,16,1914,1914,b3810c2e_10_16|fröken|1914,[4],"[""4""]",4.0,0
classical,fröken,c310188_302_308,anmälda i Nilssonska bokhandeln 212 rue de Rivoli från den 6 — IB mars Fröken Stava Freding dr K Bjerke hr Carl Becker hr Julius Stuebecke hr Edvard Johansson fröken Hedvig Hamilton fröken Lotten Leijonhnfvud enkefru Hilma Bergholm hr Birger Svensson fru Aura Svensson hr Carl Bräutigam hr A Cederberg fröken Anna Thorell fröken Hertha Giöbel agronomen Carl Wettergren hr och fru Fritz Dölling och fröken Ahlström hr D Dietrichson,NN,1896-1899,302,308,1897,1897,c310188_302_308|fröken|1897,[4],"[""4""]",4.0,1
classical,fröken,4a80950_3_9,"Då fröken Röper märkte , att jorden försvann under henne , grep hon tag i det tåg , som slingrat sig om hennes ben , men hon är en klent byggd dam och hon märkte snart , att krafterna sveko henne .",NN,1904-1907,3,9,1906,1906,4a80950_3_9|fröken|1906,[4],"[""4""]",4.0,0
classical,fröken,bed66d4_114_120,"Eneman , doktor Goes , d:r With , hrr Schenholm , Cramér , Boberg , Ringius , Hall , Andersson , Stille , Boman , fröken Elfving , miss Botter .",NN,1880-1883,114,120,1882,1882,bed66d4_114_120|fröken|1882,[4],"[""4""]",4.0,2
classical,fröken,2f5da21f_190_196,"Midsommardagen hålles en stor konsert i Hedemora kyrka , under medvflrkan af Södra Dalarnes sångarförbund samt musikdirektören Gustaf Hägg , fiolinisten Axel Ronnqvist och konsertsångerskan fröken Ebba Björkbom .",NN,1904-1907,190,196,1905,1905,2f5da21f_190_196|fröken|1905,[4],"[""4""]",4.0,0
classical,fröken,f88e7b2d_20_26,"“ Jag fruktar , att fröken Daubenay förgäfves skulle få begära många saker , om det ej öfverensstämde med herr Drelincourts böjelse att bevilja dem .",NN,1880-1883,20,26,1883,1883,f88e7b2d_20_26|fröken|1883,[4],"[""4""]",4.0,0
classical,fröken,d8c3c86e_257_263,"Hopsummering af de inom Sveriges allmänna folkskoleföreningskretsar afgifna rösterna har nu egt rum , hvarvid befunnits , att till centralstyrelseledamöter för år 1898 — 1900 återvalts folkskolläraren J . Franzén i Lund med 2,171 röster , slöjdinspektrisen fröken Hulda Lundin i Stockholm med 1,993 och folkskollärarinnan fröken Augusta Larsson i Öxnered med 1 , 457 .",NN,1896-1899,257,263,1897,1897,d8c3c86e_257_263|fröken|1897,"[3, 4]","[""3"", ""4""]",,1
classical,fröken,e8a77e7d_94_100,"K. teatern ger idag » Den flygande hollandaren » med hrr Forsell , Elmblad och Bråt bost samt fröken Nordin i liufvudpartieruo De båda sistnämda äro nya i sina resp.",NN,1896-1899,94,100,1899,1899,e8a77e7d_94_100|fröken|1899,[4],"[""4""]",4.0,0
classical,fröken,040f9450_353_362,"I den synnerligen rika och praktfulla blomstergärden märktes särskildt kransar frän Mora folkhögskolas styrelse , Alora folkhögskolas lärarekår , Mora folkhogskoleförbiind , Hushållningssällskapet , Rättviks — Boda hemslöjdsförening , Leksands hemslöjdsförening , Elever vid praktiska skolan , Mora hernbygdskor , Lirium , Stockholm , landshöfdingcnoch fröknarna Holmquist , konstnären Zorn , fröken Agnes Branting , Stockholm , fru Karin Larsson , Sundborn , Elisabet Thorman , Stockholm , m .",NN,1912-1915,353,362,1913,1913,040f9450_353_362|fröken|1913,[4],"[""4""]",4.0,1
classical,fröken,b9293f6_189_195,K operan Om onsdag gifves för första gången under säsongen Delibes omtyckta opera » Lakmé » med hr Arvid Ödmann som då återinträder i tjenstgöring i Géralds parti Lakmés roll återgifves af fröken Parsberg som då utför sin tredje debutroll,NN,1888-1891,189,195,1891,1891,b9293f6_189_195|fröken|1891,[4],"[""4""]",4.0,0
classical,fröken,e41f3fbd_150_156,"I Katarina Månsdotters parti återsåg man med nöje fru Fahlman , som dermed gjorde sitt återinträde vid Nya teatern , och som prinsessan Cecilia rönte fröken Arnoldson ett synnerligen välvilligt mottagande på den scen hon dervid första gången beträdde .",NN,1880-1883,150,156,1881,1881,e41f3fbd_150_156|fröken|1881,[4],"[""4""]",4.0,0
classical,fröken,337b46c8_135_144,"Henrik Améen , fröken Charlotte Kihlbaum , fru Elin Zetterström , litmedikus H . V. Hulphers , fru Torinna Hulphers , hr N . E. Holm , fröknarna Thekla Holm , Mimmi Holm , M . Åkerblom , Bertha Bardolff och Hilma Bardolff , fru H . Ton Schneidau , fabrikör Ferd .",NN,1880-1883,135,144,1881,1881,337b46c8_135_144|fröken|1881,[4],"[""4""]",4.0,2
classical,fröken,df171f0e_66_72,"Vittnet hade fått den uppfattningen , att fru Taube mera litat på fröken Fägerskiöld om sjukdomsuppgifterna än på doktor Guillemot .",NN,1896-1899,66,72,1898,1898,df171f0e_66_72|fröken|1898,[4],"[""4""]",4.0,0
classical,fröken,a4e130cd_139_145,"En skola där alfabetets bokstäver är klistrade på väggarna , där barnen ropar ” fröken kolla ” och där det viktigaste innan hemgång är att fröken ska säga vem som är längst , medan eleverna står på tå och hoppar högt .",NN,2014-2015,139,145,2015,2015,a4e130cd_139_145|fröken|2015,[5],"[""5""]",5.0,0
classical,fröken,6863e626_14_20,"2:dra klass : Fröken Ulla Jakobsson , Nybro ; fru Selma Sjöqvist , Gränö ; fröken Anna Nilsson , d:o hustrun Augusta Johansson , N . Bäckebo .",NN,1904-1907,14,20,1904,1904,6863e626_14_20|fröken|1904,[4],"[""4""]",4.0,2
classical,fröken,4f9a1f68_148_154,För öfrigt förklarade fröken Fägerskiöld i skriften anledningen till att hon först omtalat sin förlofning ( ej genom tidningarne ) utan i bref till fröken Augusta Taube ; särskilda omständigheter hade så fogat .,NN,1896-1899,148,154,1897,1897,4f9a1f68_148_154|fröken|1897,[4],"[""4""]",4.0,0
classical,fröken,93a442fd_81_87,"Det är en stor dag för oss och vi är väldigt glada , säger Prins Carl Philip och fröken Sofia Hellqvist i ett pressmeddelande .",NN,2014-2015,81,87,2014,2014,93a442fd_81_87|fröken|2014,[4],"[""4""]",4.0,0
classical,fröken,fec188af_93_99,"Hedenström med fru , Geda ; ftjejk , Augusta Forsberg , fröken E. Skoog , fröken A . Skoog , fröken Kerstin Skoog , KarlW.MW ; gvafvinnan Stephanie von Plåten med hsfjening , frökon H von Schiidt , Stock b alm , brukspatron C . A . Marström , Södertelge ; doktor i . Marström , Strengnäs ,",NN,1888-1891,93,99,1888,1888,fec188af_93_99|fröken|1888,[4],"[""4""]",4.0,2
classical,fröken,a913cd0f_216_222,Hr * Widberg ; Fru Noirel Fru Fahlman ; Suzanne Frn Rundberg ; Fru Filoche Fröken Åhlander ; Euphemie Fröken Söderman ; Fru Rosemonde Fröken Lundeqvist ; En dam Fröken Klefberg ; En annan dam Fröken Åkerlund^ Olympe Fröken Påldani ; En skrifvare Fröken Bäckström . ),NN,1888-1891,216,222,1889,1889,a913cd0f_216_222|fröken|1889,[4],"[""4""]",4.0,2
classical,fröken,4be64282_170_179,"Ktyrnise for stundande arbetsår valdes hn John Bengtsson , Långnäs , ordförande , Arthur Svensson , Timmernabben , vice d:o , Julius Bergson , Lår ?näs , sekreterare wot fröknarna Eiin Nilsson , och Gertrud Andrasoe , Långnås .",NN,1912-1915,170,179,1915,1915,4be64282_170_179|fröken|1915,[4],"[""4""]",4.0,2
classical,fröken,152c093b_31_37,"Bland hennes roller märks även fröken Eternell i tv-serien ” Pip-Larssons ” från 1998 , och Kamrer Gunnarsson i skärgården från 1976 .",NN,2022-2023,31,37,2022,2022,152c093b_31_37|fröken|2022,[4],"[""4""]",4.0,0
classical,fröken,719105b4_8_17,Lind af fröknarna Elsa Linnea Johansson från Kal mar och Helga Davida Johansson från Torsås rarat kyrkosangarexanun samma lag af fröken Elsa Linnea Johansson från Kalmai Lyaoojei ;,NN,1912-1915,8,17,1913,1913,719105b4_8_17|fröken|1913,[4],"[""4""]",4.0,0
classical,fröken,dc42c447_157_163,"Innan det var dags för dresdenborna att sätta tänderna i läckerbiten , så färdades kakan traditionellt till torget med häst och vagn , och invigdes av årets Fröken Stollen , Luise Fischer .",NN,2014-2015,157,163,2014,2014,dc42c447_157_163|fröken|2014,[4],"[""4""]",4.0,0
classical,fröken,934ff2_126_132,När hennes klass hade varit på skidutflykt hade samtliga 22 elever haft smörgåsar med färgglada ägg-pålägg i olika former och fröken tyckte inte att påläggen verkade så hälsosamma – men det var inget fel på dem !,NN,2006-2007,126,132,2007,2007,934ff2_126_132|fröken|2007,[5],"[""5""]",5.0,0
classical,fröken,f541a7ed_99_105,"– Jag trodde inte mina ögon när jag kom in här och såg dockklassen sittandes i sina skolbänkar och fröken i katedern , säger Håkan Toresson .",NN,2014-2015,99,105,2015,2015,f541a7ed_99_105|fröken|2015,[5],"[""5""]",5.0,0
classical,fröken,1523689e_128_134,"Många kanske minns honom som den excentriske Mon Cousin i ” Hedebyborna ” , eller från filmer som ” Raskenstam ” , ” Swing it , fröken ” eller Lasse Åbergs ” Den ofrivillige golfaren ” .",NN,2014-2015,128,134,2014,2014,1523689e_128_134|fröken|2014,[5],"[""5""]",5.0,0
classical,fröken,361c7372_67_73,"( Forts. ) Första klass : Fröken Gustafva Norberg , Södermanland ; fröken Laura Norberg , d:o ; fröken Fanny Kraak , Westervik ; Kammarskrifvare O. G . Funkqvist , Malmö ; fru Agda Söderberg , Kalmar ; Elly Söderberg , d:o ; Elisabeth Söderberg , d:o ; fru Lina Carleson , Stockholm ; fröken Helene Carleson , d.o ; fröken Clara Carleson , d:o ; öfverstinnan S. Eketrä , Stockholm ; Ebbe von Engeström , d:o ; kandidat C . Olsson , Säfsjö ; fru Jenny Svanström , Stockholm ; fröken Lydia Wikén , d:o ; pastor T .",NN,1896-1899,67,73,1896,1896,361c7372_67_73|fröken|1896,[4],"[""4""]",4.0,1
classical,fröken,829e078e_38_44,"Ten fympatifka helsning , som egnades fröken Arnoldson war dock ej blott en hyllning för ett wärderadt namn eller en uppmuntran ät den unga loswande debutanten , utan snarare ett uttryck af publikens glädje och tillfredsställelse öfwer den nya intagande bekantflapen . '",NN,1880-1883,38,44,1883,1883,829e078e_38_44|fröken|1883,[4],"[""4""]",4.0,0
classical,fröken,a45c1503_68_77,A . F. Montelin 206 Provisor C . Ahlberg 12 Provisor C . Florell 10 Fröknarna Zelma & Ida Jörgensen 50 Fröken Johanna Bergengren 14 Handlanden A . Svensson 50 Med .,NN,1880-1883,68,77,1882,1882,a45c1503_68_77|fröken|1882,[4],"[""4""]",4.0,2
classical,fröken,8a07d446_80_86,"Sedan kaffet serverats ljöds på musik från såväl piano som violin af doktor och fröken Fag.-rström , Kom så deklamation af fröken Jeansson , aom deklamerade stycket » Ottefärd » , oeh af studeraudeD T. llöllerberg , som deklamerade » HumlanstaB » af",NN,1912-1915,80,86,1913,1913,8a07d446_80_86|fröken|1913,[4],"[""4""]",4.0,0
classical,fröken,e04a06d_36_42,Adam har berättat för sin mamma att fröken har sagt att det finns barn som har varit elaka mot andra på skolan .,NN,2006-2007,36,42,2007,2007,e04a06d_36_42|fröken|2007,[5],"[""5""]",5.0,0
classical,fröken,4be9fd68_73_79,"Från Denver i Colorado meddelas : Tiil detektiva polisen fcärstäde » har fröken Juiia Swenson , mediets : af sköterskeklassen vid S:t Josephs Hospital , inrapporterat att hon bestulits på ett kreditivbref å 77,000 dollars , d. v. s. i svenskt mynt cirki 300,000 kr. , samt en personlig växel å 500 dollars .",NN,1912-1915,73,79,1915,1915,4be9fd68_73_79|fröken|1915,[4],"[""4""]",4.0,1
classical,fröken,15fa8939_203_209,"Hr Neuman har nu lyckats förskaffa sig ytterligare ett par hvar i sitt fack framstående artister , nemligen den vidtbekante konstskytten löjtnant Leo från Belgien och den utmärkta chanconnettssångerskan fröken Anna Suhr .",NN,1880-1883,203,209,1883,1883,15fa8939_203_209|fröken|1883,[4],"[""4""]",4.0,0
classical,fröken,1d1d3773_149_155,"Den framstående jorddrotten afled 1867 , lämnande sina välordnade och välbebyggda gårdar till sina barn , och i skiftet dem emellan tili föll Björnö fröken Axeline Henriette Posse , född 1814 på Björnö .",NN,1904-1907,149,155,1905,1905,1d1d3773_149_155|fröken|1905,[4],"[""4""]",4.0,0
classical,fröken,9a02d47e_59_65,- En 50-lapp att samla in till en fotbollstränare eller en fröken leder till att jag får jag dra in på något annat .,NN,2010-2011,59,65,2011,2011,9a02d47e_59_65|fröken|2011,[5],"[""5""]",5.0,0
classical,fröken,51615565_10_16,"Däribland fröken Meral Tasbas , friherre Carl de Geer , statsfrun friherrinnan Kirstine von Blixen-Finecke och HSH prins Hubertus von Hohenzollern .",NN,2014-2015,10,16,2015,2015,51615565_10_16|fröken|2015,[4],"[""4""]",4.0,0
classical,fröken,f54dd3d4_115_121,"Förra julen tog vi tillfället i akt och berättade om Anna Sellström , den kvinna som vi valde att kalla Östersunds fröken Friman .",NN,2018-2019,115,121,2018,2018,f54dd3d4_115_121|fröken|2018,[4],"[""4""]",4.0,0
classical,fröken,8a0b5b37_45_51,"förra veckan gj- , rde de en nattlig visit i fröken Hilma Peterssons i 1 ' lygsfors handelsbutik och stal da .",NN,1912-1915,45,51,1913,1913,8a0b5b37_45_51|fröken|1913,[3],"[""3""]",3.0,0
classical,fröken,2f73eb9b_143_149,"teatern ) och Löfgren ( Nya teatern ) , tenorer , hrr Holm ( baryton ) och Hofer ( bas ) från Helsingfors , hvarjemte underhandlingar pågå med fröken do Berg , sopran .",NN,1880-1883,143,149,1880,1880,2f73eb9b_143_149|fröken|1880,[4],"[""4""]",4.0,2
classical,fröken,a3511b8a_2_8,"— Fröken Therese , tog nu herr Arendberg till ordet , är ni nöjd med att vi båda , denne herre och jag , öfvertaga menageriet ?",NN,1880-1883,2,8,1883,1883,a3511b8a_2_8|fröken|1883,[4],"[""4""]",4.0,0
classical,fröken,66c21a6_65_71,"Enligt meddelanden frän Bukarest till Neuer Wiener Tageblatt har fröken Vacarescu , hwilken för nänvarande tillsammans med drottning Elisabeth willas i Venedig , derstädes gjort ett sjelfmordsförsök .",NN,1888-1891,65,71,1891,1891,66c21a6_65_71|fröken|1891,[4],"[""4""]",4.0,0
classical,fröken,d6f88a3d_194_200,"Åklagaren hade därför låtit anställa polisundersökning , och i Stockholms Aftonblads telefonreferat från Höckerstad , som vi här nedan i hufvudsak följa för hela ransakningeD , meddelas härom : Fröken F. hade erhållit flaskan hos sin moster , grefvinnan Sparre på Kinna , som omtalat , att hon , som efter genomgången barnsbörd lidit af blodbrist , blifvit ordinerad arsenik och erhållit en flaska med arseuikpiller .",NN,1896-1899,194,200,1897,1897,d6f88a3d_194_200|fröken|1897,[4],"[""4""]",4.0,1
classical,fröken,e2832039_152_158,"” Jag minns det kvinnan berättade om , för jag gjorde likadant själv när jag var i lågstadieåldern , men med följden att jag fick en reprimand från min fröken som sa att det var fult att ljuga . ”",NN,2018-2019,152,158,2018,2018,e2832039_152_158|fröken|2018,[5],"[""5""]",5.0,0
classical,fröken,c765c19f_209_215,"A . Larsson , fröknarna Hedvig och Thorborg Larsson , herrar Harald och Esaias S:t CyT , alla från Mellerud ; kionplänBman P . Stockman _ med fru och dotterbarn , Kuserud , kronolänsmah J . F. Widén med fru , fröken Jenny Widén , Mellerud ; komminister A .",NN,1880-1883,209,215,1883,1883,c765c19f_209_215|fröken|1883,[4],"[""4""]",4.0,1
classical,fröken,0760dad0_26_32,"» Gerda » ) , Mariehamn ; fröken Maria Persson , Trelleborg ; smidesmästaren A . Sandahl , Emmaboda ; Carl Carlsson , Karlskrona ; fröken Anna Sköneman ( Äng .",NN,1896-1899,26,32,1898,1898,0760dad0_26_32|fröken|1898,[4],"[""4""]",4.0,2
classical,fröken,0380547e_147_153,"På grund af denna min erfarenhet beslöt BkolstyTelsen den 4 juli 1910 — alltså 9 månader efter fr. Svenssons tillträdande af platsen — att uppsåga fröken Svenson från hennes befattning vid skolan , men genom beslut den 10 augusti 1910 medgaf styrelsen fröken Svenson att få kvarstanna som husmoder för manliga kursens hushåll till denna knrs slut , hvarefter skolkökslärarinneplatsen annonserades ledig .",NN,1912-1915,147,153,1914,1914,0380547e_147_153|fröken|1914,[3],"[""3""]",3.0,1
classical,fröken,8eaa0de1_95_101,"In skrifna badgäster sommaren 1907 Forts ) Fröken J . Bohman , Stockholm ; fru L Högel , d:o ; fröken E , Högel , d:o ; konsul E .",NN,1904-1907,95,101,1907,1907,8eaa0de1_95_101|fröken|1907,[4],"[""4""]",4.0,2
classical,fröken,33da7bb_18_24,ctslag i lråga om fröken Selma Lagerlois beskattning år 1910 ; i Se Magistratens skrifvelse med ] éfverlimnande af vederbörande reviso-1 MSa berättelser angående verkställd I,NN,1912-1915,18,24,1912,1912,33da7bb_18_24|fröken|1912,[4],"[""4""]",4.0,0
classical,fröken,99531f04_154_160,Till ordinarie folkskollärarinna i Grangärde med tjänstgöringsskyldighet tills vidare vid folkskolan i Laxsjön valdes å kyrkstämma den 6 dennes enhälligt fröken Hanna Forsgren .,NN,1896-1899,154,160,1897,1897,99531f04_154_160|fröken|1897,"[3, 5]","[""3"", ""5""]",,0
classical,fröken,0760f7f1_141_147,"Berg , Stockholm ; doktorinnan Ellen Ramstedt , d:o ; fröken Karin Spörk , d:o ; fru E. Carlberg , d:o ; bokförläggaren N . Skoglund , d:o ; fröken Anna Liljegren , Kalmar ; Sven H .",NN,1896-1899,141,147,1898,1898,0760f7f1_141_147|fröken|1898,[4],"[""4""]",4.0,2
classical,fröken,152775f0_96_102,"Regissör är Anna Pettersson , som tidigare jobbat med en uppmärksammad version av Strindbergs ” Fröken Julie ” på Strindbergs Intima Teater 2012 .",NN,2014-2015,96,102,2015,2015,152775f0_96_102|fröken|2015,[4],"[""4""]",4.0,0
classical,fröken,4a7a6585_18_24,"Sedan ordföranden fröken Sandberg aftackat publiken atslutades den trefliga lilla festen med gemensamt afsjungande af » Du gamla , du fria » .",NN,1912-1915,18,24,1914,1914,4a7a6585_18_24|fröken|1914,[4],"[""4""]",4.0,0
classical,fröken,32f21e32_44_50,– Det var många som blev väldigt ledsna när fröken berättade att Khaled och Mohammed inte skulle få vara kvar här .,NN,2014-2015,44,50,2014,2014,32f21e32_44_50|fröken|2014,[5],"[""5""]",5.0,0
classical,fröken,ab67832_29_35,"Hr Staaff : ” Det är ju icke fröken F:s mening att bestrida , att icke möjligen herrskapet Eggers af svarandens ord skulle ha kunnat draga den berättigade slutsatsen , att fru Taube v&lt ; , rit orsaken till mannens död . “ Svar : ” Nej , det är det icke . ” Ett vittne af nio infinner sig .",NN,1896-1899,29,35,1897,1897,ab67832_29_35|fröken|1897,[4],"[""4""]",4.0,1
classical,fröken,68fd5c2d_310_316,"Der såg man den berömde professorn och hofmålaren von Walther , hvars taflor pä sista utställningen väckte så stort intresse ooh betalades långt öfver deras värde , den snillrike folkrepresentanten och talaren doktor Wttrfel , den ryktbara operasångerskan fru Fiseher Farina , den snillrika hofskådespelerskan fröken Siegel , för hvilken den ridderlige juristen svärmade , bankdirektören Slern , flere gånger millionär oeh dertill jorddrott , med ett ord hufvudstadens grädda .",NN,1888-1891,310,316,1888,1888,68fd5c2d_310_316|fröken|1888,[4],"[""4""]",4.0,1
classical,fröken,cdb70ae0_108_114,Under dessa omständigheter beslöt komitén att alls icke utdela första priset ; andra priset tillerkändes en fröken Berger från Wien .,NN,1888-1891,108,114,1890,1890,cdb70ae0_108_114|fröken|1890,[4],"[""4""]",4.0,0
classical,fröken,32f7ded9_111_117,"Häromsistens var det SVT och dess vd Eva Hamilton som fick ta emot ett rött tyghjärta , som tack för TV-serien Fröken Frimans krig som sändes under mellandagarna i SVT .",NN,2014-2015,111,117,2014,2014,32f7ded9_111_117|fröken|2014,[4],"[""4""]",4.0,0
classical,fröken,15254742_95_101,Manusförfattaren Pernilla Oljelund tror att kvinnorna som stått förebild för huvudrollerna i ” Fröken Frimans krig ” skulle bli besvikna om de såg att det svenska samhället i dag fortfarande är långt från helt jämställt .,NN,2014-2015,95,101,2014,2014,15254742_95_101|fröken|2014,[4],"[""4""]",4.0,0
classical,fröken,ae484614_71_80,"Sen lekte vi lite till och när vi skulle gå tillbaka så stannade en av fröknarna kvar och väntade på polisen , säger en elev som var med på skolutflykten .",NN,2018-2019,71,80,2018,2018,ae484614_71_80|fröken|2018,[5],"[""5""]",5.0,0
classical,fröken,610d37b0_0_6,"Fröken Dagny Sternvall som Gwendolen Fairfax , den unga storstadsdamen , och fru Winnerstrand som Cecily Cardew , den adertonåriga , oerfarna landtflickan , voro särdeles lyckade hvar i sin rol och isynnerhet uppträdet dem emellan då de tro att de äro kära i samma person , gjordes alldeles utmärkt .",NN,1904-1907,0,6,1907,1907,610d37b0_0_6|fröken|1907,[4],"[""4""]",4.0,0
classical,fröken,5634496e_0_6,"Fröken Minna Alina Telenius , dotter till vice pa s torn Telenius ( Yangasala ) i Finland afdagatog sig i Onsdags medelst cyankalium .",NN,1888-1891,0,6,1891,1891,5634496e_0_6|fröken|1891,[4],"[""4""]",4.0,0
classical,fröken,152ad3b7_151_157,"Efter examen flyttade hon tillbaka till Göteborg och började sin karriär som skådespelare på Göteborgs stadsteater , där hon bland annat medverkat i ” Fröken Julie ” och ” Romeo och Julia ” .",NN,2022-2023,151,157,2022,2022,152ad3b7_151_157|fröken|2022,[4],"[""4""]",4.0,0
classical,fröken,8a750bd9_40_46,"Vid det förut omnämnda bröllopet mellan fröken Lovisa Wallis och godsegaren grefve Löwen fungerade följande personer som marskalkar och tärnor : Löjtnanterna M . von Voigts , Rhetz , K. Peyron , grefve C . Löwen , A , Wallis , F. Nordenstjerna , J . Sjöcrona , baron Blixen-Finecke , andra sekreteraren G .",NN,1888-1891,40,46,1890,1890,8a750bd9_40_46|fröken|1890,[4],"[""4""]",4.0,2
classical,fröken,f05618b8_30_36,Som svepskäl påpekade han att fröken Julie inte fanns utgiven på engelska än och hoppades få ett svar med en underskrift .,NN,2014-2015,30,36,2015,2015,f05618b8_30_36|fröken|2015,[4],"[""4""]",4.0,0
classical,fröken,3279210_81_87,"Det är en stor dag för oss och vi är väldigt glada , säger Prins Carl Philip och fröken Sofia Hellqvist i en kommentar i pressmeddelandet .",NN,2014-2015,81,87,2014,2014,3279210_81_87|fröken|2014,[4],"[""4""]",4.0,0
classical,fröken,fdfe31ba_0_6,"Fröken F. kommer således troligen att få tillbringa julen i fängelset , och hennes sinne , om hon bär på en så tung hemlighet , som man nu förmodar , har då tid att vekna- Att tillbringa sin jul i fängelset och af en sådan anledning bör vara bittert nog .",NN,1896-1899,0,6,1897,1897,fdfe31ba_0_6|fröken|1897,[4],"[""4""]",4.0,0
classical,fröken,c765eb5_44_50,"Vi träffade en ståtlig dam från Stockholm , fröken Sofie , som spelas av Yelda Hadodo och följde med henne på besök i den ” populära badorten ” Södertälje .",NN,2018-2019,44,50,2018,2018,c765eb5_44_50|fröken|2018,[4],"[""4""]",4.0,0
classical,fröken,152a2097_20_26,"I boken har läraren fröken Oliviero en viktig plats i det att hon ser den begåvning dessa två fattiga små flickor har och bestämmer sig för att hon , mot deras föräldrars vilja , ska få dem intresserade av att studera vidare .",NN,2018-2019,20,26,2018,2018,152a2097_20_26|fröken|2018,[5],"[""5""]",5.0,0
classical,fröken,47e7fcb8_3_9,"om fröken Lysells sinnestillstånd , ocb förvånade sig öfver , att doktorerna Nyström och Edlund hunnit konstatera hennes normala sinnesbeskaffenhet .",NN,1904-1907,3,9,1906,1906,47e7fcb8_3_9|fröken|1906,[4],"[""4""]",4.0,0
classical,fröken,1d162b57_56_62,"Biljettprisen till de föreställningar , vid hvilka både Fröken Oselio ooh Herr Bottero uppträda , äro förhöjda med 60 öre å Parkett , 1 krona å Första Raden samt 25 öre å öfriga räder .",NN,1888-1891,56,62,1891,1891,1d162b57_56_62|fröken|1891,[4],"[""4""]",4.0,0
classical,fröken,32f03c86_44_50,– Det var många som blev väldigt ledsna när fröken berättade att Khaled och Mohammed inte skulle få vara kvar här .,NN,2014-2015,44,50,2014,2014,32f03c86_44_50|fröken|2014,[5],"[""5""]",5.0,0
classical,fröken,54ba2828_0_9,Fröknarna Ida Byström och Isabel Wennberg samt Herrar Engelbrecht och Henneberg gifver undertecknad Söndagen den 2 Maj 1880 kl. half 2 e. m . en,NN,1880-1883,0,9,1880,1880,54ba2828_0_9|fröken|1880,[4],"[""4""]",4.0,0
classical,fröken,c272492f_275_281,"G . Olsson , Påboda ; veterinärläkaren R . Johansson , Söderåkra ; fru Alma Cederberg , d:o ; fröken Hanna Gustafsson , Kvilla ; fru Anna Petersson , Österrnm ; landtbrukaren A . Andersson , Glasholm ; fru Amanda Andersson , Brakansmåla ; Ingrid Maria Andersson , Appleryd ; fröken Sally dersson , Oxlehall ; fröken Ida Andersson , Kristianopel ; snickaren C .",NN,1904-1907,275,281,1905,1905,c272492f_275_281|fröken|1905,[4],"[""4""]",4.0,1
classical,fröken,32f6306e_88_97,"Emil Key , pappa till en av Sveriges internationellt mest kända kvinnor Ellen Key , och Fröknarna Wirén är exempel på två av porträtten .",NN,2018-2019,88,97,2019,2019,32f6306e_88_97|fröken|2019,[4],"[""4""]",4.0,0
classical,fröken,eabb7704_112_118,"finnas trefliga Rum i familj från 2 till 5 franc * pr dag , nära expositionen och centralt med spårvagnar , hos Fröken Nilson , Couturiere , 41 Avwui de Vagram .",NN,1888-1891,112,118,1889,1889,eabb7704_112_118|fröken|1889,[4],"[""4""]",4.0,0
classical,fröken,1c07fe50_160_166,"har ingåtts i Murgelan emellan chefen för bröderna Nobels Elektriska anläggningar i Centralasien civilingenjören Axel Blomgren , bördig frun Smedjebacken , och fröken Alexandra Lasasevitsch , dotier till framlidne civilingenjören Lasasevitsch och hans efterlefvande maka .",NN,1912-1915,160,166,1915,1915,1c07fe50_160_166|fröken|1915,[4],"[""4""]",4.0,0
classical,fröken,3b1a63f3_137_143,"Lidberg — 2 stortröjor , 2 par strumpor , Fru Falhem — 2 stortröjor , Fru Fanny Ihrman — 2 par strumpor , Fröken Kjellin — 1 stortröja , Fröken Wetterdal — 2 stortröjor , 1 par yllekalsonger ,",NN,1896-1899,137,143,1898,1898,3b1a63f3_137_143|fröken|1898,[4],"[""4""]",4.0,2
classical,fröken,e0b7b69f_36_42,"– Vi pratade om sitautionen och vår fröken sa att vi kan skänka en tanke , säga hej eller ge en klapp på axeln .",NN,2014-2015,36,42,2015,2015,e0b7b69f_36_42|fröken|2015,[5],"[""5""]",5.0,0
classical,fröken,8e360dc_166_172,Sedan lady Hallés besök har man här icke hört en så framstående violinkonstnär som fru Scharwenka och man måste gå än längre tillbaka för att leta fram en pianist af fröken Lysells genialiska beskaffenhet .,NN,1896-1899,166,172,1898,1898,8e360dc_166_172|fröken|1898,[4],"[""4""]",4.0,0
classical,fröken,cdce06_77_83,"I onsdags gafs den förut härstädes kända operetten “ Donna Juanita "" , hvari fröken Grönberg hade en af sina glansroller .",NN,1880-1883,77,83,1883,1883,cdce06_77_83|fröken|1883,[4],"[""4""]",4.0,0
classical,fröken,214de836_86_92,"' t Hammar , Vinoisoorg , konsul Ernst Krenger , Borgholm , fru Jenny Kreager , d:o , fröken Britta Kreuger , d:0 , fl <Greta Ekström , Stockholm , fru Helga Hallin , d-o , Hösta Hallin , d:o , Eva Hallin , d:o , fröken Ida Johansson , Cistr.lslösa , fröken Mimmi Andersson , Haraldsmåla , fröken Tekla Petersson , Blomstermåla , borgmästare Felix Hoppe , Malmö , fru Oiga Hoppo , d:o , fröken Anna Hoppe , Bor^r holm .",NN,1912-1915,86,92,1915,1915,214de836_86_92|fröken|1915,[4],"[""4""]",4.0,1
classical,fröken,e26a8319_25_31,"Pettersson , Skönberga ; fröken Augusta Modig , Katrineholm ; hr Frans Johansson , Örebro ; förvaltaren A . Nystedt , Lenna ; fröken Emma Fogelberg , Norrköping ; landtbr .",NN,1888-1891,25,31,1888,1888,e26a8319_25_31|fröken|1888,[4],"[""4""]",4.0,2
classical,fröken,4a7ff47b_118_124,Utställningen vittnade om ett gediget arbetet från såväl lärarinnors som elevers sida och länder den sin anordnarinna fröken Gllmark till all heder .,NN,1912-1915,118,124,1914,1914,4a7ff47b_118_124|fröken|1914,"[3, 5]","[""3"", ""5""]",,0
classical,fröken,6a645e7_76_82,"Priserna billiga i förhållande till varans godhet , Säljas i kommission hos fröken ANDIN , Erik Dahlbergsgatan 14 , midt för Betlehemskyrkan .",NN,1888-1891,76,82,1890,1890,6a645e7_76_82|fröken|1890,[3],"[""3""]",3.0,0
classical,fröken,c7dd084a_208_214,"fröken Vicktoria Lundsén , den framstäende swenska altsängerskan , bördig frän Bohuslän , gifwer i dagarne i London under bestydd af prinsessan af Wales en konsert , hwarwid — som det heter pä programmet — "" fröken Bundsen för första gängen stall uppträda efter sin längwariga och swära sjukdom "" .",NN,1880-1883,208,214,1882,1882,c7dd084a_208_214|fröken|1882,[4],"[""4""]",4.0,0
classical,förort,d695a6b7_71_79,"Men det var ju Sverigedemokraterna som ville att militären skulle in i förorten och Stefan Löfven fick en fråga hur han såg på det och då sa han att det inte är min förstahandsåtgärd , men att han vill att myndigheterna ska kunna stärka sin samverkan , är det verkligen att säga att han vill skicka in armén ?",NN,2018-2019,71,79,2018,2018,d695a6b7_71_79|förort|2018,"[2, 3]","[""2"", ""3""]",,1
classical,förort,e0bf061f_72_82,"I samtliga innerstadsstadsdelar är droganvändandet större än de utsatta förorterna där få läser vidare på universitet och arbetslösheten är hög , som till exempel kring Järvafältet eller söderort .",NN,2018-2019,72,82,2018,2018,e0bf061f_72_82|förort|2018,[3],"[""3""]",3.0,2
classical,förort,85209ce_200_208,"En sökning på alla tillgängliga bostäder i hennes prisnivå ger tre alternativ : Ett garage i Hjorthagen i utkanten av Stockholms innerstad , en garageplats i centrala Vasastan , eller en liten etta i förorten  .",NN,2018-2019,200,208,2018,2018,85209ce_200_208|förort|2018,"[1, 2, 3]","[""1"", ""2"", ""3""]",,1
classical,förort,91a00e10_103_111,Åtta av de fjorton dödade ska ha mist livet när säkerhetsstyrkor öppnade eld mot demonstranter i flera förorter till Damaskus .,NN,2010-2011,103,111,2011,2011,91a00e10_103_111|förort|2011,"[1, 2]","[""1"", ""2""]",,2
classical,förort,d194e1a0_55_61,"– Ja , vi är nu hos mina svärföräldrar i St Lucia , en förort till Brisbane , säger Victoria Cain , örebroare som bor i en förort till Brisbane med sin familj .",NN,2010-2011,55,61,2011,2011,d194e1a0_55_61|förort|2011,"[1, 2]","[""1"", ""2""]",,0
classical,förort,91da6ae_29_37,"Enligt vittnen har den södra förorten Haret Hreik , där Hizbollah har sitt högkvarter , varit målet för flera av attackerna .",NN,2006-2007,29,37,2006,2006,91da6ae_29_37|förort|2006,"[1, 2]","[""1"", ""2""]",,0
classical,förort,91173b5_58_68,"Så väl på gatorna i centrala Paris som ute i de nedgångna förorterna uttrycker många en känsla av att varje röst kommer att ha betydelse i detta ovanligt spännande val , säger SVT:s Europakorrespondent Christina Johannesson på plats i Paris .",NN,2006-2007,58,68,2007,2007,91173b5_58_68|förort|2007,"[2, 3]","[""2"", ""3""]",,1
classical,förort,a4e65a4c_174_184,I askan av förra årets upplaga av bokmässan i Göteborg väcktes en idé hos José Romero och hans kollega att starta en bokmässa som lyfter fram författare som bor och verkar i förorterna .,NN,2018-2019,174,184,2018,2018,a4e65a4c_174_184|förort|2018,[3],"[""3""]",3.0,1
classical,förort,e2823d01_111_119,"Peter Torstensson menar att samhället nu måste agera , så att inte samma problematik som finns i storstädernas förorter utvecklas även i små samhällen på landsbygden .",NN,2022-2023,111,119,2022,2022,e2823d01_111_119|förort|2022,"[2, 3]","[""2"", ""3""]",,2
classical,förort,f34c3388_92_100,Men än så länge är det bara de som köper el från Storuman energi och bor i en av Stockholms förorter som kan prova detta sätt att köpa sin el .,NN,2010-2011,92,100,2011,2011,f34c3388_92_100|förort|2011,[2],"[""2""]",2.0,0
classical,förort,e2e94e_144_154,Varje år sen 2000 har Göteborg fått extra anslag från både regeringen och EU för att öka integrationen och ordna jobb till långtidsarbetslösa i förorterna .,NN,2006-2007,144,154,2006,2006,e2e94e_144_154|förort|2006,"[2, 3]","[""2"", ""3""]",,2
classical,förort,e0bc7de2_51_57,"Man kan tycka att detta är en liten gräsplätt i en förort och kanske inte så intressant , men för Yimby handlar det om vilken stad man vill ha .",NN,2014-2015,51,57,2014,2014,e0bc7de2_51_57|förort|2014,"[1, 2]","[""1"", ""2""]",,0
classical,förort,8525bcb_119_127,– Jag vill skriva och berätta om den där amon ( farbror på arabiska ) som driver en kiosk som alla kan relatera till i förorten .,NN,2022-2023,119,127,2023,2023,8525bcb_119_127|förort|2023,[3],"[""3""]",3.0,0
classical,förort,85214e4_29_37,"Där lovade han att alla från förorten skulle få gå på hans konsert i Globen gratis , ett uttalande han senare backar ifrån .",NN,2018-2019,29,37,2019,2019,85214e4_29_37|förort|2019,"[2, 3]","[""2"", ""3""]",,0
classical,förort,152a152e_60_70,"Det används av politiker och syftar på utanförskap , våld i förorterna och en integration som är svår att hinna med .",NN,2018-2019,60,70,2018,2018,152a152e_60_70|förort|2018,[3],"[""3""]",3.0,0
classical,förort,e28f226a_69_77,Tanken är att fler och naturligare möten mellan företag och elever i förorten skall inspirera fler att läsa vidare och även skapa praktikplatser och i förlängningen jobb .,NN,2014-2015,69,77,2014,2014,e28f226a_69_77|förort|2014,"[2, 3]","[""2"", ""3""]",,2
classical,förort,e0bef5fa_135_143,– Jag önskar att sådana här oroligheter och saker som är i gränslandet till kriminalitet aldrig normaliseras bara för att det händer i förorten .,NN,2014-2015,135,143,2015,2015,e0bef5fa_135_143|förort|2015,[3],"[""3""]",3.0,0
classical,förort,d69a4a07_252_260,"Men det är en viktig faktor , säger kriminalkommissarie Pål Sjölander som är ansvarig för den särskilda insats som kallas Trygg i Göteborg och som polisen drog igång när de gängrelaterade brotten och skjutningarna började eskalera i flera av Göteborgs förorter .",NN,2014-2015,252,260,2015,2015,d69a4a07_252_260|förort|2015,"[2, 3]","[""2"", ""3""]",,1
classical,förort,91ae896f_167_177,"Samtidigt ifrågasätter nu Åke Sellström , chef för FN:s vapeninspektörer i Syrien , den syriska regimens förklaringar kring sarin-gasattacken i de rebellkontrollerade förorterna i Damaskus i augusti som dödade hundratals civila .",NN,2014-2015,167,177,2014,2014,91ae896f_167_177|förort|2014,"[1, 2]","[""1"", ""2""]",,2
classical,förort,e0b92206_70_78,"Både vapen och narkotika har tagits i beslag i Stockholm , dess södra förorter och i Mälardalen efter polisens spaning och utredning mot grovt kriminella personer , skriver polisen på sin hemsida .",NN,2022-2023,70,78,2022,2022,e0b92206_70_78|förort|2022,[2],"[""2""]",2.0,2
classical,förort,ae466f9_177_185,"– Man bygger upp en massa motsatsförhållanden där dom som inte råkar ha majoritetssamhällets behörigheter blir negativt , det vill säga invandrare blir den kriminella som bor i förorten .",NN,2010-2011,177,185,2011,2011,ae466f9_177_185|förort|2011,[3],"[""3""]",3.0,2
classical,förort,e0be59b6_113_121,"Över 250 barn upp till 18 år kommer få julklappar utdelade i år av Ortens tomtenissar , som själva är uppvuxna i förorten , med stöd av volontärer och sponsorer .",NN,2022-2023,113,121,2022,2022,e0be59b6_113_121|förort|2022,[3],"[""3""]",3.0,0
classical,förort,91f6e8e_71_79,"Enligt uppgifter till nyhetsbyrån AFP hade ministern kommit i bil till förorten , Akouedo , en av de värst drabbade av giftavfallet .",NN,2006-2007,71,79,2006,2006,91f6e8e_71_79|förort|2006,"[1, 2]","[""1"", ""2""]",,0
classical,förort,e2868970_18_26,"– Jag kommer från förorten , det ger mig helt andra förutsättningar , min bakgrund försvårar för mig , fast att jag är född och uppvuxen Sverige .",NN,2022-2023,18,26,2022,2022,e2868970_18_26|förort|2022,[3],"[""3""]",3.0,0
classical,förort,9a08ecc8_193_199,"Om man tycker att det är okej att gå in och göra så bara för att man kanske rör sig i Kronogården i Trollhättan eller Hjällbo här i Göteborg , bara för att du rör dig i den miljön och bor i en förort så innebär det per automatik att du är kriminell .",NN,2018-2019,193,199,2019,2019,9a08ecc8_193_199|förort|2019,[3],"[""3""]",3.0,1
classical,förort,e282792b_75_83,"– Eftersom det ska vara en fest för hela staden är det viktigt att vi från förorten får komma in och visa oss , och bli tagna på allvar .",NN,2018-2019,75,83,2018,2018,e282792b_75_83|förort|2018,"[2, 3]","[""2"", ""3""]",,0
classical,förort,8524baa_162_172,Ali och Salih menar att ungdomsarbetslösheten och utanförskapet går att bryta om arbetsgivarna i framtiden vågar chansa mer och framförallt lita på ungdomar från förorterna .,NN,2014-2015,162,172,2015,2015,8524baa_162_172|förort|2015,[3],"[""3""]",3.0,2
classical,förort,d69da5d0_33_41,Han berättar att hans bostäder i förorten Västertorp och hemma i Oskarshamn är ” belägrade ” av fotografer och reportrar .,NN,2010-2011,33,41,2011,2011,d69da5d0_33_41|förort|2011,[2],"[""2""]",2.0,0
classical,förort,9a0f1839_257_267,"Några av förslagen som SD går till val med som är riktade mot de här grupperna är skärpta straff för sexualbrott och hedersrelaterat våld , ökade resurser till arbetsmiljöinspektionen , förbud mot slöja i förskolan , fler poliser och svenska kulturcenter i förorterna .",NN,2018-2019,257,267,2018,2018,9a0f1839_257_267|förort|2018,[3],"[""3""]",3.0,1
classical,förort,1521dffd_43_49,"Romanerna utspelar sig i en icke namngiven förort och handlar om tvillingarna Aisha och Ali , deras vänner och föräldrar – och hur alla deras liv förändras när Alis bästa vän Osman skjuts till döds .",NN,2022-2023,43,49,2022,2022,1521dffd_43_49|förort|2022,"[2, 3]","[""2"", ""3""]",,1
classical,förort,91ad7630_90_96,"Våldsamheterna bröt ut den 7 juli i Cité Soleil , som är en mycket fattig och tätbefolkad förort till Port-au-Prince .",NN,2022-2023,90,96,2022,2022,91ad7630_90_96|förort|2022,"[1, 2]","[""1"", ""2""]",,0
classical,förort,d69def56_57_65,Men det skapar ju en bild att det är en slags krigszon i förorten och det är en förödande bild .,NN,2018-2019,57,65,2018,2018,d69def56_57_65|förort|2018,[3],"[""3""]",3.0,0
classical,förort,e07e70a_163_171,"Tre av tio stockholmare lever på platser där luften är hälsofarlig , det visar en kartläggning av staden där kvarter för kvarter har kartlagts från innerstan till förorten .",NN,2006-2007,163,171,2007,2007,e07e70a_163_171|förort|2007,"[1, 2, 3]","[""1"", ""2"", ""3""]",,2
classical,förort,8f399853_111_121,Jan Edlings lösning är en integrationskommission och tydliga mål för att minska skillnaderna mellan de utsatta förorterna och resten av Sverige .,NN,2014-2015,111,121,2015,2015,8f399853_111_121|förort|2015,[3],"[""3""]",3.0,2
classical,förort,8f3eb700_237_245,Rättegången avser de händelser som utspelade sig på söndagen den 17 april i Linköpingsstadsdelen Skäggetorp samband med de så kallade påskupploppen – då den högerextreme politikern Rasmus Paludan planerade bränna koranen i flera svenska förorter .,NN,2022-2023,237,245,2022,2022,8f3eb700_237_245|förort|2022,[3],"[""3""]",3.0,1
classical,förort,ac22601_51_59,- Jag var i Ukraina i höstas och besökte två av de förorter till Kiev som togs av Ryssland och fick se de massgravar som finns där och prata med civilbefolkning som fick uppleva detta barbariska beteende från Ryssland .,NN,2022-2023,51,59,2023,2023,ac22601_51_59|förort|2023,"[1, 2]","[""1"", ""2""]",,1
classical,förort,8f39d1d_99_105,"Man är inte dömd till att vara den man var , utan man kan ta sig i kragen , lyfta sig ur en utsatt förort och faktiskt stå där och vara en partiledarkandidat .",NN,2022-2023,99,105,2023,2023,8f39d1d_99_105|förort|2023,[3],"[""3""]",3.0,0
classical,förort,155357_123_131,I årets festival har ungdomar från hela landet kunnat skicka in en tio minuter lång förortsfilm där de skildrar sin syn på förorten .,NN,2006-2007,123,131,2007,2007,155357_123_131|förort|2007,"[2, 3]","[""2"", ""3""]",,2
classical,förort,91a03325_37_45,"Fyllnadsvalet hölls i Bangkoks norra förorter och stod mellan en fängslad , terroranklagad ledare för de så kallade rödskjortorna och en medlem från det av eliten stödda regeringspartiet .",NN,2010-2011,37,45,2010,2010,91a03325_37_45|förort|2010,"[1, 2]","[""1"", ""2""]",,2
classical,förort,91a6730e_125_133,Lena Scherman och Henrik Norrsell reste till Mexico och följde med den mexikanska militären ut på knarkrazzia i Mexico Citys förorter .,NN,2010-2011,125,133,2011,2011,91a6730e_125_133|förort|2011,"[1, 2]","[""1"", ""2""]",,2
classical,förort,e0bb25c1_85_95,En av anledningarna är att det spelas in fler filmer över lag i länet – men även att förorterna har flera fördelar .,NN,2022-2023,85,95,2022,2022,e0bb25c1_85_95|förort|2022,"[1, 2]","[""1"", ""2""]",,0
classical,förort,15ada3_145_153,"Lindblom Hultén medger att hon inte bott i någon storstadsförort , men tillägger att hon som frilans jobbat en hel del med integrationsprojekt i förorten och därmed också skapat sig en god inblick i situationen där .",NN,2006-2007,145,153,2006,2006,15ada3_145_153|förort|2006,[3],"[""3""]",3.0,1
classical,förort,91a3cab4_25_31,"Det är en liten idyllisk förort som är förvandlad till en kyrkogård , berättar SVT:s utrikesreporter Bengt Norborg och fotograf Emil Larsson .",NN,2022-2023,25,31,2022,2022,91a3cab4_25_31|förort|2022,"[1, 2]","[""1"", ""2""]",,0
classical,förort,155316_94_102,Attacken kommer efter att Metro tillkännagett att tidningen vill anlita personer i Stockholms förorter för att samla in lokala nyheter .,NN,2006-2007,94,102,2006,2006,155316_94_102|förort|2006,"[2, 3]","[""2"", ""3""]",,2
classical,förort,596abb14_22_30,"Brotten har begåtts i förorter till Stockholm ; Hökarängen , Spånga , Farsta , Rågsved samt ett fall i Uppsala .",NN,2010-2011,22,30,2011,2011,596abb14_22_30|förort|2011,"[2, 3]","[""2"", ""3""]",,0
classical,förort,91aebb09_117_123,"De senaste dagarna har det skett kraftiga bombningar och raketbeskjutningar av rebellkontrollerade östra Ghouta , en förort till Syriens huvudstad Damaskus .",NN,2018-2019,117,123,2018,2018,91aebb09_117_123|förort|2018,"[1, 2]","[""1"", ""2""]",,2
classical,förort,9a8a13a_107_113,"23-åringen , som tros vara bekant med offret , greps senare tillsammans med tre andra män i en närliggande förort .",NN,2006-2007,107,113,2007,2007,9a8a13a_107_113|förort|2007,[2],"[""2""]",2.0,0
classical,förort,e283a71f_53_61,"En bättre förståelse för den problematik som finns i förorten och en närmare kommunikation med invånarna , det är målet med att lägga en del av polisutbildningen i Hammarkullen .",NN,2010-2011,53,61,2011,2011,e283a71f_53_61|förort|2011,[3],"[""3""]",3.0,0
classical,förort,91fdcd2_62_70,Snart ett år har gått sedan Corbeil-Essonnes och en rad andra förorter runtom i Frankrike skakades av kravaller i protest mot myndigheterna .,NN,2006-2007,62,70,2006,2006,91fdcd2_62_70|förort|2006,"[2, 3]","[""2"", ""3""]",,2
classical,förort,1523d090_77_85,"Problemen med social oro , hot och våld är störst på folkbibliotek i svenska förorter och i mindre städer , medan situationen i storstadscentrum , på landsbygden och på universiteten tycks vara bättre .",NN,2018-2019,77,85,2019,2019,1523d090_77_85|förort|2019,"[2, 3]","[""2"", ""3""]",,1
classical,förort,2ac79a9_68_74,Och ett exempel på det är den nya forskningsstad som byggs där i en förort och som kommer att få 100.000 innevånare om några år .,NN,2014-2015,68,74,2015,2015,2ac79a9_68_74|förort|2015,"[1, 2]","[""1"", ""2""]",,0
classical,förort,e28354a7_35_45,– Jag tror att det är beror på hur förorterna utmålas och vilken bild som finns av ungdomar i förorterna .,NN,2018-2019,35,45,2018,2018,e28354a7_35_45|förort|2018,[3],"[""3""]",3.0,0
classical,förort,919c4ed_194_202,"Men kandidaternas kampanj fokuserade aldrig på denna fråga utan handlade istället huvudsakligen om valfrihet i skolan , attacker mot Europeiska centralbanken och om problem med ungdomar i Paris förorter .",NN,2006-2007,194,202,2007,2007,919c4ed_194_202|förort|2007,"[2, 3]","[""2"", ""3""]",,2
classical,förort,e0258e4_72_82,Nu börjar boende i allmännyttans hus i de så kallade miljonprogrammen i förorterna också ansöka om att få bilda bostadsrätter .,NN,2006-2007,72,82,2007,2007,e0258e4_72_82|förort|2007,[3],"[""3""]",3.0,2
classical,förort,e28298b7_52_62,Vi kommer även med de pengar vi får in att satsa på förorterna genom att bygga nytt och renovera befintliga hus .,NN,2018-2019,52,62,2019,2019,e28298b7_52_62|förort|2019,[2],"[""2""]",2.0,0
classical,förort,918a05c_127_135,Tio personer dödades och ett 40-tal skadades när en sprängladdning exploderade på Tjerizovskij-marknaden i en av Moskvas östra förorter i morse .,NN,2006-2007,127,135,2006,2006,918a05c_127_135|förort|2006,"[1, 2]","[""1"", ""2""]",,0
classical,förort,272c0cdb_152_160,"Nio ryssar och en peruanska greps i USA och erkände sig skyldiga till att ha varit ryska agenter under falska namn , bidande sin tid i villakvarter och förorter .",NN,2010-2011,152,160,2011,2011,272c0cdb_152_160|förort|2011,"[1, 2]","[""1"", ""2""]",,2
classical,förort,852e60e_87_95,Därför vill hon via sina böcker visa prov på hur vardagen ser ut i till exempel Järvas förorter i norra Stockholm .,NN,2022-2023,87,95,2023,2023,852e60e_87_95|förort|2023,[3],"[""3""]",3.0,0
classical,förort,152f8192_98_104,Filmen är ett kärleksdrama om två främlingar som möts på tåget mellan Stockholm och den idylliska förort där de båda bor .,NN,2010-2011,98,104,2011,2011,152f8192_98_104|förort|2011,"[1, 2]","[""1"", ""2""]",,0
classical,förort,e0baf1d0_148_156,"Vi skulle få höja våra medlemsavgifter till minst det dubbla , vi skulle behöva se över våra lokalhyror , antagligen lägga ner vår verksamhet ute i förorten .",NN,2010-2011,148,156,2011,2011,e0baf1d0_148_156|förort|2011,"[2, 3]","[""2"", ""3""]",,2
classical,förort,911467a_102_108,Cameron producerar en dokumentär som driver tesen att en grav som upptäcktes av byggnadsarbetare i en förort till Jerusalem 1980 verkligen är Jesu grav .,NN,2006-2007,102,108,2007,2007,911467a_102_108|förort|2007,"[1, 2]","[""1"", ""2""]",,0
classical,förort,91a63702_40_46,"Efter attacken med nervgasen sarin i en förort till Damaskus i augusti 2013 , som många i väst anklagade regimen för att ligga bakom , gick president Bashar al-Assad med på att lämna ifrån sig landets lager av kemiska vapen .",NN,2014-2015,40,46,2015,2015,91a63702_40_46|förort|2015,"[1, 2]","[""1"", ""2""]",,1
classical,förort,8524a04_61_69,"Bakom Ortens bästa poet står den ideella föreningen Förenade förorter , vars syfte är att lyfta erfarenheter från förorterna och verka för att människorna som bor där ska äga berättelsen om förorten .",NN,2018-2019,61,69,2018,2018,8524a04_61_69|förort|2018,"[2, 3]","[""2"", ""3""]",,2
classical,förort,91cbdff_83_89,Sexton människor dödades i dag när en självladdning exploderade i ett varuhus i en förort till Sri Lankas huvudstad Colombo .,NN,2006-2007,83,89,2007,2007,91cbdff_83_89|förort|2007,"[1, 2]","[""1"", ""2""]",,0
classical,förort,91a074a0_74_80,Omkring 50 miljövänner och företrädare för oppositionen hade samlats i en förort till Moskva för att protestera mot att en del av Chimki-skogen offras för att bygga en sträcka av motorvägen mellan Moskva och S:t Petersburg .,NN,2010-2011,74,80,2010,2010,91a074a0_74_80|förort|2010,"[1, 2]","[""1"", ""2""]",,1
classical,förort,d6900fc4_99_107,Han tror att en lösning är mer kameraövervakning och hårdare straff för att öka tryggheten i vissa förorter som han menar håller på att förvandlas till getton .,NN,2022-2023,99,107,2022,2022,d6900fc4_99_107|förort|2022,[3],"[""3""]",3.0,2
classical,förort,d19e759b_70_76,"– Det har väl skett någon form av normalisering där en skjutning i en förort kanske inte är så spektakulär längre , säger Mats Eriksson , informationsansvarig vid Västerortspolisen i Stockholms län .",NN,2014-2015,70,76,2015,2015,d19e759b_70_76|förort|2015,"[2, 3]","[""2"", ""3""]",,2
classical,förort,0434d64_130_136,"De inleddes med att tre självmordsbombare sprängde sig själva till döds utanför nationalarenan Stade de France i Saint-Denis , en förort norr om Paris .",NN,2014-2015,130,136,2015,2015,0434d64_130_136|förort|2015,[2],"[""2""]",2.0,2
classical,förort,852721c_110_118,Den före detta partikamraten Nalin Pekgul som bor i Tensta har skrivit en bok om den ökade radikaliseringen i förorten och hon menar att den bland annat beror på att extrema organisationer fått statligt stöd .,NN,2014-2015,110,118,2014,2014,852721c_110_118|förort|2014,[3],"[""3""]",3.0,1
classical,förort,e0bc6797_44_52,"Och upprustningen blev det inte mycket av i förorten , i Rinkeby galleria till exempel var säkerheten så dålig förra året att handlarna inte kunde försäkra sina butiker .",NN,2010-2011,44,52,2011,2011,e0bc6797_44_52|förort|2011,[3],"[""3""]",3.0,2
classical,förort,91a21f54_38_46,"Striderna trappades också upp i Kievs förorter , framför allt i staden Bucha i nordväst och vid en motorväg som leder till Zhytomyr , enligt ett uttalande från Oleksiy Kuleba , som är ansvarig för Kievregionen .",NN,2022-2023,38,46,2022,2022,91a21f54_38_46|förort|2022,"[1, 2]","[""1"", ""2""]",,1
classical,förort,ae48713a_128_136,"Det kan bli en omflyttning av resurser från land till stad för att det ska öppnas nya redaktioner , bland annat i storstädernas förorter .",NN,2014-2015,128,136,2014,2014,ae48713a_128_136|förort|2014,"[2, 3]","[""2"", ""3""]",,0
classical,förort,d69b1d46_113_123,"M har börjat prata i liknande termer , men mer försiktigt – man pratar om utanförskapsområden och brottslighet i förorterna mer allmänt , medan SD går längre i sin retorik .",NN,2018-2019,113,123,2018,2018,d69b1d46_113_123|förort|2018,[3],"[""3""]",3.0,2
classical,förort,152ba420_81_89,Vitt slödder är också en berättelse om rasism och hur den blir till bland unga i förorten Carina Rydberg växte upp i .,NN,2022-2023,81,89,2022,2022,152ba420_81_89|förort|2022,"[2, 3]","[""2"", ""3""]",,0
classical,förort,15b47bd1_84_92,"Spoken word är en poesiform och i Skellefteå är det bland andra Stockholms Förenade Förorter som vann Poetry slam - SM i maj , som entrar scenen .",NN,2014-2015,84,92,2015,2015,15b47bd1_84_92|förort|2015,"[2, 3]","[""2"", ""3""]",,0
classical,förort,152ea671_29_37,Saman Sokhanran vid Förenade förorter är konstnärlig ledare för tävlingen och säger att trots att senaste upplagan av tävlingen nådde stora framgångar vill arrangörerna istället fokusera på tävlingens grundvärden .,NN,2022-2023,29,37,2022,2022,152ea671_29_37|förort|2022,"[2, 3]","[""2"", ""3""]",,2
classical,förort,15b59667_23_29,"Människor som bor i en förort , i utkanten av Europa eller Ersboda i Umeå t ex , känner sig ofta i utkanten , medan människor i centrum betraktar sig som mitten .",NN,2014-2015,23,29,2014,2014,15b59667_23_29|förort|2014,"[1, 2]","[""1"", ""2""]",,0
classical,förort,dc4326a1_114_122,"Skräcknatten i Paris inleddes klockan 21.20 med en explosion i anslutning till fotbollsarenan Stade de France , i förorten Saint-Denis strax norr om Paris .",NN,2014-2015,114,122,2015,2015,dc4326a1_114_122|förort|2015,[2],"[""2""]",2.0,0
classical,förort,91b326d_72_80,"De två ungdomars död som ledde till fjolårets våldsamma upplopp i Paris förorter och andra franska städer kunde ha förhindrats , enligt den franska polisens internutredning .",NN,2006-2007,72,80,2006,2006,91b326d_72_80|förort|2006,"[1, 2]","[""1"", ""2""]",,2
classical,förort,91ad1133_45_55,"Om försöket att leda ut vattnet via de östra förorterna mot Siambukten inte lyckas riskerar bankområdet Sathorn och området kring Wireless Road , där bland annat den amerikanska ambassaden ligger , att drabbas av översvämningarna , säger Pär Kågeby .",NN,2010-2011,45,55,2011,2011,91ad1133_45_55|förort|2011,"[1, 2]","[""1"", ""2""]",,1
classical,förort,852ba97_86_94,"– Vi kommer börja med ett ganska omfattande program som ska rikta sig mot vissa typer förorter , som har Tommy en bra kompetens kring .",NN,2014-2015,86,94,2015,2015,852ba97_86_94|förort|2015,[2],"[""2""]",2.0,0
classical,förort,9a0cc80b_111_121,Jan Edlings lösning är en integrationskommission och tydliga mål för att minska skillnaderna mellan de utsatta förorterna och resten av Sverige .,NN,2014-2015,111,121,2015,2015,9a0cc80b_111_121|förort|2015,[3],"[""3""]",3.0,2
classical,förort,91a5430a_87_95,"Iran och Syrien kommer att respektera vapenvilan , med undantag för områden i Damaskus förorter som hålls av just ” terrorister ” , säger stabschefen för Irans militär , general Mohammad Baqeri , enligt nyhetsbyrån Reuters .",NN,2018-2019,87,95,2018,2018,91a5430a_87_95|förort|2018,"[1, 2]","[""1"", ""2""]",,2
classical,förort,2723f010_128_134,Det rapporterade landets statliga medier på fredagen efter ett uppskjutet firande av internationella kvinnodagen som hölls i en förort till huvudstaden Harare i torsdags .,NN,2010-2011,128,134,2010,2010,2723f010_128_134|förort|2010,"[1, 2]","[""1"", ""2""]",,2
classical,förort,915457d_69_79,"Förhållandet mellan ordningsmakten och ungdomarna i de invandrartäta förorterna är spänt , i synnerhet efter kravallerna för två år sedan , då ungdomar runt om i Frankrike i två månader brände bilar och gav sig på polisen .",NN,2006-2007,69,79,2007,2007,915457d_69_79|förort|2007,[3],"[""3""]",3.0,1
classical,förort,91a08a7e_105_111,"” Jag är inte inblandad i bitcoin ” , sa han på torsdagen till reportrar utanför sitt blygsamma hus i en förort till Los Angeles , enligt AFP .",NN,2014-2015,105,111,2014,2014,91a08a7e_105_111|förort|2014,"[1, 2]","[""1"", ""2""]",,0
classical,förort,e0be4e7f_16_22,"Hässelby är den förort där de allra flesta skjutningar har skett , och när ABC besökte torget kände många en lättnad över att det har blivit lugnare .",NN,2014-2015,16,22,2014,2014,e0be4e7f_16_22|förort|2014,[2],"[""2""]",2.0,0
classical,förort,a4e1f7af_108_116,"Det är jättebra att man börjar öppna upp fler rum och kulturarenor i förorter , säger ordförande i Förenade förorter Bipasha Huq .",NN,2018-2019,108,116,2019,2019,a4e1f7af_108_116|förort|2019,"[2, 3]","[""2"", ""3""]",,0
classical,förort,51689e1c_102_108,Och på polisstationen i Bryssel fick de veta att deras bil hade tagits i förvar och bogserats till en förort .,NN,2018-2019,102,108,2018,2018,51689e1c_102_108|förort|2018,"[1, 2]","[""1"", ""2""]",,0
classical,förort,910ca90_90_98,"Efter att ha angripit Beiruts flygplats inledde israeliskt flyg beskjutning av de sydliga förorter i Beirut där Hizbollah har sitt högkvarter , säger ögonvittnen enligt Reuter .",NN,2006-2007,90,98,2006,2006,910ca90_90_98|förort|2006,"[1, 2]","[""1"", ""2""]",,2
classical,förort,91a4d7c_14_20,Brandmän i en förort till Vancouver i Kanada gjorde en makaber upptäckt när de larmats till en lägenhet efter en misstänkt gasläcka .,NN,2006-2007,14,20,2007,2007,91a4d7c_14_20|förort|2007,"[1, 2]","[""1"", ""2""]",,0
classical,förort,15af55_41_49,26-åriga Shamim brinner för film och för förorten och vet att det är svårt att lyckas inom film- och mediebranschen i Sverige .,NN,2006-2007,41,49,2007,2007,15af55_41_49|förort|2007,[3],"[""3""]",3.0,0
classical,förort,159681_67_73,"- Jag tycker inte att det finns några gränser mellan innerstad och förort egentligen , de sitter ihop och är samma sak .",NN,2006-2007,67,73,2007,2007,159681_67_73|förort|2007,[2],"[""2""]",2.0,0
classical,förort,e0b6724d_37_47,"– Den allra vanligaste satsningen på förorterna är hårdare tag , men vi har sett att det behövs fler mötesplatser .",NN,2018-2019,37,47,2018,2018,e0b6724d_37_47|förort|2018,[3],"[""3""]",3.0,0
classical,förort,d690923f_149_155,"Ukrainas president Volodymyr Zelenskyj sade sent på måndagen att ryska styrkor fortfarande attackerar Kiev , trots att de drivits ut från Irpin , en förort nordväst om huvudstaden som har varit utsatt för hårda strider , rapporterar AP .",NN,2022-2023,149,155,2022,2022,d690923f_149_155|förort|2022,"[1, 2]","[""1"", ""2""]",,1
classical,förort,f3472252_90_98,"I Åsele i Västerbotten blir männen drygt 75 år , klart kortare än i Stockholms välbärgade förorter , som snittar över åttio .",NN,2010-2011,90,98,2011,2011,f3472252_90_98|förort|2011,[2],"[""2""]",2.0,0
classical,förort,9194006_65_73,"De senaste veckorna har stämningen blivit allt mer spänd i flera förorter i Parisregionen och flera allvarliga incidenter , bland annat tre bussbränder den senaste veckan , har fått många att frukta en ny våldsvåg i samband med årsdagen .",NN,2006-2007,65,73,2006,2006,9194006_65_73|förort|2006,[2],"[""2""]",2.0,1
classical,förort,91a2395b_5_11,I en förort till huvudstaden ska ” dussintals ” soldater ha flytt i lördags när de hade skickats ut för att stävja en demonstration .,NN,2010-2011,5,11,2011,2011,91a2395b_5_11|förort|2011,"[1, 2]","[""1"", ""2""]",,0
classical,förort,d6f796f_145_153,När socialdemokraternas partiledare Mona Sahlin i dag höll sitt sommartal i Fittja söder om Stockholm utlovade hon en miljardsatsning på utsatta förorter .,NN,2006-2007,145,153,2007,2007,d6f796f_145_153|förort|2007,[3],"[""3""]",3.0,2
classical,förort,9137344_119_125,"Fransk polis drev i går bort 200 människor , de flesta migranter från Mali och Elfenbenskusten , från en tältstad i en förort i södra Paris .",NN,2006-2007,119,125,2006,2006,9137344_119_125|förort|2006,[2],"[""2""]",2.0,0
classical,förort,1525319_38_44,Han är en vanlig tonåring i en svensk förort men också en inkarnation av den drunknade feniciska sjömannen i Eliots modernistiska långdikt .,NN,2022-2023,38,44,2023,2023,1525319_38_44|förort|2023,[2],"[""2""]",2.0,0
classical,förort,e0a7409_212_218,"Gallerian är redan idag gigantisk och att vara på Kista Galleria under lunchtid känns mer som att vara på en stressig centralstation eller hektisk storflygplats , sådär dan före julafton , än ett köpcentrum i en förort utanför Stockholm .",NN,2006-2007,212,218,2007,2007,e0a7409_212_218|förort|2007,[2],"[""2""]",2.0,1
classical,förort,da323143_130_140,"Det ledde till allvarlig störning av trafiksituationen i Stockholm i rusningstrafiken , som sträckte sig en bra bit ut i de södra förorterna , enligt polisens förundersökning .",NN,2022-2023,130,140,2022,2022,da323143_130_140|förort|2022,[2],"[""2""]",2.0,2
classical,förort,e286b1c8_129_135,"I området runt Selma Lagerlöfs torg har inte mycket hänt sedan 70-talet , men under tisdagen fick backaborna ett smakprov på hur förort ska bli stad .",NN,2014-2015,129,135,2014,2014,e286b1c8_129_135|förort|2014,"[1, 2]","[""1"", ""2""]",,2
classical,förort,27220a9d_37_45,"Svenskan Marie Bengtsson , som bor i förorten Mount Ommaney , cirka 1,5 mil från centrum , följer utvecklingen noga .",NN,2010-2011,37,45,2011,2011,27220a9d_37_45|förort|2011,"[1, 2]","[""1"", ""2""]",,0
classical,förort,9a00d9cc_41_47,"Den sätter fingret på något viktigt , en förort med lite dåligt rykte som man vänder till något positivt , att man kan förvänta sig lite mer än det jämtjocka svenska , säger Michael Nilsson .",NN,2010-2011,41,47,2010,2010,9a00d9cc_41_47|förort|2010,[3],"[""3""]",3.0,1
classical,förort,9a0b327b_176_184,"– I skilda vittnesmål har man rätt att säga vad man vill , men jag menar att i debatten som kommer efteråt framställer man det som att det enda kvinnoförtryck som finns sker i förorten .",NN,2014-2015,176,184,2015,2015,9a0b327b_176_184|förort|2015,[3],"[""3""]",3.0,1
classical,förort,e281ca93_106_114,Hon tror stenhårt på att skolan måste fungera som en motvikt mot mediebilden av Bergsjön och de som bor i förorten .,NN,2014-2015,106,114,2015,2015,e281ca93_106_114|förort|2015,[3],"[""3""]",3.0,0
classical,förort,152744b6_30_36,– Vi har ju vuxit upp i någon förort och att då hitta en plats i det här landet som man känner anknytning till blir lättare sagt än gjort .,NN,2022-2023,30,36,2022,2022,152744b6_30_36|förort|2022,"[1, 2]","[""1"", ""2""]",,0
classical,förort,e0b7ace7_103_113,"Resultaten visar att mångfalden är högre i bostadsområden med hög andel hyresrätter , och att det är i förorterna och i de hyrda bostäderna som integrationen sker .",NN,2018-2019,103,113,2018,2018,e0b7ace7_103_113|förort|2018,[3],"[""3""]",3.0,0
classical,förort,272318f3_85_91,"Den 27-årige James Holmes , som 2012 sköt ihjäl tolv biobesökare och skadade 70 i en förort till Denver , Colorado , döms till livstids fängelse utan möjlighet till benådning .",NN,2014-2015,85,91,2015,2015,272318f3_85_91|förort|2015,"[1, 2]","[""1"", ""2""]",,0
classical,förort,ae4137e0_89_95,Det sker också satsningar i bland annat Borås och Linköping samt i någon ännu ej bestämd förort till Stockholm och Göteborg .,NN,2014-2015,89,95,2014,2014,ae4137e0_89_95|förort|2014,[2],"[""2""]",2.0,0
classical,förort,91a0f42f_140_148,"- Det är en betydande grupp som framför allt finns bland nyanlända med utländsk bakgrund , bland barn till ensamstående och i storstädernas förorter .",NN,2010-2011,140,148,2010,2010,91a0f42f_140_148|förort|2010,"[2, 3]","[""2"", ""3""]",,2
classical,förort,9135dd0_121_127,"En beväpnad man sköt ihjäl två personer och skottskadade två andra på ett utbildningscenter för kristna missionärer i en förort till Denver , rapporterar nyhetsbyrån AP .",NN,2006-2007,121,127,2007,2007,9135dd0_121_127|förort|2007,"[1, 2]","[""1"", ""2""]",,2
classical,förort,852f9e2_104_112,"– I Vällingby kommer vi att utöka verksamheten och Kretsteatern blir ett nav för teater och scenkonst i förorten , säger Sture Carlsson , vd Kulturhuset Stadsteatern .",NN,2018-2019,104,112,2018,2018,852f9e2_104_112|förort|2018,"[2, 3]","[""2"", ""3""]",,2
classical,förort,852cb48_160_168,Hur odlingar på Järvafältet kan bli en knytpunkt för boende i området och hur fältets grönska på ett bättre sätt kan kopplas samman med betongen och asfalten i förorten .,NN,2022-2023,160,168,2023,2023,852cb48_160_168|förort|2023,[3],"[""3""]",3.0,2
classical,förort,91a4f80b_61_69,"Under natten tog sig syriska soldater i stort antal in i två förorter till Damaskus där man avlossade skott och genomförde arresteringar , enligt aktivister .",NN,2010-2011,61,69,2011,2011,91a4f80b_61_69|förort|2011,"[1, 2]","[""1"", ""2""]",,2
classical,förort,e0b2790e_68_76,"I en föreställning som beskrivs som ett samtal om livet , musik och förorten berättar musikproducenten Salla Salazar om sin uppväxt i Norsborg .",NN,2018-2019,68,76,2018,2018,e0b2790e_68_76|förort|2018,[3],"[""3""]",3.0,0
classical,förort,e0bb3430_72_80,Tomas Samirs mamma blev då rädd att det var för riskabelt att vara från förorten och vara ung och känd .,NN,2022-2023,72,80,2022,2022,e0bb3430_72_80|förort|2022,"[2, 3]","[""2"", ""3""]",,0
classical,förort,15252214_60_68,"Och tittar man över landet , alltifrån landsbygd till andra förorter , så finns det inte sådana här mötesplatser , men det finns ju idrottshallar för sportintresserade .",NN,2018-2019,60,68,2018,2018,15252214_60_68|förort|2018,[2],"[""2""]",2.0,2
classical,förort,919f3b0_71_79,"Protesterna kan sägas ha ett samband med de upplopp som rasade i Paris förorter i november 2005 , som senare även spred sig till förorter till andra franska städer .",NN,2006-2007,71,79,2006,2006,919f3b0_71_79|förort|2006,[2],"[""2""]",2.0,0
classical,förort,152f3b45_118_126,"” Marken Brinner ” är en föreställning som behandlar ämnet rasism , och den tar bland annat upp hur olika storstäders förorter åsidosätts .",NN,2014-2015,118,126,2014,2014,152f3b45_118_126|förort|2014,[3],"[""3""]",3.0,2
classical,förort,272e222d_15_21,"En bit  , i en förort , befinner sig svensken Ulf Hjertquist , 78 , som bott i Australien i över 30 år .",NN,2010-2011,15,21,2011,2011,272e222d_15_21|förort|2011,"[1, 2]","[""1"", ""2""]",,0
classical,förort,93a27618_52_60,Enligt Mohamed har ” alla hört många historier från förorten ” om att socialtjänsten ” tar barn för väldigt små anledningar ” .,NN,2022-2023,52,60,2022,2022,93a27618_52_60|förort|2022,[3],"[""3""]",3.0,2
classical,förort,91a44507_129_135,"Satellitbilder tagna på torsdagen visar bränslelagringstankar i brand på den ryskkontrollerade flygbasen Antonov i Hostomel , en förort i nordvästra Kiev .",NN,2022-2023,129,135,2022,2022,91a44507_129_135|förort|2022,"[1, 2]","[""1"", ""2""]",,2
classical,förort,e28443f0_61_67,"Två stycken C 30 ska ingå i testerna som görs i Jiading , en förort till Shanghai , där Volvo Kina har sitt huvudkontor .",NN,2010-2011,61,67,2011,2011,e28443f0_61_67|förort|2011,[2],"[""2""]",2.0,0
classical,förort,e0b120ec_154_160,"– De kunde komma till mig , eller så betalade de en leveransavgift för utkörning , typ som en matkasse på internet , säger Hamza som själv växte upp i en förort i södra Stockholm och som började sin karriär som langare genom att sälja hasch till kompisar .",NN,2018-2019,154,160,2018,2018,e0b120ec_154_160|förort|2018,"[2, 3]","[""2"", ""3""]",,1
classical,förort,1521d307_60_68,"Sammankomsten har lockat mängder av människor från Jakartas förorter , inklusive från Citayam , vilket har lett till att den kallas just ” Citayam Fashion Week ” .",NN,2022-2023,60,68,2022,2022,1521d307_60_68|förort|2022,[2],"[""2""]",2.0,2
classical,förort,2726de81_108_118,Trots att kravallpoliser försökte skingra dem med tårgas och skott i luften tågade folksamlingen från en av förorterna ända till centrum .,NN,2010-2011,108,118,2011,2011,2726de81_108_118|förort|2011,[2],"[""2""]",2.0,2
classical,förort,91a57268_122_130,Fyra unga män har dömts till fängelse i mellan tre och femton år för vapenbrott under kravallerna som skakade Paris norra förorter i november 2007 .,NN,2010-2011,122,130,2010,2010,91a57268_122_130|förort|2010,[2],"[""2""]",2.0,2
classical,förort,91ab6ce5_63_69,Det som var ett slitet 60-talshus i betong i miljonprogrammens förort i Utrecht har förvandlats till ett av Europas mest uppmärksammade bostadshus .,NN,2022-2023,63,69,2022,2022,91ab6ce5_63_69|förort|2022,"[2, 3]","[""2"", ""3""]",,0
classical,förort,93a64538_243_251,"En konstnärskollega började titta på möjligheten att köpa ett hus och göra en gemensam ateljé i trakterna , och det var då han upptäckte att det går att få ett hus i Värmland för en summa som man knappt kan få en nedpissad skrubb i Stockholms förorter för .",NN,2014-2015,243,251,2015,2015,93a64538_243_251|förort|2015,[2],"[""2""]",2.0,1
classical,förort,91ac22ec_186_196,"Runt 500 brandmän , 120 släckningsfordon och flera flygplan och helikoptrar har sedan tidigt på onsdagen försökt hindra branden nordöst om Aten från att sprida sig till de intilliggande förorterna Pentéli , Pallíni , Anthoúsa och Gérakas , med sammanlagt närmare 30 000 invånare .",NN,2022-2023,186,196,2022,2022,91ac22ec_186_196|förort|2022,"[1, 2]","[""1"", ""2""]",,1
classical,förort,91a7e050_101_109,"Klockan 10.00 lokal tid samlades ett stort antal åskådare i Highland Park , beläget i norra Chicagos förorter , för att fira fjärde juli tillsammans .",NN,2022-2023,101,109,2022,2022,91a7e050_101_109|förort|2022,[2],"[""2""]",2.0,2
classical,förort,272c3e5c_12_18,Boende i en förort söder om staden berättar att de vaknade av ljuden av granater och vittnen berättar hur hundratals beväpnade islamister försökte avancera inåt staden .,NN,2014-2015,12,18,2015,2015,272c3e5c_12_18|förort|2015,"[1, 2]","[""1"", ""2""]",,2
classical,förort,d6935663_61_69,Serien handlar om en skolskjutning i en av Stockholms finare förorter och hur händelsen påverkar ungdomarna som kopplas till skjutningen .,NN,2018-2019,61,69,2019,2019,d6935663_61_69|förort|2019,[2],"[""2""]",2.0,2
classical,förort,9ab8829_78_84,I en dokumentärfilm driver Cameron tesen att en grav som 1980 upptäcktes i en förort till Jerusalem är Jesu grav .,NN,2006-2007,78,84,2007,2007,9ab8829_78_84|förort|2007,"[1, 2]","[""1"", ""2""]",,0
classical,förort,d695dc39_156_166,Liberalernas partiledare Jan Björklund påstod under sitt tal på Järvaveckan att statsminister Stefan Löfven har gjort ett utspel om att ” skicka in armén i förorterna ” .,NN,2018-2019,156,166,2018,2018,d695dc39_156_166|förort|2018,[3],"[""3""]",3.0,2
classical,förort,f340b10e_65_75,"– Körkort är ofta nyckeln in i samhället och ska landsbygden och förorterna leva då behövs verkligen körkortet , säger Paavo Ruokojärvi .",NN,2018-2019,65,75,2018,2018,f340b10e_65_75|förort|2018,"[1, 2]","[""1"", ""2""]",,2
classical,förort,e0b96f2c_55_63,"Det handlar ju snarare om situationen som vi som bor i förorten befinner oss i och den är komplex , säger Emma Ström som bor i Tensta .",NN,2018-2019,55,63,2018,2018,e0b96f2c_55_63|förort|2018,[3],"[""3""]",3.0,0
classical,förort,e0bfcbf9_49_57,"– Det finns så många faktorer av utsatthet här i förorten men det enda man pratar om när man pratar om otrygghet är de kriminella ungdomarna , säger Nattalie Ström Bunpuckdee .",NN,2018-2019,49,57,2018,2018,e0bfcbf9_49_57|förort|2018,[3],"[""3""]",3.0,0
classical,förort,327d377_25_33,Ett barn i invandrartäta förorten Rinkeby utanför Stockholm har dubbelt så många hål i tänderna som ett barn i välbärgade förorten Danderyd .,NN,2010-2011,25,33,2011,2011,327d377_25_33|förort|2011,[3],"[""3""]",3.0,0
classical,förort,9a00c1f7_133_141,"De grupper som framför allt inte har nåtts av den allmänna välfärdsutvecklingen är barn med utländsk bakgrund , barn i storstädernas förorter , barn till ensamstående och en ny grupp – barn till unga föräldrar .",NN,2010-2011,133,141,2011,2011,9a00c1f7_133_141|förort|2011,"[2, 3]","[""2"", ""3""]",,1
classical,förort,d6941a31_131_139,"Villa , vove , Volvo : Hur tänker ni kring att de flesta i Sverige bor villa , radhus eller mindre hyresfastighet i små städer och förorter där effektiv kollektivtrafik är en utopi ?",NN,2014-2015,131,139,2015,2015,d6941a31_131_139|förort|2015,"[1, 2]","[""1"", ""2""]",,2
classical,förort,d69da13_44_50,"Kurt Eliasson säger att skillnaderna mellan förort och innerstad redan har etablerats i Göteborg under lång tid , cirka 20 år , så konsekvenserna blir inte så stora där .",NN,2006-2007,44,50,2007,2007,d69da13_44_50|förort|2007,[2],"[""2""]",2.0,2
classical,förort,9a08dd67_198_206,"Abebe Hailu , socialdemokratisk vice ordförande i Rinkeby-Kista stadsdelsnämnd , tycker att det går att förklara varför Rinkeby också drabbas av samma typ av upplopp som tidigare förekommit i andra förorter till större svenska städer .",NN,2010-2011,198,206,2010,2010,9a08dd67_198_206|förort|2010,"[2, 3]","[""2"", ""3""]",,1
classical,förort,e0055ef_58_66,Men någon gång i mitten på 1900-talet så började vi bygga förorter och bostadsområden och separera det ena från det andra .,NN,2006-2007,58,66,2007,2007,e0055ef_58_66|förort|2007,[2],"[""2""]",2.0,0
classical,förort,e0bf1575_21_29,"– Man söker sig till förorter för det är enklare att spela in där , säger Film Stockholms vd Kristina Colliander .",NN,2022-2023,21,29,2022,2022,e0bf1575_21_29|förort|2022,[2],"[""2""]",2.0,0
classical,förort,9a08420e_176_186,"Allt sedan i våldsamheterna våras har polisen haft en särskild kommendering vilket betyder att betydligt fler poliser än vanligt , såväl civila som i uniform , ska synas ute i förorterna .",NN,2010-2011,176,186,2011,2011,9a08420e_176_186|förort|2011,"[2, 3]","[""2"", ""3""]",,2
classical,förort,91a05277_120_126,"De två männen , 24 och 25 år gamla , skulle enligt polisen ha utfört attacken under tisdagen men greps strax innan i en förort till Sydney .",NN,2014-2015,120,126,2015,2015,91a05277_120_126|förort|2015,[2],"[""2""]",2.0,0
classical,herre,fc74824_101_106,"Arrangörerna av franska mästerskapen bestämde i förra månaden att segerchecken för vinnarna av såväl herr- som damsingeln skulle ligga på 940 000 euro – 8,7 miljoner kronor – men fick kritik från WTA-touren för att lika lön inte gällde i alla klasser .",NN,2006-2007,101,106,2006,2006,fc74824_101_106|herre|2006,[1],"[""1""]",1.0,1
classical,herre,fc3063a6_149_157,"Hon har precis varit på träningsläger i Marbella med Häcken – där Hisingsklubben , till skillnad från andra allsvenska lag , fanns på plats med både herrarna och damerna .",NN,2022-2023,149,157,2022,2022,fc3063a6_149_157|herre|2022,[1],"[""1""]",1.0,2
classical,herre,28d4b11a_3_8,"Ki herre kom helt lugnt gatan fram , ilörd hudfärgad trikå , med bar hals , bara armar och ben och sandaler på fötterna .",NN,1912-1915,3,8,1914,1914,28d4b11a_3_8|herre|1914,[1],"[""1""]",1.0,2
classical,herre,6dc7fd9e_30_38,"Det är lika mycket pengar som herrarna , däribland Henrik Stenson och alla andra LIV-golfstjärnor , spelade om på samma bana i en tävling på Asientouren för ett par veckor sedan .",NN,2022-2023,30,38,2023,2023,6dc7fd9e_30_38|herre|2023,[1],"[""1""]",1.0,2
classical,herre,7b8bfe9e_54_60,på nämdemannen Per Larssons i Danshyttan skogsmark af herrar Per Ersson oell Per Karlsson från Hammarn .,NN,1880-1883,54,60,1882,1882,7b8bfe9e_54_60|herre|1882,"[1, 7]","[""1"", ""7""]",,2
classical,herre,fc3116f5_73_82,Innan jul blev det klart att det bara blir ishockeyspelare från Europa i herrarnas OS-turnering .,NN,2022-2023,73,82,2022,2022,fc3116f5_73_82|herre|2022,[1],"[""1""]",1.0,2
classical,herre,fca65db_14_22,"- Om de bästa herrarna ställs mot de bästa damerna , då ska herrarna vinna , så pass stor skillnad är det , säger Peja Lindholm .",NN,2006-2007,14,22,2007,2007,fca65db_14_22|herre|2007,[1],"[""1""]",1.0,2
classical,herre,f05478a2_89_95,"me om honom är icke utslig si någon lärobokspatriotism , utan har gifvits af samtliga de herrar , som deltagit i manövrer som hans stabschefer .",NN,1912-1915,89,95,1914,1914,f05478a2_89_95|herre|1914,[1],"[""1""]",1.0,2
classical,herre,15650022_42_50,"Det väckte ingen uppmärksamhet att de två herrarna ibland gingo fram till fönstret , som om de väntade någon .",NN,1912-1915,42,50,1912,1912,15650022_42_50|herre|1912,[1],"[""1""]",1.0,2
classical,herre,6524247_53_59,I den fjärde omgången av Svenska cupen i fotboll för herrar vann på tisdagkvällen Öster från Växjö över Brommapojkarna med 6-5 efter straffar .,NN,2006-2007,53,59,2007,2007,6524247_53_59|herre|2007,[1],"[""1""]",1.0,2
classical,herre,c1f7cea7_106_112,"försvarsfrågans öden under sista tio åren , hvilken han på följande sätt afslufado ) : Så blefvo då samme herrar , som hade författat och derpå 2:no •gånger granskat det af dem författado förslaget ooh alltid funnit det synnerligen godt , invalda i det särskilda utskottet för att för tredje gången granska sitt eget opus .",NN,1880-1883,106,112,1883,1883,c1f7cea7_106_112|herre|1883,[1],"[""1""]",1.0,1
classical,herre,f0e6c65d_262_268,"Detta medel botar absolut magsjukdomar , såsom magsyra , magkatarr , magsår , dålig matsmältning , trög afföring , kolik och därmed åtföljande svindel , matthet , tryckande känsla i maggropen , sveda i bröstet , sömnlöshet m . m . Bekommenderas på d< * bästa af herrar läkare .",NN,1912-1915,262,268,1912,1912,f0e6c65d_262_268|herre|1912,"[1, 6]","[""1"", ""6""]",,1
classical,herre,e1a517a8_46_51,En morgon hörde jag ett fönster öppnas och en herre gjorde ett tecken till mig .,NN,1912-1915,46,51,1915,1915,e1a517a8_46_51|herre|1915,[1],"[""1""]",1.0,2
classical,herre,6dcd1207_35_43,"I världstoppen dominerar de norska herrarna , men allt färre norska barn blir själva lockade av att börja med sporten .",NN,2022-2023,35,43,2023,2023,6dcd1207_35_43|herre|2023,[1],"[""1""]",1.0,2
classical,herre,860ea331_29_35,"Nu genast kunna 6 å 8 bättre herrar erhålla god spisning för 40 kronor i månaden ; middagar serveras äfven med smörgåsbord , en half butelj öl och två rätter väl lagad mat för 20 kronor i månaden .",NN,1880-1883,29,35,1881,1881,860ea331_29_35|herre|1881,"[1, 6]","[""1"", ""6""]",,2
classical,herre,793d4c02_64_73,Liverpool-supportrar anklagades för att ha orsakat kaoset kring herrarnas Champions League-final i fotboll i maj .,NN,2022-2023,64,73,2022,2022,793d4c02_64_73|herre|2022,[1],"[""1""]",1.0,2
classical,herre,9f24ae33_0_6,"Herrar delegare uti Ang fartygs-Aktiebolaget Skandinavien behagade sammanträaa till ordinarie bolagsstämma , som hålles ä Herrar C . Barchmann & lt ; £• C:os kontor Torsdagen den 10 Mars 1881 k !",NN,1880-1883,0,6,1881,1881,9f24ae33_0_6|herre|1881,"[1, 3, 6]","[""1"", ""3"", ""6""]",,2
classical,herre,f33fa58_59_65,I Gällivare körs 10 km fritt för damer och 15 km fritt för herrar på lördagen och stafetter på söndagen .,NN,2006-2007,59,65,2006,2006,f33fa58_59_65|herre|2006,[1],"[""1""]",1.0,2
classical,herre,349b575d_101_107,"åt solsidan , jemte tambur och egen ingång samt med eldning och städning , passande för en eller två herrar , finnes den 1 April att hyra i Ax 18 Parisgatan .",NN,1880-1883,101,107,1883,1883,349b575d_101_107|herre|1883,[1],"[""1""]",1.0,2
classical,herre,67ac72a9_19_25,"Ett sällskap tyska herrar och damer , de flesta välkän da affärsmän i Malmö , hade rest till Falbo för utt bada och dinera .",NN,1912-1915,19,25,1915,1915,67ac72a9_19_25|herre|1915,"[1, 6]","[""1"", ""6""]",,2
classical,herre,fc57de5_77_86,"I kväll tas beslut av Svensk elitinnebandy att det ska spelas fler matcher i herrarnas elitserie , skriver Västerbottens-Kuriren .",NN,2006-2007,77,86,2006,2006,fc57de5_77_86|herre|2006,[1],"[""1""]",1.0,2
classical,herre,6dc78d10_35_43,"– Efter samlingen i april har inte herrarna samling förrän i höst så vårt mål är att hitta en ersättare under våren eller sommaren så att nästa säsongs arbete kan starta , säger Fogelström .",NN,2022-2023,35,43,2022,2022,6dc78d10_35_43|herre|2022,[1],"[""1""]",1.0,2
classical,herre,2a679e6c_10_16,"Damer och herrar som satta vlrde pi bibehållandet af ungdomens vackra yttre , nppnå detta endast genom ett ständigt bruk af den enastående med utmärkelser i in- och ntlanden belönade och berömda TWY-twålen För ömtålig hud är YVY-tvAlen enastående värderat och lof ir.lat af tasenden .",NN,1912-1915,10,16,1912,1912,2a679e6c_10_16|herre|1912,[1],"[""1""]",1.0,1
classical,herre,fc3728e0_110_118,Förbundet har skyllt på att ersättningen från Internationella fotbollsförbundet Fifa är betydligt större till herrarna än till damerna .,NN,2022-2023,110,118,2022,2022,fc3728e0_110_118|herre|2022,[1],"[""1""]",1.0,2
classical,herre,ea0ab0a8_86_92,Delegarne i Mo och Domsjö Aktiebolag kallas till ordinarie bolagsstämma i Hernösand ä Herrar Joh .,NN,1880-1883,86,92,1883,1883,ea0ab0a8_86_92|herre|1883,[1],"[""1""]",1.0,2
classical,herre,fc35c6f0_79_85,"Några av höjdpunkterna i SVT 2022 är fotbolls-EM för damer och fotbolls-VM för herrar , friidrotts-VM och EM , VM i ridsport , EM-veckan , EM och VM i gymnastik , Vinterstudion med skidskytte och Ski Classics och inte minst Paralympics .",NN,2022-2023,79,85,2022,2022,fc35c6f0_79_85|herre|2022,[1],"[""1""]",1.0,1
classical,herre,ae4f5255_94_102,Efter vägen mot Sikträsk har geofoner riggats och på vägen en dryg halv kilometer från de tre herrarna på driving rangen skickar en vibrotruck vibrationer ned i backen .,NN,2022-2023,94,102,2022,2022,ae4f5255_94_102|herre|2022,[1],"[""1""]",1.0,2
classical,herre,4a79f1f2_97_103,"nyinkommet stort , nytt lager af alla sorters l / ndarklådvr , ylle , halfyllé och bomull , till herrar , damer och barn , Strandkoftor , Sticktröjor , Strumpor , Vantar m . m . , fl / tar och Schalar .",NN,1912-1915,97,103,1914,1914,4a79f1f2_97_103|herre|1914,[1],"[""1""]",1.0,2
classical,herre,2c5232ef_37_42,"sör mötet waldes m:r Letailleur , en herre , som häktades strax före den & gt ; 8 Mars och nytz siuppit ut ur fängelset .",NN,1880-1883,37,42,1883,1883,2c5232ef_37_42|herre|1883,[1],"[""1""]",1.0,2
classical,herre,f31fc39_53_62,Det var första gången som störtloppstjejerna körde i herrarnas störtlopp i S:t Anton och första gången de tävlade där sedan VM 2001 .,NN,2006-2007,53,62,2007,2007,f31fc39_53_62|herre|2007,[1],"[""1""]",1.0,2
classical,herre,6dccba3d_0_9,Herrarnas VM skulle ha arrangerats på tio platser i Ryssland mellan den 26 augusti till den 11 september .,NN,2022-2023,0,9,2022,2022,6dccba3d_0_9|herre|2022,[1],"[""1""]",1.0,2
classical,herre,32f69f4f_110_116,"Handbollslaget Amo i Alstermo har goda chanser att gå upp i Handbollsligan , den högsta serien i handboll för herrar i Sverige .",NN,2022-2023,110,116,2022,2022,32f69f4f_110_116|herre|2022,[1],"[""1""]",1.0,2
classical,herre,fc40371_11_19,De svenska herrarna spelar särspelsmatch senare på torsdagen efter en snöplig 4-5-förlust mot Tyskland i sista seriematchen .,NN,2006-2007,11,19,2006,2006,fc40371_11_19|herre|2006,[1],"[""1""]",1.0,2
classical,herre,0daa8ce_36_45,"Det gick inget vidare för Sverige i herrarnas slalompremiär i Reiteralm , Österrike , på söndagen .",NN,2006-2007,36,45,2007,2007,0daa8ce_36_45|herre|2007,[1],"[""1""]",1.0,2
classical,herre,03822b88_125_130,"re , dan andra efter den gåtfulla resan , hvarifrån den fattige sjömanne » — Bertrandes fader — återvändt hem so n en förnäm herre och begått tvegifte genoa : a { t åkta fröken Servan-Tanis — Michelines moder .",NN,1912-1915,125,130,1914,1914,03822b88_125_130|herre|1914,"[1, 3, 6]","[""1"", ""3"", ""6""]",,1
classical,herre,fc647c5_62_70,Det blev dessutom VM _ guld i damernas 520 _ kilosklass medan herrarna tog ett brons i 600 _ kilosklassen .,NN,2006-2007,62,70,2006,2006,fc647c5_62_70|herre|2006,[1],"[""1""]",1.0,2
classical,herre,b1ca6879_76_81,hvadan landtbon nu i likhet nied bonden Paavo endast väntar växten af » vår herre » .,NN,1880-1883,76,81,1882,1882,b1ca6879_76_81|herre|1882,[5],"[""5""]",5.0,2
classical,herre,040f60e0_63_69,"troligt förresten , ty mollskinn brukar vara vanligt at dylika herrar ; men hvad tror ni han frågade efter det - åh pyrtsan , det komme nog att gå sä lätt och behagligt sa ... Och så satte han sig på stussen och släppte iväg — å buj , hvad det flåsade åstad i en hvinande fart , så det pep om örona — och tröjat marna viftade och tygtrådarna fräste och stickorna rök ' ...",NN,1912-1915,63,69,1913,1913,040f60e0_63_69|herre|1913,[1],"[""1""]",1.0,1
classical,herre,fc27f8a_108_114,Idag presenterade den svenska förbundskaptenen Thomas Jansson sin trupp till kortbane-EM . 14 damer och sju herrar togs ut därbland mästerskapsdebutanterna Magdalena Kuras och Stina Gardell .,NN,2006-2007,108,114,2006,2006,fc27f8a_108_114|herre|2006,[1],"[""1""]",1.0,2
classical,herre,450b1e06_0_6,Herrar Ledamöter af Stora Kopparbergs läns Landtmäteriförening anmodas härigenom att sammanträda på Nya Hotellet i Falun Måndagen den 14 nästkommande Mars kl.,NN,1880-1883,0,6,1881,1881,450b1e06_0_6|herre|1881,"[1, 6]","[""1"", ""6""]",,2
classical,herre,fc38e17d_50_56,"Nu är det dags för 20 km masstart klassiskt , för herrar från Whistler i Kanada .",NN,2022-2023,50,56,2023,2023,fc38e17d_50_56|herre|2023,[1],"[""1""]",1.0,2
classical,herre,2d4a8f91_85_92,Skrov : sar- ; k : ; r hö pastor Backman ett med andakt åhördt !al öfver ämnet » Hör Herrens ord- .,NN,1912-1915,85,92,1914,1914,2d4a8f91_85_92|herre|1914,[5],"[""5""]",5.0,2
classical,herre,f53d25fd_21_27,"Göteborgs Roddklubbs herrar ledamöter kallas till gemensamt klubbsammanträdo med Göteborgs Segelsällskap Tisdagen den 7 Mars , kl.",NN,1880-1883,21,27,1882,1882,f53d25fd_21_27|herre|1882,[1],"[""1""]",1.0,2
classical,herre,fc303337_46_52,Ryssland fråntas Champions League-finalen för herrar som skulle ha spelats den 28 maj i S:t Petersburg .,NN,2022-2023,46,52,2022,2022,fc303337_46_52|herre|2022,[1],"[""1""]",1.0,2
classical,herre,fc0e41d_15_24,"Gueorgiou vann herrarnas 3,5 km långa bana , proppfull med kontroller , med fem sekunders marginal till norska tvåan Öystein Kvaal Österbö .",NN,2006-2007,15,24,2007,2007,fc0e41d_15_24|herre|2007,[1],"[""1""]",1.0,2
classical,herre,a824c10_157_163,af Gård .a fabrik vid Göteborg Bästa och billigaste stärkelse tillverkad af bästa råvara Utmärker sig för fullkomlig renhet och hvithet Finnes hos de flesta herrar handlande och försäljes till fabrikens pris i parti af Jlb,NN,1880-1883,157,163,1883,1883,a824c10_157_163|herre|1883,[1],"[""1""]",1.0,2
classical,herre,2652dd15_154_160,"hölls på söndagen med St. Kopparbergs landsförsamling , hvrrvid de , som icke anfört besvär öfver k. bfhdes resolution den 18 april 1913 med anledning af herrar K .",NN,1912-1915,154,160,1913,1913,2652dd15_154_160|herre|1913,[1],"[""1""]",1.0,2
classical,herre,6dc3ab84_27_36,Det blev en mäktig final i herrarnas skicross i världscupen där David Mobärg ställdes mot Reece Howden i schweiziska Veysonnaz .,NN,2022-2023,27,36,2023,2023,6dc3ab84_27_36|herre|2023,[1],"[""1""]",1.0,2
classical,herre,6dce6be8_78_87,Duplantis gjorde sig redo att hoppa men fick i stället sätta sig och vänta på herrarnas stafettfinal på 4x400 meter .,NN,2022-2023,78,87,2022,2022,6dce6be8_78_87|herre|2022,[1],"[""1""]",1.0,2
classical,herre,0d9946_87_95,"Oenigheterna ledde till att tio medlemmar uteslöts ur partiet , bland annat de här tre herrarna , eftersom de ställt upp i kyrkovalet för ett annat parti , de stod på socialradikala demokraternas lista .",NN,2006-2007,87,95,2006,2006,0d9946_87_95|herre|2006,[1],"[""1""]",1.0,2
classical,herre,aa2ea754_88_94,"tambur , garderob , klosetfc samt eldning och städning , finnas för en eller två bättre herrar att hyra i huset JS 24 Kungstensgatan , bredvid Tekniska Högskolan .",NN,1880-1883,88,94,1882,1882,aa2ea754_88_94|herre|1882,"[1, 6]","[""1"", ""6""]",,2
classical,herre,59827c4_52_61,KLIPP : Stephanie Frappart första kvinna att döma i herrarnas CL ( 2 december 2020 ),NN,2022-2023,52,61,2022,2022,59827c4_52_61|herre|2022,[1],"[""1""]",1.0,2
classical,herre,fc15f12_76_82,"Malmö är med och ansöker om att få vara med och arrangera VM i handboll för herrar 2009 , eller alternativt 2011 .",NN,2006-2007,76,82,2006,2006,fc15f12_76_82|herre|2006,[1],"[""1""]",1.0,2
classical,herre,fc36be37_149_157,"Under sig som landslagschef kommer Jens T. Andersson få Marika Domanski Lyfors , som ansvarar för damerna , och Stefan Pettersson , som ansvarar för herrarna .",NN,2022-2023,149,157,2022,2022,fc36be37_149_157|herre|2022,[1],"[""1""]",1.0,2
classical,herre,fcd5386_11_17,50 m bröst herrar 1 Per Nylin 27.44 2 Martin Gustavsson 27.57 3 Jakob Dorch 27.94,NN,2006-2007,11,17,2006,2006,fcd5386_11_17|herre|2006,[1],"[""1""]",1.0,0
classical,herre,3dcdcb9d_0_6,"Herrar Ledamöter behagade sammanträda i Stockholms stads Brandförsäkringskontor , JW 4 Myntlorget , 2 tr. upp , torsdagen den 31 mars kl. 6 e. m . Förvaltningsutskottet en half timme tidigare .",NN,1880-1883,0,6,1881,1881,3dcdcb9d_0_6|herre|1881,"[1, 3, 6]","[""1"", ""3"", ""6""]",,2
classical,herre,4be52afa_80_86,"Efter flera häftiga motanfall hvilka vi alla tillbakaslogo , aro vi fortfarande herrar öfver de i går af oss eröfrade ställuingarna .",NN,1912-1915,80,86,1915,1915,4be52afa_80_86|herre|1915,[8],"[""8""]",8.0,2
classical,herre,fc7319a_91_99,"Storbritanniens premiärminister Tony Blair backar upp damernas krav om lika prispengar med herrarna i Wimbledon , den enda Grand Slam som ännu inte har samma segerpremier .",NN,2006-2007,91,99,2006,2006,fc7319a_91_99|herre|2006,[1],"[""1""]",1.0,2
classical,herre,6f023dd0_14_19,"Napoleon , en herre som var republikan under kejsardömet och nu blifvit kejserlig under republiken .",NN,1880-1883,14,19,1883,1883,6f023dd0_14_19|herre|1883,"[1, 3, 8]","[""1"", ""3"", ""8""]",,2
classical,herre,b4a34e3b_170_176,"Det är icke ovanligt , att under pågående valstrid kandidatens “ eminenta förmågau , mågau , “ ärliga åsigter “ , andra goda egenskaper att förtiga , af partiets talföre herrar framhållas i den vackraste belysning .",NN,1880-1883,170,176,1881,1881,b4a34e3b_170_176|herre|1881,"[1, 6]","[""1"", ""6""]",,2
classical,herre,046369a2_17_23,"1 kl. karbad för herrar servera * tis.l o. fred 10 f.m. — 9 e.m. , 2 tr. upp .",NN,1912-1915,17,23,1913,1913,046369a2_17_23|herre|1913,[1],"[""1""]",1.0,0
classical,herre,79328718_122_128,Jonna Andersson tror inte att klubbar i Europa hade accepterat den här skillnaden som finns i Svenska cupen för damer och herrar .,NN,2022-2023,122,128,2023,2023,79328718_122_128|herre|2023,[1],"[""1""]",1.0,2
classical,herre,9c01e4a0_19_25,K:s yttrande öfver Herrar E. Svänssons och K. Danielssons motion om anslag för anordnande af barnbespisning vid stadens folkskolor .,NN,1912-1915,19,25,1914,1914,9c01e4a0_19_25|herre|1914,"[1, 7]","[""1"", ""7""]",,2
classical,herre,f31fdc7_103_109,I kväll spelades den tredje kvartsfinalen mellan IBK Dalen och Jönköping i innebandyns SM-slutspel för herrar .,NN,2006-2007,103,109,2006,2006,f31fdc7_103_109|herre|2006,[1],"[""1""]",1.0,2
classical,herre,fc158a7_28_34,"Enligt ett nytt förslag ska herrar division 2 och damer division 1 spela ihop , precis som herrar division 3 och damer division 2 .",NN,2006-2007,28,34,2007,2007,fc158a7_28_34|herre|2007,[1],"[""1""]",1.0,2
classical,herre,6dc3c6bf_98_106,Huvudmatchen mellan Katie Taylor och Amanda Serrano visade att damerna kan ha samma dragkraft som herrarna – om de får samma förutsättningar .,NN,2022-2023,98,106,2022,2022,6dc3c6bf_98_106|herre|2022,[1],"[""1""]",1.0,2
classical,herre,243fb28_87_93,"den förra å 1 : 50 för herrar och 1 : 25 för damer , samt till den senare ä 1 : 25 för herrar , 1 kr .",NN,1880-1883,87,93,1882,1882,243fb28_87_93|herre|1882,[1],"[""1""]",1.0,0
classical,herre,d6592b33_4_10,"för herrar , damer och barn , med flera artiklar , som säljas till lie mest billiga priser uti",NN,1880-1883,4,10,1882,1882,d6592b33_4_10|herre|1882,[1],"[""1""]",1.0,2
classical,herre,32d212_30_36,I innebandyns SM-slutspel för herrar möttes på måndagkvällen Pixbo och Jönköping i den tredje semifinalmatchen av fem .,NN,2006-2007,30,36,2006,2006,32d212_30_36|herre|2006,[1],"[""1""]",1.0,2
classical,herre,8a08e1c2_33_39,"10 f.m. — 1 e.m. 1 kl karhad for herrar serveras tisd o. fred 10 f.m. — 9 e.m. , 2 tr. upp",NN,1912-1915,33,39,1913,1913,8a08e1c2_33_39|herre|1913,[1],"[""1""]",1.0,0
classical,herre,fc36bbbf_50_59,"Som spelare var han en del av Lag Edin ( som vann herrarnas turnering , och tog med dem både EM- och VM 2014 och 2015 .",NN,2022-2023,50,59,2022,2022,fc36bbbf_50_59|herre|2022,[1],"[""1""]",1.0,0
classical,herre,e5c9afd2_48_54,"Anteckningslista för deltagande uti den Hal som Herrar Stadsfullmäktige låta anordna i Frimuraresamliällets lokal den 10 nästa Februari kl. 8 e. m . , med anledning af 1 ) 1 ) KK .",NN,1880-1883,48,54,1882,1882,e5c9afd2_48_54|herre|1882,"[1, 3, 6]","[""1"", ""3"", ""6""]",,2
classical,herre,44b6575a_26_32,"I Belgien äro fransmännen herrar öfver Lizerne och Het Sas , medan tyskarna tagit gården Van Heule samt gjort framsteg utmed järnvägslinjen Mesaines Ypres .",NN,1912-1915,26,32,1915,1915,44b6575a_26_32|herre|1915,[8],"[""8""]",8.0,2
classical,herre,070ad1b2_225_230,"owanliga sätt ali nalkas majestätet röjde kungen synbar motwilja , inett tog dock mildt och wänligt en hastig Lfwerblick af sirifwel sens innehåll , sedan hail först befall : "" Stig Ipp , » V » bör endast knäfalla inför tvär Herre ! """,NN,1880-1883,225,230,1880,1880,070ad1b2_225_230|herre|1880,[5],"[""5""]",5.0,1
classical,herre,86bbff5f_51_56,"— Gott , sade patriarken , stig fram och hör denne herre ( med ett sarkastiskt eftertryck på det sista ordet ) läsa upp för Er betingelserna för tjänsten !",NN,1912-1915,51,56,1915,1915,86bbff5f_51_56|herre|1915,[1],"[""1""]",1.0,2
classical,herre,6dc2650f_21_30,Det blev en skräll i herrarnas bowlingfinal när division 1-laget Gotlandspärlan besegrade BK Kaskad som huserar i elitserien .,NN,2022-2023,21,30,2022,2022,6dc2650f_21_30|herre|2022,[1],"[""1""]",1.0,2
classical,herre,0acbfddf_163_169,"blifwit helt och hället förstörd , dä den peruanske diktatorn förbjöd administratorn att betala den fordrade krigskontribnlionen , wisa endast , att kilenerna äro herrar till sjös .",NN,1880-1883,163,169,1880,1880,0acbfddf_163_169|herre|1880,[8],"[""8""]",8.0,2
classical,herre,ebe76e91_96_102,"På färjans järnvägsdäck hade dukats frukostbord , ooh i frukosten deltogo inemot 500 personer , herrar och damer .",NN,1912-1915,96,102,1914,1914,ebe76e91_96_102|herre|1914,[1],"[""1""]",1.0,2
classical,herre,6dcdc735_0_8,Herrarna ska köra säsongens sista sprinttävling när världscupen nu har tagit sig till norska Holmenkollen .,NN,2022-2023,0,8,2022,2022,6dcdc735_0_8|herre|2022,[1],"[""1""]",1.0,2
classical,herre,ae4f6791_27_33,"På driving rangen står tre herrar och slår bollar , två äldre damer är precis på väg tillbaka till klubbstugan efter att ha avslutat en runda på 18-hålsgolfbanan i Malmberget .",NN,2022-2023,27,33,2022,2022,ae4f6791_27_33|herre|2022,[1],"[""1""]",1.0,2
classical,herre,e76723e0_167_173,"För åstadkommande af Telefonledning mellan Örebro , Mosås , Kumla och Halsberg med anknytningslinier , får jag på fleres begäran kalla intresserade att sammanträda på herrar Ekendahl & komp:is kontor lördagen den 17 dennes kl. 5 e. m . för att närmare utreda frågan och möjligen bilda förening .",NN,1880-1883,167,173,1882,1882,e76723e0_167_173|herre|1882,[7],"[""7""]",7.0,1
classical,herre,04664be6_108_113,"Dun förro får af <• oteborgs Aftonblad det smakfulla \ itsordet att vara » en öfvorlofvad uf sjukdom bruten herre , som saknar all don ärligt uttalade och konsekvent fasthållna meningen » auktoritet » , och en annan tidning betecknar honom » om » en förbrukad person , hvilken",NN,1912-1915,108,113,1913,1913,04664be6_108_113|herre|1913,[1],"[""1""]",1.0,1
classical,herre,fcdb16c_75_84,HANDBOLL SVT har skrivit kontrakt för rättigheterna till både damernas och herrarnas elitserie i ytterligare två år .,NN,2006-2007,75,84,2007,2007,fcdb16c_75_84|herre|2007,[1],"[""1""]",1.0,2
classical,herre,fc03805_42_51,Med världscuppoäng på spel utvecklade sig herrarnas lopp till en sällskapsresa som varade i 17 av banans 20 kilometer .,NN,2006-2007,42,51,2007,2007,fc03805_42_51|herre|2007,[1],"[""1""]",1.0,2
classical,herre,409678bf_3_9,"De herrar studerande , sorn anmält sig önska deltaga i undertecknade kollegium i svenska statsförfattningens historia , torde sammanträda hos undertecknad fred .",NN,1880-1883,3,9,1880,1880,409678bf_3_9|herre|1880,[1],"[""1""]",1.0,2
classical,herre,fc3dd519_89_98,Peppe Femling var inne för sitt andra och sista besök på skjutvallen på förstasträckan i herrarnas stafett .,NN,2022-2023,89,98,2022,2022,fc3dd519_89_98|herre|2022,[1],"[""1""]",1.0,2
classical,herre,793f4395_72_81,” Viktigare är att VAR-kamerastödet på damernas EM 2022 är högre än för herrarnas Champions League och herrarnas EM tack vare tillgången av ytterligare offside- och EPTS-kameror ( Electronic Performance and Tracking Systems ) ” .,NN,2022-2023,72,81,2022,2022,793f4395_72_81|herre|2022,[1],"[""1""]",1.0,2
classical,herre,fc03c71_6_14,Bland herrarna var Tobias Noborn bäst med en fjärdeplats i heat C medan Niclas Jonasson blev sexa och Mattias Karlsson åtta i sina kvalheat .,NN,2006-2007,6,14,2006,2006,fc03c71_6_14|herre|2006,[1],"[""1""]",1.0,2
classical,herre,f0e78ef9_120_126,"Härmed fär undertecknad vfird ?aint meddela , att jag den 18 april i itr kommer att öppna en förstklasr-ig skoaffär för herrar & damer , under firma",NN,1912-1915,120,126,1912,1912,f0e78ef9_120_126|herre|1912,[1],"[""1""]",1.0,2
classical,herre,3dc1791b_29_37,Duplantis särställning bland herrarna avspeglar sig i att han är 68 poäng före tvåan medan de fem främsta damerna är samlade inom 45 poäng .,NN,2022-2023,29,37,2022,2022,3dc1791b_29_37|herre|2022,[1],"[""1""]",1.0,2
classical,herre,fce8347_116_122,Franska mästerskapen är den enda av de fyra Grand Slam-turneringarna som har inte har lika stor total prissumma för herrar och damer .,NN,2006-2007,116,122,2007,2007,fce8347_116_122|herre|2007,[1],"[""1""]",1.0,2
classical,herre,793fb759_78_87,"” Tv-produktionen för damernas EM 2022 är i nivå med standardproduktionen för herrarnas Champions League ” , skriver Uefa i ett mejl till TT och fortsätter :",NN,2022-2023,78,87,2022,2022,793fb759_78_87|herre|2022,[1],"[""1""]",1.0,2
classical,herre,f46abcda_16_22,"oktober , hafva herrar kaptenerne Bosreus oell Zettersten , flottchefen Edlund , handlanden Hammarström och en skollärare i Djura samt undertecknad blifvit på det högsta klandrade och smädade , derföre att vi ej nied våra röster på kommunalstämman i Leksand flen 10 och li dennes biträdde förslaget örn aktieteckning för kommunens räkning i en järnvägsanläggning från Borlänge till Insjön .",NN,1880-1883,16,22,1881,1881,f46abcda_16_22|herre|1881,"[1, 6, 7]","[""1"", ""6"", ""7""]",,1
classical,herre,ef45d653_101_107,"Det berättas i vår historia om , hur på hertig Karls ( sedermera Karl IX ) riksföreståndaretid några herrar hade tagit sig orådet före att resa omkring och söka förmå bönderna , att icke besöka den till 1597 i Arboga sammankallade riksdagen , hur bönderna gripit agitatorerna och fört dem till hertig Karl och hur herrarna då sagt :",NN,1912-1915,101,107,1914,1914,ef45d653_101_107|herre|1914,"[1, 3]","[""1"", ""3""]",,1
classical,herre,3dcb64e2_94_100,"I Södertälje , Uppsala och Norrköping står samma klubb för lag i högsta basketserien för både herrar och damer .",NN,2022-2023,94,100,2022,2022,3dcb64e2_94_100|herre|2022,[1],"[""1""]",1.0,2
classical,herre,16a15f9a_31_37,"Vestra Göinge Härads Sparbanks Herrar Stiftare , Principaler och Direktions Ledamöter kalias härmed till årssamman träde i Sparbankens lokal i Hessleholm , Måndagen den 12 Februari kl. 2 e. m . , i oell för ändamål sorn 8 , 9 och 10 paragraferna i sparbankens reglemente omnämna .",NN,1880-1883,31,37,1883,1883,16a15f9a_31_37|herre|1883,"[1, 3, 6]","[""1"", ""3"", ""6""]",,1
classical,herre,fc65c39_84_92,Jonas Pilblad sprang in på en blygsam 15:e-plats och var med det bäst av de svenska herrarna .,NN,2006-2007,84,92,2007,2007,fc65c39_84_92|herre|2007,[1],"[""1""]",1.0,2
classical,herre,0dd5a4_72_81,Det blev ännu ett sprintguld till hudiksvallsåkaren Björn Lind idag när herrarnas sprintlopp avgjordes i OS i Turin .,NN,2006-2007,72,81,2006,2006,0dd5a4_72_81|herre|2006,[1],"[""1""]",1.0,2
classical,herre,fc44ae1_62_70,"På damsidan gjorde Patty Schnyder , Schweiz , sorti och bland herrarna fick Richard Gasquet , Frankrike , Tommy Robredo , Spanien , och Radek Stepanek , Tjeckien , respass av sämre rankade spelare .",NN,2006-2007,62,70,2006,2006,fc44ae1_62_70|herre|2006,[1],"[""1""]",1.0,2
classical,herre,08909d2e_240_246,"födelsedag , var såsom vanligt en verkligt kunglig fest i den praktvåning , sorn också i sanning är verkligt kunglig , synnerligast när den ståtliga raden af rum presenterar sig upplyst af tusentals ljus och fyld af högtidsklädda damer och herrar .",NN,1880-1883,240,246,1881,1881,08909d2e_240_246|herre|1881,"[1, 3, 6]","[""1"", ""3"", ""6""]",,1
classical,herre,1a64b734_20_26,"lig stat — men mina herrar godsegare från östern , utöfven sjelfva en smula kristendom och kristlig kärlek !",NN,1880-1883,20,26,1881,1881,1a64b734_20_26|herre|1881,"[3, 4]","[""3"", ""4""]",,2
classical,herre,79393522_190_199,"Sprinttränaren Rana Reider , som är under utredning för sexuella ofredanden , har blivit varnad av polisen i Eugene , USA , efter att ha fått otillåten access till uppvärmningsområdet inför herrarnas final på 100 meter på friidrotts-VM .",NN,2022-2023,190,199,2022,2022,79393522_190_199|herre|2022,[1],"[""1""]",1.0,2
classical,herre,fc1bfe1_93_99,"TRIATHLON Jonas Bjurback , Dala- regementet vann med åtta sekunders marginal SM-sprinten för herrar med tiden 58.27 .",NN,2006-2007,93,99,2006,2006,fc1bfe1_93_99|herre|2006,[1],"[""1""]",1.0,2
classical,herre,e1163920_48_54,"De som vilja deltaga uti en enkel kollation för herrar studentsångare å hotell StorkäUaren om fredag afton efter konsertens slut , hafva tillfälle att anteckna sig å för detta ändamål uti hrr Krooks och Apelqvists boklådor framlagda listor .",NN,1880-1883,48,54,1882,1882,e1163920_48_54|herre|1882,[1],"[""1""]",1.0,1
classical,herre,d656653_20_28,"Samtidigt är de här herrarna ju inga rookies , de har funnits med i forskarvärlden länge .",NN,2006-2007,20,28,2007,2007,d656653_20_28|herre|2007,[1],"[""1""]",1.0,2
classical,herre,fc38585_54_63,Fransmannen Gilles Rondy segrade med knapp marginal i herrarnas öppet vatten över 25 km i sim _ EM i Budapest .,NN,2006-2007,54,63,2006,2006,fc38585_54_63|herre|2006,[1],"[""1""]",1.0,2
classical,herre,03806159_121_129,"Jo , jag tackar , säger prof. Thyrén , se på hvad : j gjorde med pansarbåtsbeslutet o. c . v. Det är tydligt att de båda herrarna icke tala om alldeles samma sak .",NN,1912-1915,121,129,1914,1914,03806159_121_129|herre|1914,[1],"[""1""]",1.0,2
classical,herre,2146a7db_33_39,"Redan i lördags voro fransmännen herrar öfver den mycket omstridda orten Ablain , liksom de förut eröfrat byn Carency .",NN,1912-1915,33,39,1915,1915,2146a7db_33_39|herre|1915,[8],"[""8""]",8.0,2
classical,herre,a1ec6aff_313_319,"gjord framställning att herrar hufvudman måtte besluta , det anslagsfondens vid innevarande års början befintlige tillgångar må återföras till reservfonden och hädanefter såsom dess tillhörighet i räkenskaperna redovisas ; kommande Direktionens utlåtande i anledning af berörda framställning att vid sammanträdet herrar hufvudmiin delgifvas .",NN,1880-1883,313,319,1881,1881,a1ec6aff_313_319|herre|1881,"[1, 3]","[""1"", ""3""]",,1
classical,herre,7933e3c3_35_41,Den gångna säsongen åkte damer och herrar samma distanser i världscupen och i maj beslutades att de ska göra det även i VM i Trondheim 2025 .,NN,2022-2023,35,41,2023,2023,7933e3c3_35_41|herre|2023,[1],"[""1""]",1.0,2
classical,herre,1df4818f_78_83,"Kan ni sätta er m i en mans lidanden , då han märker , att en hut har blifvit herre öfver ho » nom "" '",NN,1912-1915,78,83,1913,1913,1df4818f_78_83|herre|1913,[8],"[""8""]",8.0,2
classical,herre,e1a070c3_101_106,inte fä de sälja fullgoda varor till billigare pris hfvets be- än andra- Ej sällan lockas folk med e herre vill löfte om rabatt eller en present vid rada ungkarlarna att sfstå frän akten- ) vissa köp .,NN,1912-1915,101,106,1915,1915,e1a070c3_101_106|herre|1915,[1],"[""1""]",1.0,1
classical,herre,2a62f231_35_43,"Pettersson öfverföll ute på ägorna herrarna Johansson med en yxa och en lie , hvaivid sonen Johansson till sitt Ire dande afsköt ett par revolverskott .",NN,1912-1915,35,43,1912,1912,2a62f231_35_43|herre|1912,"[1, 7]","[""1"", ""7""]",,2
classical,herre,12bca8ea_121_127,"Nedkallande Guds välsignelse öfver eder och edra arbeten förklarar jag detta riksmöte öppnadt och förblifver eder , gode herrar och svenske män , med all kunglig nåd och ynnest städse välbevågen .",NN,1912-1915,121,127,1914,1914,12bca8ea_121_127|herre|1914,[1],"[""1""]",1.0,2
classical,herre,fce825b_34_40,"SM-finalerna , för både damer och herrar , har de två senaste åren avgjorts i en enda match .",NN,2006-2007,34,40,2006,2006,fce825b_34_40|herre|2006,[1],"[""1""]",1.0,2
classical,herre,f34bace6_113_122,JVM i Chamonix inleds med storslalom för herrarna och super-G för damerna söndag den 31 januari och avslutas med herrarnas störtlopp lördag den 6 februari .,NN,2010-2011,113,122,2010,2010,f34bace6_113_122|herre|2010,[1],"[""1""]",1.0,2
classical,herre,56fdd92c_231_237,"Till ledamöter i styrelsen omvaldes samtliga förutvarande , nämligen herrar Carl Hildebrand , ordförande , Carl Sjögren , verkställande direktör , Johan Persson i Kolstad , Nils Persson därstädes och Fr. Petersson i Kärr Hvarjämte herrar Hjalmar Hultenberg , Kungsgården och P . Pehrson , Mörby , omvaldes till revisorer .",NN,1904-1907,231,237,1905,1905,56fdd92c_231_237|herre|1905,"[3, 6, 7]","[""3"", ""6"", ""7""]",,1
classical,herre,6dcfaa25_123_129,"Dalqvist , 38 , har varit tränare i tio års tid , bland annat i Japan och i Tyskland men han ledde också Hylte / Halmstads herrar till SM-guld i våras .",NN,2018-2019,123,129,2018,2018,6dcfaa25_123_129|herre|2018,[1],"[""1""]",1.0,2
classical,herre,a2006c73_4_10,"för herrar kl. 7 — 9 f. m . och kl.  1 , 2 — 4 e. m . för damer kl. 10 — 12 f. m .",NN,1888-1891,4,10,1891,1891,a2006c73_4_10|herre|1891,[1],"[""1""]",1.0,0
classical,herre,72e7b874_24_32,"Men nu ville jag  fråga herrarna , om de där socialisterna ka rätt att genom tina tidningar försöka att skrämma dem , som vilja arbeta , ifrån arbetet ?",NN,1904-1907,24,32,1905,1905,72e7b874_24_32|herre|1905,"[6, 7]","[""6"", ""7""]",,2
classical,herre,3dca4d06_150_156,I samband med förvärvet av EM 2021 har SVT även säkrat rättigheterna till bland annat U17-EM för damer som spelas i Sverige i maj 2020 och U21-EM för herrar som avgörs i Ungern och Slovenien i juni 2021 .,NN,2018-2019,150,156,2019,2019,3dca4d06_150_156|herre|2019,[1],"[""1""]",1.0,0
classical,herre,9f580042_23_28,"befallde en svartklädd herre , som satt i vagnen framför en beslöjad dam oell en gosse på omkring fem år .",NN,1904-1907,23,28,1906,1906,9f580042_23_28|herre|1906,[1],"[""1""]",1.0,2
classical,herre,516a1d41_92_100,"Bakgrunden , tror han själv , är att han uttalat sig kritiskt i media efter att Sirius gett herrarna tillgång till den inhängnade gräsplanen på Löten medan damerna lämnats utan träningsanläggning vid ett tillfälle .",NN,2014-2015,92,100,2015,2015,516a1d41_92_100|herre|2015,[1],"[""1""]",1.0,2
classical,herre,40d6ee3_30_36,"Brun hastade att fullgöra sin herres befallning , och något senare minskades briggons segel och dess ankare föll på ett par kabellängders afstånd från sir Charles ’ yacht .",NN,1904-1907,30,36,1906,1906,40d6ee3_30_36|herre|1906,[8],"[""8""]",8.0,2
classical,herre,3dc50b9f_72_80,"– Jag kan inte hylla Simone Biles nog , att hon inte får högre poäng än herrarna i till exempel fristående beror bara på reglerna där herrarna får räkna sina tio bästa övningar , medan damerna får räkna åtta .",NN,2018-2019,72,80,2019,2019,3dc50b9f_72_80|herre|2019,[1],"[""1""]",1.0,2
classical,herre,fc35ca1e_97_106,"Oskar Svensson såg till att Sverige växlade som femma efter den första sträckans 10 kilometer på herrarnas stafett , sex sekunder från täten .",NN,2018-2019,97,106,2019,2019,fc35ca1e_97_106|herre|2019,[1],"[""1""]",1.0,2
classical,herre,85a9dbe4_69_75,"På grund af hvad sålunda blifvit anfördt få komiterade föreslå , att herrar stadsfullmägtige ville besluta : att , för vinnande af en enkel och lämplig form för förvaltningen af Vestra Blekinges jernvägar , dessa jernvägar med tillhörigheter må öfverlätas till bolag , benämndt Vestra Blekings Nya Jernvägsaktiebolag , under vilkor och förutsättning : att den af komiterade upprättade bolagsordning blifver af kongl .",NN,1888-1891,69,75,1889,1889,85a9dbe4_69_75|herre|1889,"[3, 6, 7]","[""3"", ""6"", ""7""]",,1
classical,herre,f3402480_113_119,"Det är genom ett samarbete med den största innebandyturneringen i Asien , SG Floorball Open , som både damer och herrar från IBK Dalen får möjligheten att åka till Singapore .",NN,2018-2019,113,119,2019,2019,f3402480_113_119|herre|2019,[1],"[""1""]",1.0,2
classical,herre,b756918_153_158,"Dubbelt frikostig när det var fråga om Potemkin , köpte hon strax därefter sin kejserliga gåfva af honom för 460,000 rubel , ty fursten var en slösaktig herre och .hade alltid användning för mynt .",NN,1904-1907,153,158,1906,1906,b756918_153_158|herre|1906,[3],"[""3""]",3.0,1
classical,herre,8f372173_68_74,” Jag jobbar på ett nybyggt boende med öppet kök där våra damer och herrar är mer än välkomna . ”,NN,2018-2019,68,74,2019,2019,8f372173_68_74|herre|2019,[1],"[""1""]",1.0,2
classical,herre,488c4d84_214_220,"nya , i år patenterade Kokspislar , nied luftcirkulation i stekugnarne , så väl som Illuminationskaminer , Gurneyska ugnar , Strykugnar , Strykjärnskupor att anbringa på spislar m . m . försäljas lios de förnämsta herrar Järnhandlare i riket .",NN,1888-1891,214,220,1891,1891,488c4d84_214_220|herre|1891,"[6, 7]","[""6"", ""7""]",,2
classical,herre,fd34433_161_167,"Hr Branting har ju visserligen iklädt sig personlig borgen för , att riksdagen äfven nästa gång skall få öfverlägga i lugn , men vi få väl se , hur mycket denne herres ord ha att betyda ; hittills har han aldrig visat sig vara annat än en lekdocka i partiets händer .",NN,1904-1907,161,167,1904,1904,fd34433_161_167|herre|1904,"[1, 3, 6]","[""1"", ""3"", ""6""]",,1
classical,herre,7bba9e1e_58_64,"Men under jaktens gång dröjde det ej länge , förrän dista herrar friskyttar voro inua ä en annan byruta , där de ej hade minsta rätt , och helt obesvä adt fortsatte jakten där , fastän de ble ‘ vo gjorda uppmärksamma på det orätta häruti .",NN,1904-1907,58,64,1904,1904,7bba9e1e_58_64|herre|1904,[1],"[""1""]",1.0,1
classical,herre,fc3f96eb_51_56,"Challenge Cup , cupen som svenska lag vann både på herr- och damsidan , blir därmed utan svensk representation nästa säsong – precis som SVT Sport berättade redan i måndags .",NN,2014-2015,51,56,2014,2014,fc3f96eb_51_56|herre|2014,[1],"[""1""]",1.0,2
classical,herre,327a646_11_19,De svenska herrarna tog silver på stafetten på VM i Falun efter en rafflande duell mellan Calle Halfvarsson och Norges Petter Northug på sista sträckan .,NN,2014-2015,11,19,2015,2015,327a646_11_19|herre|2015,[1],"[""1""]",1.0,2
classical,herre,b7dfabcc_13_18,"Bn och annan herre fick en röd grann toffel Ull tecken af att han var ämnad till » toffelhjälte » och till gengäld fingo herrarne disponera öfver ett tillräckligt antal & gt ; rifjäin&gt ; , sorn de frikostigt delade ut .",NN,1904-1907,13,18,1904,1904,b7dfabcc_13_18|herre|1904,[1],"[""1""]",1.0,1
classical,herre,fc3c88bd_51_56,Temperaturer ner under 25 minusgrader gör att både herr- och damsprinten i kanadensiska Canmore skjuts fram från lördag kväll till söndag kväll .,NN,2018-2019,51,56,2019,2019,fc3c88bd_51_56|herre|2019,[1],"[""1""]",1.0,2
classical,herre,e052755a_25_30,"— Det år en vigsel , min herre , svarade den gamle mannen , men jag  att det ej har mycket af giftermål .",NN,1896-1899,25,30,1896,1896,e052755a_25_30|herre|1896,[1],"[""1""]",1.0,2
classical,herre,22b36225_177_183,"Böckerna äro mycket intressanta samt åtföljas af Utmärkta premier såsom : Velocipeder , Möbler , Symaskiner , .lagtgevär , Lod- och Fjederregulatorer , Guldur och Silfverur för Herrar och Damer , Herrkostymer , Kostym- tyger , Vinter- och Somniarkapnfyger , Vinter- och Sommarrocktyger , Muslkinstru ment flera sorter , Album , Porslinsserviser , KalTeserviser , m . m . m . m . Såsom garanti for premiernas ordentliga erhållande äro Tiotusen ( 10 , 000 ) kronor i Stockholms Enskilda bank deponerade .",NN,1896-1899,177,183,1896,1896,22b36225_177_183|herre|1896,[1],"[""1""]",1.0,1
classical,herre,97503e0c_183_191,"En gång talar han om rika patroner och höga herrar i granna vagnar , stora som hus — det var ingen lek för hästarna att dra dem uppför dessa stupande steniga backar , och inte gjorde herrarna arbetet lättare genom att stiga ur och hjälpa till .",NN,1904-1907,183,191,1904,1904,97503e0c_183_191|herre|1904,"[3, 6]","[""3"", ""6""]",,1
classical,herre,fc331bf5_16_22,"Fotbolls-VM för herrar spelades för första gången 1930 och har spelats vart fjärde år sedan dess , bortsett från åren 1942-1946 då andra världskriget satte stopp för spel .",NN,2014-2015,16,22,2014,2014,fc331bf5_16_22|herre|2014,[1],"[""1""]",1.0,2
classical,herre,fc3d4a6d_11_20,"Så här ser herrarnas trupp ut : Mathias Günther ( 66 ) , Zakarias Tallroth ( 71 ) , Robert Rosengren ( 75 ) , Jim Pettersson ( 80 ) , Kristofer Johansson ( 85 ) , Fredrik Schön ( 98 ) , Johan Eurén ( 130 ) .",NN,2014-2015,11,20,2014,2014,fc3d4a6d_11_20|herre|2014,[1],"[""1""]",1.0,0
classical,herre,a99fce1_99_105,"Sporre sade sig ej kunna förstå , hvad nöje han gamle fattige man kunde bereda så höga och förnäma herrar , hvilket gaf Koskull anledning svara , att gubbens vackra sondotter vore värd större omak än en ridt till ett så här uselt kyffe , en mening , som det öfriga sällskapet skrattande biträdde .",NN,1896-1899,99,105,1897,1897,a99fce1_99_105|herre|1897,"[3, 6]","[""3"", ""6""]",,1
classical,herre,7db9bf7a_116_122,"Per-Erik har varit tränare i tio års tid , bland annat i Japan och i Tyskland men han ledde också Hylte / Halmstads herrar till SM-guld i våras .",NN,2018-2019,116,122,2018,2018,7db9bf7a_116_122|herre|2018,[1],"[""1""]",1.0,2
classical,herre,91a30bdf_35_41,"På frågan om hur han ser på de tre herrar som utsetts till hedersambassadörer för Sveriges säkerhetsrådskandidatur – förre utrikesministern Carl Bildt , förre statsministern Göran Persson och förre FN-ambassadören Pierre Schori – sade han att det är bra med erfarna människor med olika kontaktnät .",NN,2014-2015,35,41,2015,2015,91a30bdf_35_41|herre|2015,[1],"[""1""]",1.0,1
classical,herre,d190b568_56_65,"Det gick väldigt bra för Sverige som även knep guldet i herrarnas final genom Mattias Kroon Eriksson på tiden 1,01 minuter .",NN,2014-2015,56,65,2014,2014,d190b568_56_65|herre|2014,[1],"[""1""]",1.0,2
classical,herre,da31ab9_41_50,"Det är stor skillnad mellan damernas och herrarnas villkor i VIK Hockey i Västerås , faktiskt bland de största i hela landet .",NN,2010-2011,41,50,2010,2010,da31ab9_41_50|herre|2010,[1],"[""1""]",1.0,2
classical,herre,166bce05_259_265,"Stadens röstberättigade innevånare varda härmed kallade att fredagen den 18 i denna månad kl. XI f. m . sammanträda inför Magistraten å rådhuset härstädes för att utse tretton stadsfullmäktige efter följande till afgång vid innevarande års slut berättigade : Herrar Robert Ternström , S .",NN,1896-1899,259,265,1896,1896,166bce05_259_265|herre|1896,[7],"[""7""]",7.0,1
classical,herre,f343c5d6_92_100,"Bästa länsåkare blev bland damerna Alexandra Sjöström från UHSK Umeå på plats 5 , och bland herrarna blev Vidar Widing – Tärna IK Fjällvinden länsbäst med en 13:e plats .",NN,2014-2015,92,100,2015,2015,f343c5d6_92_100|herre|2015,[1],"[""1""]",1.0,2
classical,herre,793d8757_39_48,"Osakas uttåg gör att både damernas och herrarnas världsettor är utslagna , då Novak Djokovic tvingades bryta sin match på grund av en skada .",NN,2018-2019,39,48,2019,2019,793d8757_39_48|herre|2019,[1],"[""1""]",1.0,2
classical,herre,3b5ef78a_56_62,"Essbouquet , Fina sorterade Näsduksparfymer , minut hos Herrar J . H . Salomon och G . H , Hasselblad , i parti hos",NN,1888-1891,56,62,1888,1888,3b5ef78a_56_62|herre|1888,[7],"[""7""]",7.0,2
classical,herre,fc36d798_93_98,"TENNIS När nästa ranking kommer så finns ingen amerikansk spelare med topp tio , vare sig på herr- eller på damsidan .",NN,2010-2011,93,98,2011,2011,fc36d798_93_98|herre|2011,[1],"[""1""]",1.0,2
classical,herre,5a993562_124_131,"människor må ha gjort henne och för huru mycket hon må ba människor att tacka , dock ajäifva hufvudsaken i hennes lif varit Herrens hjälp .",NN,1904-1907,124,131,1907,1907,5a993562_124_131|herre|1907,[5],"[""5""]",5.0,2
classical,herre,5165d6de_38_44,"På söndag klockan 17:45 spelar Sirius herrar sin sista hemmamatch i seriespelet för säsongen , då serieledande Jönköpings Södra IF kommer på besök till anrika Studan .",NN,2014-2015,38,44,2015,2015,5165d6de_38_44|herre|2015,[1],"[""1""]",1.0,2
classical,herre,79fb6937_170_176,"Huset ligger i en vacker af barr- och löfskog bestående skogsdunge utmed allmänna landsvägen samt vägen ner till Vargöns fabriker , och är det på entreprenad uppfördt af Herrar Ullgren och Friman i Göteborg uti en tilltalande och vacker stil .",NN,1896-1899,170,176,1898,1898,79fb6937_170_176|herre|1898,[7],"[""7""]",7.0,1
classical,herre,a2940b4d_125_130,"Så blåser båten för tredje gången och i samma ögonblick kommer neddunkande midt i damafdelningen en ursinnigt gestikulerande herre , fruns man .",NN,1896-1899,125,130,1899,1899,a2940b4d_125_130|herre|1899,[1],"[""1""]",1.0,2
classical,herre,327726f_17_23,Dagens match för herrar i Futsal VM började inget vidare för Sverige som länge låg under mred 2-0 i matchen mot Norge men turen vände och matchen slutade 7-3 till Sverige .,NN,2010-2011,17,23,2011,2011,327726f_17_23|herre|2011,[1],"[""1""]",1.0,2
classical,herre,fc3bff88_125_131,"IK Sävehof , från Partille öster om Göteborg , tog en historisk dubbel när klubbens lag vann SM-finalerna för både damer och herrar i maj .",NN,2010-2011,125,131,2010,2010,fc3bff88_125_131|herre|2010,[1],"[""1""]",1.0,2
classical,herre,fc31400e_112_121,"Skidskytten Helena Jonsson tippas ta två guld , i jaktstart 10 km och individuellt 15 km , Emil Jönsson tar hem herrarnas sprint och Anja Pärson vinner damernas superkombination .",NN,2010-2011,112,121,2010,2010,fc31400e_112_121|herre|2010,[1],"[""1""]",1.0,2
classical,herre,e0b7b3ee_57_65,"Det har varit väldigt svårt att sätta poängen och bedöma herrarna , sade prins Carl Philip en kort stund innan han överräckte priset till segraren .",NN,2018-2019,57,65,2018,2018,e0b7b3ee_57_65|herre|2018,[1],"[""1""]",1.0,2
classical,herre,7d20a313_82_88,"Vidare upplysningar kunna erhållas hos bolagets ombudsman 1 Falun äfvensom hos de herrar veterinärer I länet , som tillika äro bolagets agenter och tillhandahålla nödiga försäbrlngsblanketter och reglementen .",NN,1904-1907,82,88,1904,1904,7d20a313_82_88|herre|1904,"[6, 7]","[""6"", ""7""]",,2
classical,herre,be03a26a_33_38,"I hopp att dock till slut blifwa herre Öfwer det flrämda djuret , försummade ryttaren att i rätta ögonblicket hoppa ur sadeln och låta jästen springa hwart han wille .",NN,1888-1891,33,38,1890,1890,be03a26a_33_38|herre|1890,[8],"[""8""]",8.0,2
classical,herre,f54e9441_2_11,"I herrarnas skeet har Stefan Nilsson , så sent som i går , och Marcus Svensson , i april , placerat sig på internationella pallplatser och därigenom tagit kvotplatser till nästa års OS .",NN,2014-2015,2,11,2015,2015,f54e9441_2_11|herre|2015,[1],"[""1""]",1.0,2
classical,herre,5177a043_32_37,"Men sekreteraren , en allvarlig herre med slugt blinkande ögon , skakade tviflande på hufvudet , då han fick höra hela historien .",NN,1904-1907,32,37,1907,1907,5177a043_32_37|herre|1907,[1],"[""1""]",1.0,2
classical,herre,0b55b9d4_6_14,Bland herrarna var det Lars och Jonas Ekman som förra året gick i mål på 02:54:23 och i mixat lag är det Linnéa Olausson och André Fält som har den bästa tiden – 03:13:31 år 2017 .,NN,2018-2019,6,14,2018,2018,0b55b9d4_6_14|herre|2018,[1],"[""1""]",1.0,0
classical,herre,4701e420_159_164,"Egoistisk beräkning » Vet ui , herr doktor , att det gör mig mycket bekymmer , litt min berres aptit är i ständigt aftagande . » » Du hyser stor omsorg om din herre , det gläder mig ; men du behöfver icko oroa dig deröfver — tvärtom , han kommer att må mycket bättre än hittills , örn han magrar litet . » » Ja , men jag kommer icke mer att kunna begagna bans kläder . » Förekommande .",NN,1888-1891,159,164,1891,1891,4701e420_159_164|herre|1891,"[4, 8]","[""4"", ""8""]",,1
classical,herre,fc3e02b0_89_98,"Följ damernas jaktstart från Antholz med start klockan 13.20 på SVT1 och SVT Play , samt herrarnas jaktstart med start 15.30 .",NN,2018-2019,89,98,2019,2019,fc3e02b0_89_98|herre|2019,[1],"[""1""]",1.0,0
classical,herre,4ec5ee3_77_83,"— Tyst , mine herrar , ljöd på en gång en hes röst genom salen , tyst , mine herrar , tyst !",NN,1896-1899,77,83,1898,1898,4ec5ee3_77_83|herre|1898,"[1, 7]","[""1"", ""7""]",,0
classical,herre,82898bf_156_165,"Ingen tvekan om vad som är huvudnummer på OS-programmet för onsdag kväll , åtminstone med Gävledala-ögon sett : längdåkaren Emil Jönsson och hans tävling i herrarnas sprint .",NN,2010-2011,156,165,2010,2010,82898bf_156_165|herre|2010,[1],"[""1""]",1.0,2
classical,herre,6dceff7_60_69,"Internationella simförbundet har låtit startfälten svälla , herrarnas 400 meter fritt bestod exempelvis av nio heat och tog 51 minuter .",NN,2014-2015,60,69,2014,2014,6dceff7_60_69|herre|2014,[1],"[""1""]",1.0,2
classical,herre,6dca0393_196_205,"Säsongens första lopp var utformat som en mixad lagtävling där herrarna först tävlade i lagtempo över 15 kilometer och damerna sedan fick gå ut i 15 kilometer , individuell jaktstart , baserat på herrarnas resultat .",NN,2018-2019,196,205,2018,2018,6dca0393_196_205|herre|2018,[1],"[""1""]",1.0,2
classical,herre,cdcedbfa_87_96,"På Vapenvallen är det så blött att Husqvarna FF får ställa in sin match mot Oddevold i herrarnas division 1 , uppger klubben på sin hemsida .",NN,2014-2015,87,96,2015,2015,cdcedbfa_87_96|herre|2015,[1],"[""1""]",1.0,2
classical,herre,28a0d946_5_10,"Både herr- och damlaget från Fair Play TK i Malmö blev i går , onsdag , svenska lagmästare i lag-SM i Sundsvall .",NN,2014-2015,5,10,2015,2015,28a0d946_5_10|herre|2015,[1],"[""1""]",1.0,2
classical,herre,fc3c5a75_89_98,"I spurtduell med Francesco De Fabiani , Sergej Ustiugov och Sjur Röthe vann Emil Iversen herrarnas 15 km klassiska masstart i Oberstdorf .",NN,2018-2019,89,98,2019,2019,fc3c5a75_89_98|herre|2019,[1],"[""1""]",1.0,2
classical,herre,793a1471_42_50,Det blev en smakstart även för de svenska herrarna när de klev in i lag-EM med en match mot Ungern .,NN,2018-2019,42,50,2019,2019,793a1471_42_50|herre|2019,[1],"[""1""]",1.0,2
classical,herre,0db34df_108_117,"Nu får han komma hem , friskna till och ta nya tag inför VC-tävlingarna som kommer senare i januari , säger herrarnas förbundskapten Joakim Abrahamsson i ett pressmeddelande på onsdagen .",NN,2010-2011,108,117,2011,2011,0db34df_108_117|herre|2011,[1],"[""1""]",1.0,2
classical,herre,835fe4a3_3_8,"En herre , som just höll på att påtaga ytterrocken , lade märke till , att ett fruntimmer höll sig onödigtvis nära honom , och fattade misstankar , att hon var en ficktjuf , samt , fann snart misstankarne bekräftade så till vida , att han fann sin plånbok , innehållande några hundra kronor , borta .",NN,1896-1899,3,8,1897,1897,835fe4a3_3_8|herre|1897,[1],"[""1""]",1.0,1
classical,herre,7460b3b_71_76,"Hastigt ryktes dörren upp , och mödsamt klättrar in en korpulent äldre herre , med en läderväska i handen , och ijunkcr helt och hållet utmattad ned på soffan midt emot våra damer Förgäfves söker han befria sig från de svettdroppar , som i små bäckar strömma ned för hrns panna oell kinder , i det hau torkar sig med eu stor sidennäsduk ocb fläktar på sig med stråhatten .",NN,1896-1899,71,76,1897,1897,7460b3b_71_76|herre|1897,[1],"[""1""]",1.0,1
classical,herre,e0bc7543_67_75,– Det är jätteviktigt att damerna har lika bra förutsättningar som herrarna att spela fotboll på allsvensk nivå i Stockholm .,NN,2014-2015,67,75,2014,2014,e0bc7543_67_75|herre|2014,[1],"[""1""]",1.0,2
classical,herre,6d3e4b0e_77_82,"Emottager till Kemisk Tvättning eller Färgning alla slags Kläder tillhörande Herr- , Dam- & Barngarderoben äfvensom Draperier , Gardiner , Dukar , Handskar , Parasoller m.m.m.ni .",NN,1904-1907,77,82,1907,1907,6d3e4b0e_77_82|herre|1907,[1],"[""1""]",1.0,2
classical,herre,5a33b430_6_12,"dessa herrar , att om de blefvo återvalda till direktörer för bankafdelningen i Norrköping , ämnade de skilja hr Zander från kamererarebefattningen .",NN,1888-1891,6,12,1890,1890,5a33b430_6_12|herre|1890,"[1, 3, 6]","[""1"", ""3"", ""6""]",,2
classical,herre,fc355884_181_187,"Charlotte Kalla och Ebba Andersson var två längdstjärnor som inte ens kom till start i Tour de Ski , samtidigt som Stina Nilsson , Ida Ingemarsdotter och 107 åkare till ( damer och herrar ) valde att hoppa av under tourens gång .",NN,2018-2019,181,187,2019,2019,fc355884_181_187|herre|2019,[1],"[""1""]",1.0,1
classical,herre,eb14185f_115_121,"taget af i högtidligheten deltagande uniformerade » Kunde någon af » Intermédiaires » läsare och icke uniformerade herrar , medan sidoskeppen måhända benäget lämna några upplysningar lik",NN,1888-1891,115,121,1891,1891,eb14185f_115_121|herre|1891,[1],"[""1""]",1.0,2
classical,herre,bd33bed5_243_248,"Det är den rena förhärdelsen och konstanta förnekelsen af all kultur , en sådan konstant oförståelse af nyströmningar , som träffas hos den numera allt mindre infly telserika landtmannapartiets mera fördunklade män och enkannerligen hos » den herre , hvilken k. m:t » — för att begagna hr Hedins dräpande ord från 1896 års synnerligt stormiga remissdebatt — » behagat placera till höger om talmansstolen — hos hr vice talmannen Pehr Pehrson i Törneryd .",NN,1904-1907,243,248,1904,1904,bd33bed5_243_248|herre|1904,"[1, 6]","[""1"", ""6""]",,1
classical,herre,fb4beef6_9_14,"En äldre herre med respektabelt utseende , snöhvitt hår och gult svampigt ansigte , hvilken frysande insvepte sig i en kappa , som varit ny i början af århundradet ; en annan , som genom den bredvid honom stående apelsinkorgen betecknades som en kringvandrande fruktförsäljare , och en tredje med galgfogeluppsyn och en brinnande röd näsa under de hopvuxne , buskiga ögonbrynen .",NN,1888-1891,9,14,1888,1888,fb4beef6_9_14|herre|1888,"[1, 6]","[""1"", ""6""]",,1
classical,herre,e4a5cde3_180_186,"ber härmed att vördsammast få uttala ett hjärtligt tack för all den frikostighet och välvilja som visats densamma ; och särskildt frambäres dess stora tacksamhet till de damer och herrar , hvilka personligen medverkat vid festen på Kullen den 30 sistl.",NN,1896-1899,180,186,1896,1896,e4a5cde3_180_186|herre|1896,[1],"[""1""]",1.0,1
classical,herre,8f376f95_84_90,"Silver : 4 x 50 m frisim för både det yngre och det äldre herrlaget , 4 x 50 medley herrar , Grim Sjöberg på 200 ryggsim och 100 frisim , Madelene Andersson på 400 frisim .",NN,2010-2011,84,90,2010,2010,8f376f95_84_90|herre|2010,[1],"[""1""]",1.0,0
classical,herre,9a0e57ff_14_19,"- Nu ber vi , Herre , att du ska sända ditt ljus över det här och att du ska befria honom från det här , säger kårledaren .",NN,2010-2011,14,19,2011,2011,9a0e57ff_14_19|herre|2011,[5],"[""5""]",5.0,2
classical,herre,fc33350c_3_12,"På herrarnas 5000 meter tog 17-årige norrmannen Jakob Ingebrigtsen EM-guldet på tiden 13.17 , 06 , över sekunden före brorsan Henrik .",NN,2018-2019,3,12,2018,2018,fc33350c_3_12|herre|2018,[1],"[""1""]",1.0,0
classical,herre,d6915086_67_73,"Men det var inte bara socialdemokrater som ville ha en ändring – ” herrar Romanus ( fp ) och Molin ( fp ) ” ville också ha en översyn av de aktuella blanketterna , ” för att dels få största möjliga tydlighet , dels se till att bara nödvändiga uppgifter begärs in ” .",NN,2010-2011,67,73,2011,2011,d6915086_67_73|herre|2011,[7],"[""7""]",7.0,1
classical,herre,2ae5bde4_7_13,""" Mina herrar "" , började han med en fast och långsam röst , "" jag tror hädanefter , att frågan om lifvets föryngrande kan studeras och lösas med tillhjälp af gifna vetenskapliga fakta .",NN,1888-1891,7,13,1889,1889,2ae5bde4_7_13|herre|1889,[7],"[""7""]",7.0,2
classical,herre,fc3f319a_34_42,"Damerna tävlade på samma bana som herrarna vilket innebär 750 meter simning , 20 km cykel och 5 km löpning .",NN,2014-2015,34,42,2014,2014,fc3f319a_34_42|herre|2014,[1],"[""1""]",1.0,2
classical,herre,91a662bc_102_108,"På andra håll i Mexiko , där långt mäktigare narkotikasyndikat som Sinaloa-kartellen och Los Zetas är herrar , existerar ännu inget folkligt uppror .",NN,2014-2015,102,108,2014,2014,91a662bc_102_108|herre|2014,[8],"[""8""]",8.0,2
classical,herre,d19f6b54_123_131,"Örebro Black Kinghts Damer inleder på lördag genom att möta Carlstad Cursaders på Vivalla idrottsplats klockan 15.00 , och herrarna inleder sin säsong på söndag genom att även de möta Carlstad Crusaders hemma på Behrn Arena klockan 15.00 .",NN,2018-2019,123,131,2018,2018,d19f6b54_123_131|herre|2018,[1],"[""1""]",1.0,1
classical,herre,ae4a38f2_89_98,"Markus Hellner kommer hem till Gällivare med ett OS-silver i skiathlon och ett OS-guld i herrarnas stafett , vilket kommer att firas på torget med start 18.30 .",NN,2014-2015,89,98,2014,2014,ae4a38f2_89_98|herre|2014,[1],"[""1""]",1.0,2
classical,herre,6a07cc37_91_97,"Att Styrelsen för Aktiebolaget Perioden intill nästa års ordinarie bolagsstämma utgöres af Herrar Gustaf Janzon , E .",NN,1888-1891,91,97,1890,1890,6a07cc37_91_97|herre|1890,[7],"[""7""]",7.0,2
classical,herre,7933d4d_77_85,"Ärendet utreds nu av FIS och enligt Sophie Clivas , som är pressansvarig för herrarna i världscupen , kan det ta tid .",NN,2018-2019,77,85,2018,2018,7933d4d_77_85|herre|2018,[1],"[""1""]",1.0,2
classical,herre,8f3ac461_112_118,"Johnsson vann i klassen herrar över 45 , Zimdahl tävlade klassen herrar över 55 och Håkan Gauffin var i klassen herrar över 50 .",NN,2010-2011,112,118,2011,2011,8f3ac461_112_118|herre|2011,[1],"[""1""]",1.0,0
classical,herre,f7128524_112_118,"Och följden af hela denna delvis mycket djuptänkta öfverläggning blef , attalia enades örn att skrifva till den herren , som gjort «Farfadern » , den der bysten i Stockholm , och anhålla , att han ville yxa till och gjuta en riksdagsman af brons eller annan bra och billig materia åt vår valkrets .",NN,1896-1899,112,118,1896,1896,f7128524_112_118|herre|1896,[1],"[""1""]",1.0,1
classical,herre,f05d13d3_73_79,Samtidigt som Johan Olsson presenterades som tränare för skidlandslagets herrar dök ett till Sundsvallsnamn upp som damtränare : Annika Zell .,NN,2018-2019,73,79,2018,2018,f05d13d3_73_79|herre|2018,[1],"[""1""]",1.0,2
classical,herre,371c58d_42_48,"Förutom tjänstemännen här hade ett dussin herrar anländt från Féllins själfförsvarsförbund , så att vi voro cirka 18 å 20 försvarare .",NN,1904-1907,42,48,1906,1906,371c58d_42_48|herre|1906,[1],"[""1""]",1.0,2
classical,herre,6dc756c_96_105,"” Efter samtal under måndagen har klubben konstaterat att erbjudandet inte räcker för att driva herrarnas lag kvar i elitserien vare sig på kort eller lång sikt ” , skriver klubben på sin webbplats .",NN,2014-2015,96,105,2014,2014,6dc756c_96_105|herre|2014,[1],"[""1""]",1.0,2
classical,herre,067cafef_0_6,"Herrar socialdemokrater , som nnmera icke genera elg för att läjga i öppen dag hvilka snepiåh sim helst , så aBkra ftro — eller låtsa de sig vara — om sitt blifvande öfvervåld8 ) hafva som bekant för sin räkning lagt beslag på firandet af den 1 maj , som ifrån att vara en vårens glada festdag cn förvandlats tillen politisk demonstrationsdag , ett led i klietkampeni med processioner ander röda fanor och upphetsande tal mot & gt ; tjnfsamhailet&gt ; .",NN,1904-1907,0,6,1907,1907,067cafef_0_6|herre|1907,"[6, 7]","[""6"", ""7""]",,1
classical,herre,9895e8ed_0_6,"Herrar lastemottagare med ångaren Göthe , Kapten John Ternström , frän Stettin , behagade skyndsammast låta tullbehandla och afhemta sina varor .",NN,1888-1891,0,6,1888,1888,9895e8ed_0_6|herre|1888,[7],"[""7""]",7.0,2
classical,herre,66d3642e_92_97,"Då blef jag något förvånad vid , en artig hälsning af en till synes främmande , elegant ung herre i blankskinande cylinder .",NN,1904-1907,92,97,1906,1906,66d3642e_92_97|herre|1906,[1],"[""1""]",1.0,2
classical,herre,ed0e3f48_159_165,"Vi begåfvo oss då alla in i salen , och befallning gafs af min far att genast lämna underrättelse , när konungen komme in på borggården . — gården . — » Är ni herren i huset ? » frågade den yngre af officerarne på tyska språket och i mycket höflig ton .",NN,1896-1899,159,165,1896,1896,ed0e3f48_159_165|herre|1896,[4],"[""4""]",4.0,1
classical,herre,270085fd_46_53,"Jag tänkte strifwa nägot om werksaniheten och Herrens trofasta ledning med oh , men brefwet torde redan wara för längt .",NN,1888-1891,46,53,1891,1891,270085fd_46_53|herre|1891,[5],"[""5""]",5.0,2
classical,herre,8166bb23_150_156,"Nästa tyska liofbal på kungliga slottet i Berlin kommer att bli en kostymbal , och å inbjudningskorten till densamma stå orden : » Samtliga damer och herrar infinna sig i hofkostym från 1797 . » Kejsar Wilhelm ämnar kläda sig i generalsuniform från nämnda tid , medan kejsarinnan uppträder i praktfull hofdrägt som drottning Luise .",NN,1896-1899,150,156,1897,1897,8166bb23_150_156|herre|1897,"[1, 3, 6]","[""1"", ""3"", ""6""]",,1
classical,herre,fc35104d_115_124,"Det blir lite att se och lära och det kommer bli tufft att möta seniorerna , säger Sandör , som alltså finns med i herrarnas startfält på söndag , till SVT Sport .",NN,2014-2015,115,124,2015,2015,fc35104d_115_124|herre|2015,[1],"[""1""]",1.0,2
classical,herre,6dc58356_102_111,"40 proffsspelare samt en amatörspelare vardera från damernas Europatour , herrarnas challengetour och herrarnas veterantour bildar det 123 spelare starka startfältet i den historiska tävlingen – som ingår i samtliga tidigare nämnda tourer – på Ayla Golf Club i hamnstaden Aqaba i södra Jordanien .",NN,2018-2019,102,111,2019,2019,6dc58356_102_111|herre|2019,[1],"[""1""]",1.0,1
classical,herre,32710ae_33_42,Det ostadiga vädret gör att även herrarnas snowboardcross skjuts upp till tisdagen klockan 7.30 och man kör direkt igång med åttondelsfinaler .,NN,2014-2015,33,42,2014,2014,32710ae_33_42|herre|2014,[1],"[""1""]",1.0,2
classical,herre,e6ee4368_17_23,"Hr talman , mine herrar , jag har ovanligt länge besvärat kammaren med mitt anförande , men jag har ansett saken vara af den vikt , att den fordrade en något allsidigare belysning , än den , som förekommit från aktörs sida i detta mål .",NN,1888-1891,17,23,1888,1888,e6ee4368_17_23|herre|1888,"[3, 6]","[""3"", ""6""]",,1
classical,herre,ea8b3e61_77_83,"Inbjudningen är undertecknad af fem af länens mera framstående jordbrukare , herrar Stenbeck , Gudhem , friherre Klingspor , Råbeck , Heyman , Vårgårda , Kjellberg , "" Frielsberg , och Meyer , Rånnum .",NN,1888-1891,77,83,1888,1888,ea8b3e61_77_83|herre|1888,[7],"[""7""]",7.0,2
classical,herre,c8f077ae_109_114,"Förmodligen måste han ha någon anledning till den tron , att han efter en dylik katastrof skulle bli än mera herre på täppan , än han redan är .",NN,1904-1907,109,114,1906,1906,c8f077ae_109_114|herre|1906,[8],"[""8""]",8.0,2
classical,herre,e28ccaf7_19_24,"– Det var en äldre herre som gick med rullator och gick ut i vägen , säger Erling Eriksson , räddningschef vid räddningstjänsten på Öckerö .",NN,2014-2015,19,24,2014,2014,e28ccaf7_19_24|herre|2014,[1],"[""1""]",1.0,2
classical,herre,aecb234a_151_157,"Vi rekommendera vidare våra sjelfafläggande och förbättrade Tiger-Hästräfsor , Prisbelönade vid flera utställningar och på det lifligaste förordade af Herrar fackmän och jordegare , öfver 700 räfsor äro i bruk , hvilket bevisar att de äro kända och erkända .",NN,1896-1899,151,157,1896,1896,aecb234a_151_157|herre|1896,[6],"[""6""]",6.0,1
classical,herre,a03388d0_56_62,"Utom det förut nämda hederspriset för djur i flock , ba herrar prisdomare tillerkänt herr Cassel ett andra pris ( mindre silfver medalj , diplom och 125 kr . )",NN,1888-1891,56,62,1891,1891,a03388d0_56_62|herre|1891,[6],"[""6""]",6.0,2
classical,herre,8284164_81_87,"Brynäs IF har som enda förening lyckats ta sig till slutspel både när det gäller herrar , damer , J20 , J18 och U16 .",NN,2010-2011,81,87,2010,2010,8284164_81_87|herre|2010,[1],"[""1""]",1.0,2
classical,herre,4701d8df_0_6,"Herrar Handlande torde ej försumma till fallet att vid reqvisition af Borstar före vårleveransen , göra en förfrågan hos B . Olsson .",NN,1888-1891,0,6,1891,1891,4701d8df_0_6|herre|1891,[1],"[""1""]",1.0,2
classical,herre,b756ebe3_3_9,De herrar skyttar från Kalmar och Öland sorn vilja lie ’ taga i samma kunna bekvämt medfölja ångaren Prins Bernadotte som anordnat billighetslustresa .,NN,1904-1907,3,9,1906,1906,b756ebe3_3_9|herre|1906,[1],"[""1""]",1.0,2
classical,herre,fc378765_10_19,"I dag har herrarnas elitserie dragit igång , 16 lag är på plats i Karlstad där 10 matcher kommer att spelas fram till söndag .",NN,2010-2011,10,19,2010,2010,fc378765_10_19|herre|2010,[1],"[""1""]",1.0,2
classical,herre,93a7ff3e_6_14,"– När herrarna 21 startade hade dagsmejan kommit , så då blev det ju ett tungt lopp , säger Hans Carlson , orförande i SK Bore skidor .",NN,2014-2015,6,14,2015,2015,93a7ff3e_6_14|herre|2015,[1],"[""1""]",1.0,2
classical,herre,23e46d87_221_226,"Han kände en gnagande hunger , han genomfors af frossskakningar , och då han stod upp i båten , voro hans fotter så svaga , att han måste sätta sig ner igen , han föll på knä , nära att svimma , men åter lyckades han bli herre öfver sig själf och stirrade ut i mörkret , i den lugna , stilla dödstystnaden .",NN,1904-1907,221,226,1905,1905,23e46d87_221_226|herre|1905,[8],"[""8""]",8.0,1
classical,herre,a61830e9_105_111,"Min partipriskurant å tricot- och yllevaror , väfoader samt korta varor , är nu utkommen och sändes till Herrar återförsäljare på begäran gratis och franco .",NN,1896-1899,105,111,1896,1896,a61830e9_105_111|herre|1896,[1],"[""1""]",1.0,2
classical,herre,a45a484f_137_143,"General Weyler , af hvilkens energi man väntade stora saker , till och med att inom loppet af några månader spaniorerna åter skulle vara herrar på Cuba , har icke uträttat något mot insurgenterna .",NN,1896-1899,137,143,1896,1896,a45a484f_137_143|herre|1896,[8],"[""8""]",8.0,2
classical,herre,0db9845_13_21,De tio bästa herrarna belönas även med ett tävlingsstipendium i form av pengar MEN även här är det enbart dom sex främsta damerna som får samma vinstsumma .,NN,2010-2011,13,21,2011,2011,0db9845_13_21|herre|2011,[1],"[""1""]",1.0,2
classical,herre,f3474584_216_222,"Distansloppen i SM i Umeå ska köras på en 3 , 75-kilometersslinga och det innebär att det kommer att bli ordinarie längd även på torsdagens inledande SM-lopp i skiathlon , 15 kilometer för damer och 30 kilometer för herrar .",NN,2014-2015,216,222,2014,2014,f3474584_216_222|herre|2014,[1],"[""1""]",1.0,2
classical,herre,793be4b_100_106,Svenske ” The Mauler ” förlorade matchen på poäng efter en av tidernas häftigaste bataljer där båda herrar gav sitt allt i en match som blev historisk .,NN,2018-2019,100,106,2018,2018,793be4b_100_106|herre|2018,[1],"[""1""]",1.0,2
classical,herre,272daf8e_78_84,Vatikanen har också släppt en youtube-video som visar hur en rad kostymklädda herrar samt ett par kardinaler tålmodigt hjälper Benedictus XVI att navigera sig fram på Vatikanens surfplatta och skicka meddelandet .,NN,2010-2011,78,84,2011,2011,272daf8e_78_84|herre|2011,[1],"[""1""]",1.0,2
classical,herre,307f82b9_91_97,"Nu för våren och sommaren inkommet ett stort och extra fint lager af alla slags skodon för herrar , damer och barn ; siiljes till mycket bil liga , men bestämda priser .",NN,1904-1907,91,97,1905,1905,307f82b9_91_97|herre|1905,[1],"[""1""]",1.0,2
classical,herre,15bd4947_77_82,"Under en granskning Västerbottensnytt genomförde tidigare av Stöcksjö skolas herr- och damtoaletter , uppdagades att skolan inte uppdaterat sin likabehandlingsplan sedan 2011 .",NN,2014-2015,77,82,2014,2014,15bd4947_77_82|herre|2014,[1],"[""1""]",1.0,2
classical,herre,d19d6ad_242_247,"Bland Slraus ’ efterlämnade papper finnas följande träffande anmärkningar rörande betydelsen af orden hustru , fru och gemål : När man gifter sig af kärlek , blir man man och hustru ; gifter man sig på grund af bekvämlighetshänsyn , blir man herre och fru , och gifter man sig af politiska eller finansiella orsaker , blir man gemål och gemål , Man blir älskad af sin hustru , skonad af sin fru , tolererad af sin gemål .",NN,1896-1899,242,247,1896,1896,d19d6ad_242_247|herre|1896,[2],"[""2""]",2.0,1
classical,herre,a87ae805_4_10,"för Herrar och Damer , i alla qvalitéer och storlekar , billigast i Ma I ma v Aj li Sk j ovtf ali rik",NN,1896-1899,4,10,1896,1896,a87ae805_4_10|herre|1896,[1],"[""1""]",1.0,2
classical,herre,32711b1_26_34,I Aten rullade de svenska herrarna hem både guld och silver när herrarnas tremanna avgjordes vid EM i bowling för döva igår kväll .,NN,2010-2011,26,34,2010,2010,32711b1_26_34|herre|2010,[1],"[""1""]",1.0,2
classical,herre,3dc45e02_53_62,Orlando Ortega från Spanien låg på en tredjeplats på herrarnas 110 meter häck när den regerande världsmästaren Omar McLeod snubblade över en häck och störde Ortega på banan bredvid .,NN,2018-2019,53,62,2019,2019,3dc45e02_53_62|herre|2019,[1],"[""1""]",1.0,2
classical,herre,0db84e7_70_79,"Förstaårssenioren Jonas Leandersson , Södertälje-Nykvarn , vann i dag herrarnas sprint i För-EM i orientering efter att ha fått till ett riktigt kanonlopp .",NN,2010-2011,70,79,2011,2011,0db84e7_70_79|herre|2011,[1],"[""1""]",1.0,2
classical,herre,905cef3a_74_80,"Fram mellan åskådarnes leder rullade det ena ekipaget efter det andra med herrar i högtidsdrägt och damer i ljusa , eleganta toaletter .",NN,1896-1899,74,80,1897,1897,905cef3a_74_80|herre|1897,"[1, 6]","[""1"", ""6""]",,2
classical,herre,5165bc7_32_38,"Till sin hjälp har de tagit tre herrar med elitidrottsbakgrund – fotbollens Ola Andersson , bandyns Magnus Berglund och hockeyns Marcus Ragnarsson .",NN,2010-2011,32,38,2011,2011,5165bc7_32_38|herre|2011,[1],"[""1""]",1.0,2
classical,herre,fc39860d_118_124,"SM-skridskon bjuder på en världsnyhet – masstart på avslutningsdistansen , 5 000 meter för damer och 10 000 meter för herrar .",NN,2010-2011,118,124,2011,2011,fc39860d_118_124|herre|2011,[1],"[""1""]",1.0,0
classical,herre,d4985d03_42_48,"Deltagare i Soiréen erhålla biljetter hos Herrar Brand & Anderson , hvaremot icke sådana säljas eller tillhandahållas vid ingången .",NN,1896-1899,42,48,1897,1897,d4985d03_42_48|herre|1897,[7],"[""7""]",7.0,2
classical,herre,e2829e5c_9_17,"– De tre herrarna till höger om mig har fortfarande tillgång till information och utredningsmaterial som är sekretesstämplat för oss övriga fullmäktigeledamöter , säger James Bucci ( V ) och syftar på de representanter från ( S ) , ( M ) och ( C ) som sitter bredvid honom .",NN,2010-2011,9,17,2010,2010,e2829e5c_9_17|herre|2010,[1],"[""1""]",1.0,1
classical,herre,a3b4a01_21_26,För att själf få bli herre öfver gården har hon till slut bestämt sig för att ta lifvet af sin själfrådige son .,NN,1904-1907,21,26,1906,1906,a3b4a01_21_26|herre|1906,"[4, 8]","[""4"", ""8""]",,2
classical,herre,5089775b_67_73,"Från sin spetsbergsexpedition å- terkommo i lördags till Stockholm herrar Nordenskiöld den yngre och Klinckowström efter ett kortare besök hos expeditionens frikostiga mecenat , frih .",NN,1888-1891,67,73,1890,1890,5089775b_67_73|herre|1890,[7],"[""7""]",7.0,2
classical,herre,fc35bb31_32_38,"” Kvartsfinalen i Svenska Cupen herrar Öster-AIK kommer inte , som tidigare meddelats , att spelas måndag 11 mars utan in stället lördag 9 mars klockan 16.00 ”",NN,2018-2019,32,38,2019,2019,fc35bb31_32_38|herre|2019,[1],"[""1""]",1.0,2
classical,herre,15b7bdea_28_37,"Martin Johnsrud Sundby vann herrarnas 10 kilometerslopp , och gick i mål 1 minut och 39 sekunder före Umeåsonen Teodor Petersson , som hamnade på plats 62 .",NN,2014-2015,28,37,2015,2015,15b7bdea_28_37|herre|2015,[1],"[""1""]",1.0,2
classical,herre,6dc0fd80_77_85,"Det var i fredags som beskedet kom att Bosnic , som varit förbundskapten för herrarna sedan våren 2014 , får lämna sitt uppdrag",NN,2018-2019,77,85,2018,2018,6dc0fd80_77_85|herre|2018,[1],"[""1""]",1.0,2
classical,herre,0db02919_131_136,"Förbundskaptenerna Magnus Ingesson ( damer ) och Joakim Abrahamsson ( herrar ) , samt herrsprinttränaren Arild Monsen har tagit ut herr- och damlagen som ska köra den svenska minitouren med fyra tävlingar på fem dagar .",NN,2010-2011,131,136,2010,2010,0db02919_131_136|herre|2010,[1],"[""1""]",1.0,2
classical,herre,c3a37cc8_174_180,"Och sälja vi i kommission till vederbörandes pris Hellekis utmärkta vanliga Stensorter och Svinhoar , alla Filialen Ceies tillverkningar , äfvensom Öfverums samt de artiklar Herrar Carl Jakobson och Joh:s Danielsen Stockholm föra på lager .",NN,1896-1899,174,180,1897,1897,c3a37cc8_174_180|herre|1897,[7],"[""7""]",7.0,2
classical,herre,0384a535_3_8,"En herre här i vagnen har bytt kläder med mig ; han gick sin väg efter att ha klådt mig , och så måste jag taga på mig hans kläder .",NN,1896-1899,3,8,1897,1897,0384a535_3_8|herre|1897,[1],"[""1""]",1.0,2
classical,herre,a030f891_61_67,"Men så snart slagen upphört , upphör han att lida , och dess herres slag äro för hunden det värsta lidande , för hvilket han kan blifva utsatt .",NN,1896-1899,61,67,1897,1897,a030f891_61_67|herre|1897,[8],"[""8""]",8.0,2
classical,herre,b905ad1d_6_12,"Några herrar läte för nöjes skull binda för ögonen på sig och valde sedan på måfå inom den » klass » , för hvilken de betalt .",NN,1896-1899,6,12,1899,1899,b905ad1d_6_12|herre|1899,[1],"[""1""]",1.0,2
classical,herre,0dba870_55_64,HAMBUG / LEKSAND Roddaren Lassi Karonen slutade tvåa i herrarnas singelsculler när säsongens andra världscuptävling genomfördes i Hamburg på söndagen .,NN,2010-2011,55,64,2011,2011,0dba870_55_64|herre|2011,[1],"[""1""]",1.0,2
classical,herre,596aa4e1_104_110,"Första passet startar på lördagen klockan 8.30 och tävlingarna avslutas på söndagen med 25 meter frisim herrar , som är den stora finalen .",NN,2018-2019,104,110,2019,2019,596aa4e1_104_110|herre|2019,[1],"[""1""]",1.0,2
classical,herre,0dbf4ac_0_6,"Herrar , 3 500 meter : 1 ) Jonas Leandersson , Södertälje-Nykvarn , 14.21 , 2 ) Johan Runesson , Göteborg-Majorna OK , +0.26 , 3 ) William Lind , Malungs OK Skogsmårdarna , +0.28 ,",NN,2010-2011,0,6,2011,2011,0dbf4ac_0_6|herre|2011,[1],"[""1""]",1.0,0
classical,herre,0f336d47_175_180,"Det är ett slaga kotiljong och består deri , att damen kastar ett ägg , aom är grant m&ladt eller förgyldt och fyldt med parfym eller Bmå bitar guldpapper , i hufvudet på den herre , mod hvilken hon önskar dansa .",NN,1888-1891,175,180,1890,1890,0f336d47_175_180|herre|1890,[1],"[""1""]",1.0,1
classical,herre,dc3a4255_172_177,"Då han talade , såg hon hastigt upp som vid ljudet af en bekant röst , men dels var hågkomsten af Pete nu så svag , dels kunde hon ju näppeligen i denne elegante och säkre herre igenkänna deli bruiistekte och orakade grufarbetare , som för tolf år sedan svettats vid slägga och borr i hennes fars grufva .",NN,1888-1891,172,177,1891,1891,dc3a4255_172_177|herre|1891,"[1, 6]","[""1"", ""6""]",,1
classical,herre,516c2ac6_111_118,Sverker Martin-Löf anser att Antje Jackelén upphöjer trovärdigheten av SvD:s påståenden och att hon missbrukat herrens ord och dömt en person som hon inte har skaffat sig kännedom om .,NN,2014-2015,111,118,2015,2015,516c2ac6_111_118|herre|2015,[5],"[""5""]",5.0,2
classical,herre,fc32965f_92_101,"Det gäller Sirius som ska till Umeå och Carlstad som har bortamatch på söndagen mot Boden i herrarnas division 1 Norra , samt Piteå som har bortamatch i Uppsala mot Danmark i damernas Norrettan på söndagen .",NN,2010-2011,92,101,2010,2010,fc32965f_92_101|herre|2010,[1],"[""1""]",1.0,2
classical,herre,0db4632_7_13,"Sprint herrar : Emil Jönsson , Årsunda IF , Jesper Modin , Piteå Elit , Robin Bryntesson , Sollefteå SK , Teodor Peterson , Åsarna IK , Calle Halfvarsson , IFK Mora SK , Jens Eriksson , Dala-Floda IF , Daniel Richardsson , Hudiksvalls IF .",NN,2010-2011,7,13,2011,2011,0db4632_7_13|herre|2011,[1],"[""1""]",1.0,1
classical,herre,47f5da6b_11_16,"* "" Gammal herre skall också fycka om Noddy * , sade han i en mera befallande än ödmjukt bedjande ton .",NN,1896-1899,11,16,1896,1896,47f5da6b_11_16|herre|1896,[1],"[""1""]",1.0,2
classical,herre,3dc5f2b8_33_38,Minst en toppmatch från antingen herr- eller damligan under grundserien och slutspelet samt hela SM-finalserien i båda ligorna kommer att kunna ses i SVT Play .,NN,2018-2019,33,38,2019,2019,3dc5f2b8_33_38|herre|2019,[1],"[""1""]",1.0,2
classical,herre,28dd0823_14_20,"Aktningsvärda Herrar och Damer , som hafva anställning på kontor , i affär eller idka studier , erhålla fördelaktig inackordering i hem nära Kornhamnstorg .",NN,1888-1891,14,20,1890,1890,28dd0823_14_20|herre|1890,"[1, 6]","[""1"", ""6""]",,2
classical,herre,f0af75e1_44_49,"— Skrif ändå , om ni vill vara så god , min herre , sir John har måhända icke tänkt därpå .",NN,1904-1907,44,49,1907,1907,f0af75e1_44_49|herre|1907,[7],"[""7""]",7.0,2
classical,herre,a767e67e_79_85,"Bårdförkläden i ylle o. bomull , hvita broderade Förkläden , Jägerartiklar för Herrar oeh Damer , Hemstickade Yllevaror : Koftor , Västar , Underkjolar , Barnklädningar , Strumpor , Damasker , skära Tröjor , Hvita Konfekttröjor , Korsett-skyddare , Engelska Mans- o. Damstrumpor , svarta Silkesstrumpor , Näsdukar i silke , linne och bomull , Barnnäsdukar från 90 öre pr duss , Schalar , Filtar , Paraplyer i siden , ylle och gloria , Pelskängor , Galoscher , äkta ryska och svenska ,",NN,1896-1899,79,85,1896,1896,a767e67e_79_85|herre|1896,[1],"[""1""]",1.0,1
classical,herre,38fc5258_3_9,"Om Herrar Hyresgäster åstunda en ordentlig Vedsågare , så kan anmälan göras uti M 27 Norrlandsgatan , 1 tr. upp .",NN,1888-1891,3,9,1890,1890,38fc5258_3_9|herre|1890,[1],"[""1""]",1.0,2
classical,herre,e286befe_28_36,"– Det var inte ovanligt att herrarna blev kvar i foajén medan fruarna såg andra akten , säger Eva Berntsson Melin på Hallands kulturhistoriska museum .",NN,2010-2011,28,36,2011,2011,e286befe_28_36|herre|2011,[1],"[""1""]",1.0,2
classical,herre,8ea57fe8_52_58,"efter Gudstjänstens slut för val af nämndemän efter Herrar Knut Källström och Hjeltens Karl Gustafsson , som på begäran entledigats .",NN,1904-1907,52,58,1907,1907,8ea57fe8_52_58|herre|1907,[7],"[""7""]",7.0,2
classical,herre,6dccb407_70_78,"Minitouren fortsätter på lördag med tremil för damerna och femmil för herrarna , och sedan avslutas touren med masstart på söndag .",NN,2018-2019,70,78,2019,2019,6dccb407_70_78|herre|2019,[1],"[""1""]",1.0,2
classical,herre,902e0d9f_96_102,"Hon var gift med en handelsresande ooh hade hört många historier örn det muntra lif , som dessa herrar esomoftast föra på Bina resor .",NN,1904-1907,96,102,1904,1904,902e0d9f_96_102|herre|1904,[1],"[""1""]",1.0,2
classical,herre,8c23354d_206_212,"kommer att bibehållas oförändradt å samma plats , der det under många år åtnjutit allmänhetens förtroende ; och skall der fortfarande tillhandahållas goda och billiga Linné- och Jmgcr^ & lt ; — i varor för herrar och damer samt beställningar af skjortor och all slags linnesiömnad mottagas och ► : utföras skyndsamt och väl .",NN,1888-1891,206,212,1888,1888,8c23354d_206_212|herre|1888,[1],"[""1""]",1.0,1
classical,herre,6dc30bc1_95_103,"– Du ser mycket mer damgolf på tv i dag , men det är fortfarande ett stort hav mellan de bästa herrarna och damerna när det kommer till prispengar , säger Solheim Cup-kaptenen Catriona Matthew",NN,2018-2019,95,103,2019,2019,6dc30bc1_95_103|herre|2019,[1],"[""1""]",1.0,2
classical,herre,da3d10da_67_76,"De nya tränarna får sällskap av Ted Andersson som blir manager för herrarnas A-lag och länken mellan tränare , ledare och övrig verksamhet i klubben .",NN,2014-2015,67,76,2014,2014,da3d10da_67_76|herre|2014,[1],"[""1""]",1.0,2
classical,herre,da3bf96_0_8,"Herrarna spelar i VIK Elit som får in pengar från sponsorer , elitdamerna är däremot placerade i VIK Ungdom , alltså samma förening som barn spelar i och som nästan enbart får in pengar via medlemsavgifter .",NN,2010-2011,0,8,2010,2010,da3bf96_0_8|herre|2010,[1],"[""1""]",1.0,2
classical,herre,fc3b60bb_2_11,I herrarnas 470 är Anton Dahlberg / Sebastian Östling bara på 15:e plats efter två omgångar trots att de inledde med en andraplats .,NN,2010-2011,2,11,2011,2011,fc3b60bb_2_11|herre|2011,[1],"[""1""]",1.0,2
classical,herre,ae4c625c_39_45,Svenska Skidförbundet har tagit ut sex herrar och sex damer som ska representera Sverige i världscuppen i Drammen i Norge den 11 mars .,NN,2014-2015,39,45,2015,2015,ae4c625c_39_45|herre|2015,[1],"[""1""]",1.0,2
classical,herre,ae4741bd_7_13,"Med 80 herrar och 30 damer så står herrarna för större delen av anmälningsavgiften och då menar vi att det blir mest rättvist att de också får mer prispengar , säger Alf Israelsson .",NN,2014-2015,7,13,2015,2015,ae4741bd_7_13|herre|2015,[1],"[""1""]",1.0,2
classical,herre,793c3599_45_54,Exempelvis kommer de 20 bästa i damernas och herrarnas mångkamp och de tre främsta i de individuella grenarna att få en OS-biljett .,NN,2018-2019,45,54,2019,2019,793c3599_45_54|herre|2019,[1],"[""1""]",1.0,2
classical,herre,295a8705_100_106,"I kyrkan hade i god tid före högtidligheten de särskildt inbjudna , en lysande samling af damer och herrar , tagit plats , damerna i hvit hofdräkt utan släp och herrarne i stor uniform eller civil högtidsdräkt , och i öfrigt , var templet till sista plats fylldt af personer som erhållit inträdeskort Framför altaret hade emellertid ärkebiskopen med öfverhofpredikanten biskop Billing och pastor primarius doktor Håhl tagit plats samt stannade där under hela den heliga akten ..",NN,1904-1907,100,106,1907,1907,295a8705_100_106|herre|1907,"[1, 6]","[""1"", ""6""]",,1
classical,herre,bc9f0a12_145_151,"Skjortor , Kragar , Manschetter och Veck , Handskar , Yantar , Hängslen , Näsdukar , Strumpor , Rosetter och Halsdukar , Jägerylle för Damer och Herrar .",NN,1904-1907,145,151,1905,1905,bc9f0a12_145_151|herre|1905,[1],"[""1""]",1.0,2
classical,herre,81a307a2_132_138,"Någon annan betydelse kunde väl knappast ett kinesiskt konsulat bär få , men vi ha många konsuler , till och med så grant betitlade herrar som generalkonsuler , hvilka icke ha ett dyft mer att göra , än att gå och se granna ut och tillfredsställda med sin egen värdighet , visserligen tillverkad af samma tyg , sorn kejsarens nya kläder i Anderséns saga , men hvad gör det , blott rederböraude sjelfva äro lyckliga i sin inbillade storhet !",NN,1896-1899,132,138,1896,1896,81a307a2_132_138|herre|1896,"[1, 3, 6]","[""1"", ""3"", ""6""]",,1
classical,herre,7dbdaf8_44_53,På söndagen vann Falkenberg första machen i herrarnas kvartsfinalderby mot Hylte och till helgen är det dags för Hylte / Halmstads damer att ta sig an Ängelholm i kvartsfinal – vi har träffat laget absolut största stjärna,NN,2010-2011,44,53,2011,2011,7dbdaf8_44_53|herre|2011,[1],"[""1""]",1.0,2
classical,herre,95f75b6c_12_18,Att vi till Herrar Karl Larsson & Co. öfverlemnat vår minutaffär i f. d. Möllerska gården och kommer hädanefter endast att föra en del varuartiklar dem vi från magasin försälja .,NN,1888-1891,12,18,1888,1888,95f75b6c_12_18|herre|1888,[7],"[""7""]",7.0,2
classical,herre,fc38e879_51_60,I avtalet ingår även fem matcher från damernas och herrarnas elitserie den här säsongen och slutspel med tyngdpunkt på semifinalerna .,NN,2014-2015,51,60,2014,2014,fc38e879_51_60|herre|2014,[1],"[""1""]",1.0,2
classical,kvinna,137d9286_62_69,"nesliga lif medelst sjelfmord ; och ett stort antal olyckliga kvinnor , sorn sökt fly undan eländet , ha fallit i „mordeHglarnes4 händer , och deras ben vittra öfver allt i Utahs solbrända dalar .",NN,1880-1883,62,69,1883,1883,137d9286_62_69|kvinna|1883,[3],"[""3""]",3.0,2
classical,kvinna,b382a5e9_92_98,"— Jag sov ; jag väcktes av en kylande känsla , jag slog upp ögonen t.n vilklä<ld , beslöjaa kvinna stod bredvid min säng ; det var hon , gom ikysst mig pa pannan .",NN,1912-1915,92,98,1914,1914,b382a5e9_92_98|kvinna|1914,[3],"[""3""]",3.0,2
classical,kvinna,28ffffe7_42_50,"orden , så mycken fasthet öfver den gamla kvinnans ansigte och gestalt , der hon reslig som en romarinna stod upprätt framför mig , att jag icke ett ögonblick kunde misstaga mig på allvaret i hennes ord .",NN,1880-1883,42,50,1883,1883,28ffffe7_42_50|kvinna|1883,[3],"[""3""]",3.0,0
classical,kvinna,3754909a_117_124,"Dessa klubbar ha anordnat sällskapliga samkväm , där de manliga medlemmarna inbjuda och underhålla sig med jämnåriga kvinnor .",NN,1912-1915,117,124,1913,1913,3754909a_117_124|kvinna|1913,[3],"[""3""]",3.0,2
classical,kvinna,59ebb00_32_39,"Den avvisningshotade eritranska kvinnan Abiba Eissk , som Tvärsnytt berättade om i mitten av september , får permanent uppehållstillstånd i Sverige .",NN,2006-2007,32,39,2007,2007,59ebb00_32_39|kvinna|2007,[3],"[""3""]",3.0,2
classical,kvinna,a4096d5f_100_110,"talade på Norrlands nation i söndags på ett möte , tillstalldt for att pigga upp namninsamlingen på kvinnornas rösträttspetition .",NN,1912-1915,100,110,1913,1913,a4096d5f_100_110|kvinna|1913,[4],"[""4""]",4.0,2
classical,kvinna,82864886_0_7,Kvinnan medger att hon spelat musik men menar att det var en av passagerarna som skruvat upp volymen .,NN,2022-2023,0,7,2022,2022,82864886_0_7|kvinna|2022,[3],"[""3""]",3.0,1
classical,kvinna,f38692c_40_47,"Läkaren bokade aldrig någon tid och när kvinnan själv ordnade en mammografiundersökning , visade det sig att hon hade cancer .",NN,2006-2007,40,47,2007,2007,f38692c_40_47|kvinna|2007,[3],"[""3""]",3.0,2
classical,kvinna,8f6cb61_11_17,En 21-årig kvinna avled natten till tisdagen av skador hon fått vid en bilolycka kvällen före .,NN,2006-2007,11,17,2007,2007,8f6cb61_11_17|kvinna|2007,[3],"[""3""]",3.0,1
classical,kvinna,d69ce65a_12_19,"Tre av fyra kvinnor som blivit intervjuade i en utredning som handlar om att leva med skyddade personuppgifter , har någon gång fått sina uppgifter röjda .",NN,2022-2023,12,19,2022,2022,d69ce65a_12_19|kvinna|2022,"[3, 4]","[""3"", ""4""]",,1
classical,kvinna,f5459df1_18_25,"Genom att erbjuda kvinnor födda 1994-1998 en kostnadsfri vaccinering , i samband med screening , vill man förebygga HPV-viruset som ofta kan leda till just livmoderhalscancer .",NN,2022-2023,18,25,2022,2022,f5459df1_18_25|kvinna|2022,[3],"[""3""]",3.0,2
classical,kvinna,ce9e075e5_145_152,"w \ rörande en mängd af stadens inrätt-lär utbredt bland alla klasser , äfven , och nmgar ; beredningars betänkanden , Ktor utstråckning , bland kvinnor .",NN,1880-1883,145,152,1882,1882,ce9e075e5_145_152|kvinna|1882,[4],"[""4""]",4.0,2
classical,kvinna,d62d983_33_40,Mannen har medgett att han kände kvinnan men förnekar att han har något med mordet att göra .,NN,2006-2007,33,40,2006,2006,d62d983_33_40|kvinna|2006,[3],"[""3""]",3.0,1
classical,kvinna,f05e1190_9_18,"Många af kvinnorna , som också deltogo i kampen , voro gripna af djurisk vildhet .",NN,1912-1915,9,18,1914,1914,f05e1190_9_18|kvinna|1914,[3],"[""3""]",3.0,2
classical,kvinna,d69164e0_30_37,"– Utan evidens kan det här få kvinnor att stanna kvar i en våldsam relation för att de hoppas att mannen ska ändra sig , säger Jenny Westerstrand , ordförande för Roks , Riksorganisationen för kvinnojourer och tjejjourer i Sverige .",NN,2022-2023,30,37,2022,2022,d69164e0_30_37|kvinna|2022,"[3, 4]","[""3"", ""4""]",,0
classical,kvinna,27205cf8_12_19,"Den mördade kvinnan hade före händelsen anmält sin ex-man ett flertal gånger för trakasserier , våld och övergrepp .",NN,2022-2023,12,19,2023,2023,27205cf8_12_19|kvinna|2023,[3],"[""3""]",3.0,2
classical,kvinna,de86154_7_14,Enligt kvinnan somnade hon i bilen och när hon vaknade så var taxichauffören böjd över henne med en hand innanför hennes blus .,NN,2022-2023,7,14,2023,2023,de86154_7_14|kvinna|2023,[3],"[""3""]",3.0,1
classical,kvinna,d68a40f_62_69,"Även denna gång skedde övergreppet i en taxiskyltad bil , men kvinnan kan inte uppge bolagets namn .",NN,2006-2007,62,69,2006,2006,d68a40f_62_69|kvinna|2006,[3],"[""3""]",3.0,2
classical,kvinna,d64d1a8_15_21,En medelålders kvinna avled igår kväll i en tunnel under Nyköpings lasarett sedan vårdcentralen skickat henne vidare till akutmottagningen till fots .,NN,2006-2007,15,21,2006,2006,d64d1a8_15_21|kvinna|2006,[3],"[""3""]",3.0,2
classical,kvinna,8f996a5_83_89,"Den 43-årige Katrineholmsbo , som greps i måndags kväll , misstänkt för mord på en kvinna , begärdes på onsdagen häktad på sannolika skäl misstänkt för mord .",NN,2006-2007,83,89,2007,2007,8f996a5_83_89|kvinna|2007,[3],"[""3""]",3.0,1
classical,kvinna,28adeb8e_88_94,Den 32-åriga kvinnan är inte ensam om att ha svårt att få skydd – hör om ytterligare en kvinna i videon ovan .,NN,2022-2023,88,94,2022,2022,28adeb8e_88_94|kvinna|2022,[3],"[""3""]",3.0,1
classical,kvinna,0b5fedcd_3_9,En kvinna fick vänta på operation i en blodig säng i 21 timmar efter en förlossning i Karlskrona .,NN,2022-2023,3,9,2022,2022,0b5fedcd_3_9|kvinna|2022,[3],"[""3""]",3.0,1
classical,kvinna,038a212e_72_79,Med anledningen af drottningens namnsdag har 460 kvinnor i Luleå och 60 kvinnor i Neder Luleå ländt ett varmhjärtadt hyllnings telegram .,NN,1912-1915,72,79,1914,1914,038a212e_72_79|kvinna|1914,[3],"[""3""]",3.0,1
classical,kvinna,e22efe5_42_49,"– Vi ser ett helt annat klientel med fler kvinnor som tillhör gängkriminalitet än tidigare , säger Marie Larsson , kriminalvårdsinspektör i Region Nord .",NN,2022-2023,42,49,2023,2023,e22efe5_42_49|kvinna|2023,[3],"[""3""]",3.0,2
classical,kvinna,474f2be0_14_21,stads män och kvinnor och vill derför i det längsta tvifla på att » doktor » Lee «med hustru » skall lyckas här göra proselyter .,NN,1880-1883,14,21,1883,1883,474f2be0_14_21|kvinna|1883,[3],"[""3""]",3.0,1
classical,kvinna,27dcef522_118_126,"är Mors historia , hvari författaren med varm , sonlig kärlek , tecknar sin moders verksamhet såsom skollärarinna Och kvinnans uppfostrande betydelse ; ett ämne som närmare utvecklas i den tredje uppsatsen ( Bilinan och folkskolan .",NN,1880-1883,118,126,1881,1881,27dcef522_118_126|kvinna|1881,"[4, 5]","[""4"", ""5""]",,0
classical,kvinna,cdcb8b8_9_15,"Den unga kvinna , som körde bilen , frikänns helt eftersom tingsrätten menar att det inte har gått att fastställa att hon såg vad som hände eller var medveten om att de båda männen tänkte föra med sig kvinnan i bilen .",NN,2022-2023,9,15,2023,2023,cdcb8b8_9_15|kvinna|2023,[3],"[""3""]",3.0,1
classical,kvinna,9a6267a_106_112,I en inbjudan som skickades ut med e-post hette det bl.a. att ” vi ska fira avvisningen av vår besvärliga kvinna ” .,NN,2006-2007,106,112,2006,2006,9a6267a_106_112|kvinna|2006,[3],"[""3""]",3.0,1
classical,kvinna,7194927a_13_20,"Den stackars kvinnan föll , heter det , genast i gråt , och då länsmannen , i myeket Bträng och befallande ton , vändt sig till henne med orden : » Tig , så att vi kan tala » , föll hor i häftiga skakningar och konvulsivisk gråt .",NN,1912-1915,13,20,1913,1913,7194927a_13_20|kvinna|1913,[3],"[""3""]",3.0,0
classical,kvinna,44b34797_162_171,"Enligt utländska tidningar har en fransk kemist Georges Paulin efter mångåriga försök och studier lyckats framställa ett bedöfningsmedel som fullständigt befriar kvinnorna från födselns smärtor , utan att medföra de olägenheter som de förut använda medlen medfört .",NN,1912-1915,162,171,1915,1915,44b34797_162_171|kvinna|1915,[3],"[""3""]",3.0,0
classical,kvinna,cdc60a71_63_70,Åklagare Adam Rullman begära förlängd häktningstid för de båda kvinnor som är misstänkta för människorov .,NN,2022-2023,63,70,2022,2022,cdc60a71_63_70|kvinna|2022,[3],"[""3""]",3.0,2
classical,kvinna,d1db5585_61_67,"dock icke vara , utan det igenkändes såsom hafvande varit en kvinna , hvilken aflidit på stadens sjukhus , hvarefter liket blifvit bortstulet ur sjukhusets likrum , derefter beklädts med Esther Solomossäs , den saknade flickans kläder , och kastats i floden , uppenbart för att leda spaningen på villospår .",NN,1880-1883,61,67,1882,1882,d1db5585_61_67|kvinna|1882,[3],"[""3""]",3.0,0
classical,kvinna,9a706fc_76_83,Tingsrätten i Eksjö var i dag fullsatt när rättegången inleddes mot de fyra kvinnor från Tranås som misstänks för att ha hjälpt en kvinna att gömma sina barn från barnens pappa 2005 .,NN,2006-2007,76,83,2007,2007,9a706fc_76_83|kvinna|2007,[3],"[""3""]",3.0,1
classical,kvinna,e573fb5_216_222,"farfar , jordbrukare vid Eriekanalen , var en från Hessen-Darmstadt utvandrad handelsagent , Johann Garfeld , sorn gift sig med en landsmaninna , oell deras son ingick likaledes gifte med en i Hessen- Darmstadt född kvinna .",NN,1880-1883,216,222,1880,1880,e573fb5_216_222|kvinna|1880,[3],"[""3""]",3.0,0
classical,kvinna,ae4a97b2_56_63,Det brann i hallen i en lägenhet där det befann sig tre kvinnor och flera barn .,NN,2022-2023,56,63,2022,2022,ae4a97b2_56_63|kvinna|2022,[3],"[""3""]",3.0,1
classical,kvinna,21470453_143_150,"byiån tillägger att vid zeppelinbombnrdnmanget på nordostkusten den 6 dennes antalet dödade uppgick till 24 , nämligen tern civila män , elfva kvinnor och sex barn .",NN,1912-1915,143,150,1915,1915,21470453_143_150|kvinna|1915,[3],"[""3""]",3.0,2
classical,kvinna,ef4b365c_6_15,"Kunna kvinnorna ej göra mer , si kunna de åtminstone- offra en krona eller mera för detta , ändamål .",NN,1912-1915,6,15,1914,1914,ef4b365c_6_15|kvinna|1914,[3],"[""3""]",3.0,2
classical,kvinna,d64f6d4_7_14,"Enligt kvinnan fick mannen 500 kronor av varje kund för att arrangera mötena , skriver Göteborgs-Posten .",NN,2006-2007,7,14,2006,2006,d64f6d4_7_14|kvinna|2006,[3],"[""3""]",3.0,2
classical,kvinna,f314558_4_10,Den kvinna som på tisdagseftermiddagen frontalkrockade med en annan bil på Brogatan utanför Örnsköldsvik har avlidit till följd av sina skador .,NN,2006-2007,4,10,2007,2007,f314558_4_10|kvinna|2007,[3],"[""3""]",3.0,1
classical,kvinna,b1ad11dc_65_72,"ty med den tidens gycklare och lekare följde ofta förlorade unga kvinnor , som dansade , spelade och sjöngo för åskådarne , och för en sådan stackars varelse ansåg fru Ramborg Margareta .",NN,1880-1883,65,72,1882,1882,b1ad11dc_65_72|kvinna|1882,[3],"[""3""]",3.0,1
classical,kvinna,308b6347_16_23,Både mannen och kvinnan fick märken på kroppen efter att ha varit bundna med elkablar .,NN,2022-2023,16,23,2022,2022,308b6347_16_23|kvinna|2022,[3],"[""3""]",3.0,1
classical,kvinna,0b0593c9_127_135,Denna 9enare utredning står dock icke i någon som helst relation till de beräknade följderna af ett eventuellt genomförande af kvinnans politiska rösträtt .,NN,1912-1915,127,135,1912,1912,0b0593c9_127_135|kvinna|1912,[4],"[""4""]",4.0,2
classical,kvinna,038d0882_58_65,Det gäller har att få de likgiltiga ut Af högerns män och kvinnor agiteras på detta sått på det ifrigaste .,NN,1912-1915,58,65,1914,1914,038d0882_58_65|kvinna|1914,[3],"[""3""]",3.0,1
classical,kvinna,214732a7_80_86,"Du har förolämpat Beatrice och å andra sidan iifven hedrat henne , såsom hvarje kvinna önskar blifva genom kärlek och konst .",NN,1912-1915,80,86,1915,1915,214732a7_80_86|kvinna|1915,[4],"[""4""]",4.0,2
classical,kvinna,0dec097_12_18,Den 79-årig kvinna som på måndagen försvann från sitt hem i Gravendal söder om Fredriksberg påträffades under natten välbehållen .,NN,2006-2007,12,18,2007,2007,0dec097_12_18|kvinna|2007,[3],"[""3""]",3.0,2
classical,kvinna,9aecea1_25_31,"I går kväll släpptes den kvinna som suttit anhållen misstänkt för skyddan- de av brottsling , men misstankarna kvarstår .",NN,2006-2007,25,31,2007,2007,9aecea1_25_31|kvinna|2007,[3],"[""3""]",3.0,2
classical,kvinna,d69fb83_53_60,- Det är ett underbetyg att det fortfarande är så få kvinnor på ledande poster och att det går så trögt .,NN,2006-2007,53,60,2007,2007,d69fb83_53_60|kvinna|2007,[3],"[""3""]",3.0,1
classical,kvinna,1c5d92bb_168_175,"åtgärder för att bereda en mot fattigdom och brist tryggad ålderdom åt dem , som egnat ett belt lif af hängifvenhet och försakelse åt fosterlandet af goda oell kunniga kvinnor och så i väsentlig mån bidragit till vårt folks upplysning och sedliga förkofran .",NN,1880-1883,168,175,1883,1883,1c5d92bb_168_175|kvinna|1883,[3],"[""3""]",3.0,0
classical,kvinna,15947c_68_75,Sammanställningen visar också att det är ungefär lika många män som kvinnor som läser deckare .,NN,2006-2007,68,75,2007,2007,15947c_68_75|kvinna|2007,[4],"[""4""]",4.0,1
classical,kvinna,d677d2d_109_116,"Allmänt gäller för de flesta operatörerna gäller att unga är mer missnöjda än äldre , män är mer kritiska än kvinnor och att storstadsbor är mer missnöjda än de som bor i andra delar av landet .",NN,2006-2007,109,116,2007,2007,d677d2d_109_116|kvinna|2007,[4],"[""4""]",4.0,1
classical,kvinna,08db0a50_35_42,"häll berättas nu äter fjelfmord af kvinnor , som sökt fördrifwa foster med fosfor frän tändstickor .",NN,1880-1883,35,42,1882,1882,08db0a50_35_42|kvinna|1882,[3],"[""3""]",3.0,2
classical,kvinna,e9b18409_47_54,"barndom , räknar redan som medlemmar 17 modiga kvinnor , hvilka ej frukta något obehag , då det gäller en för menskligheten så vigtig sak som den ifrågavarande .",NN,1880-1883,47,54,1882,1882,e9b18409_47_54|kvinna|1882,[3],"[""3""]",3.0,2
classical,kvinna,781e10d8_18_25,"sein blefvo män , kvinnor och barn störtade ned för de branta stentrappor , på hvilka man från Newyork kommer upp på bion , och härvid blefvo 12 personer och bland dem 7 kvinnor kväfda och nedtrampade .",NN,1880-1883,18,25,1883,1883,781e10d8_18_25|kvinna|1883,[3],"[""3""]",3.0,1
classical,kvinna,f34a5d9_66_72,På en tågresa mellan Älvsbyn och Jörn ska han hotat en man och en kvinna med kniv .,NN,2006-2007,66,72,2006,2006,f34a5d9_66_72|kvinna|2006,[3],"[""3""]",3.0,1
classical,kvinna,781ea4bd_0_7,"kvinnor och barn skuffade ned för den branta stentrappa , som från Newyorksidau för upp till bron .",NN,1880-1883,0,7,1883,1883,781ea4bd_0_7|kvinna|1883,[3],"[""3""]",3.0,1
classical,kvinna,28a9fe71_42_49,154 000 test har skickats ut till skånska kvinnor – men de flesta gör ändå inte testen .,NN,2022-2023,42,49,2022,2022,28a9fe71_42_49|kvinna|2022,[3],"[""3""]",3.0,2
classical,kvinna,0d152d_29_36,"Enligt försäkringskassan har kvinnan , som är bosatt i Gävleborgs län , fått ut drygt 475 000 kronor brutto i sjukersättning trots att hon arbetat heltid .",NN,2006-2007,29,36,2006,2006,0d152d_29_36|kvinna|2006,[3],"[""3""]",3.0,2
classical,kvinna,7db03cf4_46_53,Det råder en stor ojämlikhet i hur stor plats kvinnor och män tar på den svenska musikscenen .,NN,2022-2023,46,53,2022,2022,7db03cf4_46_53|kvinna|2022,[4],"[""4""]",4.0,1
classical,kvinna,474f4ae3_98_105,"första egde rum i sestwäningen as Arbetaressreningens nya hus till förmän för hemmet för wärnlösa kvinnor , ett högst behjertanswärdt ändamäl säledes .",NN,1880-1883,98,105,1883,1883,474f4ae3_98_105|kvinna|1883,[3],"[""3""]",3.0,2
classical,kvinna,f349e86c_73_80,"Enligt polisens presstalesperson Åsa Mjörndal är skadeläget oklart , men kvinnan uppges ha varit vaken och talbar .",NN,2022-2023,73,80,2022,2022,f349e86c_73_80|kvinna|2022,[3],"[""3""]",3.0,2
classical,kvinna,5788c033_297_304,"stöd ännu sutto kvar samma pråssade , gula sammetsöfverdrag , som en af de gamla köpmännen medfört från Nederländerna ... Hår hade mången menuett uppförts , mången festlighet afhållite , och det var ännu i dag ej svårt att föreställa sig den fula fru Judit i spetsmössan eller den förföriska unga kvinnan med rubinernä i bäret som härskarinna i den gammaldags omgifningen .",NN,1912-1915,297,304,1912,1912,5788c033_297_304|kvinna|1912,[3],"[""3""]",3.0,0
classical,kvinna,ebe5d60e_54_60,"Där ha anträffats liken af en välklädd ung man och en kvinna , bada döda genom skottsår .",NN,1912-1915,54,60,1914,1914,ebe5d60e_54_60|kvinna|1914,[3],"[""3""]",3.0,1
classical,kvinna,ae4b58ec_54_60,Den 20-årige man som dömdes för dödsskjutningen av en kvinna på Notviken i Luleå får ingen prövning i Högsta domstolen .,NN,2022-2023,54,60,2022,2022,ae4b58ec_54_60|kvinna|2022,[3],"[""3""]",3.0,1
classical,kvinna,cc7aef06_157_163,"härmed förhölle sig och uppmanad att tala sanning , förnekade under åberopande af Gud och himmel som vittnen , att fion känt , mycket mindre behandlat någon kvinna , boende i det hus inom Johannes ’ församling , hvars nummer inför rätten uppgafs .",NN,1880-1883,157,163,1882,1882,cc7aef06_157_163|kvinna|1882,[3],"[""3""]",3.0,0
classical,kvinna,cdcdabe_15_22,"– Det är många kvinnor i min omgivning som upplever samma situation och det känns jättejobbigt , säger hon .",NN,2022-2023,15,22,2023,2023,cdcdabe_15_22|kvinna|2023,[3],"[""3""]",3.0,1
classical,kvinna,4d4b1c62_125_132,"hopp örn att få det , det bedjer sina för ’ drai äldrar om ; ynglingen och jungfrun hoppas att få ega hvarandra ; mannen och kvinnan hoppas på ett kärleksfullt och lyckligt lif ; åldringen , som närmar sig grafvens rand , hoppas att efter snart slutadt mödosamt lif nnna ro och hvila i grafvens frid .",NN,1880-1883,125,132,1882,1882,4d4b1c62_125_132|kvinna|1882,[1],"[""1""]",1.0,0
classical,kvinna,1c033d9b_110_119,"I n al v erklig mänskligh t. Därfi r e vetande ■Ur något ditåt biifvudsak i all uppfostran , >ch därför vilja kvinnorna — som naturligtvis sträfva t 11 d i . högsta ch ibligat •.-iskt mast föl ja männen ( älven i deraa öfverskat !",NN,1912-1915,110,119,1915,1915,1c033d9b_110_119|kvinna|1915,[4],"[""4""]",4.0,0
classical,kvinna,fc1af85_70_78,Mannen greps av skelleftepolisen i helgen när han åter tagit sig in i kvinnans lägenhet och där misshandlat henne .,NN,2006-2007,70,78,2007,2007,fc1af85_70_78|kvinna|2007,[3],"[""3""]",3.0,1
classical,kvinna,5747d2f9_43_50,"mellan könen är en smula onaturlig : 6,569 kvinnor mot 5,212 mankön — 25 procenl mera kvinnor än karlar — hwart skall del taga wägen ?",NN,1880-1883,43,50,1881,1881,5747d2f9_43_50|kvinna|1881,[4],"[""4""]",4.0,2
classical,kvinna,c551ccb7_60_67,"Och för att man påstår , att han förhäxar , magnetiserar de kvinnor han åtrår ?",NN,1912-1915,60,67,1913,1913,c551ccb7_60_67|kvinna|1913,[2],"[""2""]",2.0,1
classical,kvinna,5909330_11_17,En 88-årig kvinna avled vid lunchtid på tisdagen då en personbil krockade med en lastbil på E 20 vid korsningen med riksväg 56 vid Kungsör .,NN,2006-2007,11,17,2006,2006,5909330_11_17|kvinna|2006,[3],"[""3""]",3.0,1
classical,kvinna,5961b1e0_41_48,Det var en månad in på anställningen som kvinnan kallades in på ett samtal till sin chef efter att andra arbetskamrater vittnat om attitydsproblem mot både omsorgstagare och arbetskamrater .,NN,2022-2023,41,48,2022,2022,5961b1e0_41_48|kvinna|2022,[3],"[""3""]",3.0,1
classical,kvinna,0db1cdf8_3_9,En kvinna har förts till sjukhus efter en kollision mellan en personbil och permobil i Skogsbo i Avesta .,NN,2022-2023,3,9,2022,2022,0db1cdf8_3_9|kvinna|2022,[3],"[""3""]",3.0,1
classical,kvinna,cdcc07e4_138_145,I Jönköping rapporterades det under tisdag eftermiddag om två fall av bedrägerier där en bedragare knackade på dörren hemma hos två olika kvinnor i 90-årsåldern .,NN,2022-2023,138,145,2022,2022,cdcc07e4_138_145|kvinna|2022,[3],"[""3""]",3.0,1
classical,kvinna,6cdb9472_214_221,"Det är väldigt svårt att avgöra juridiskt , så det återstår att se om det kommer bli några konkreta bötfällningar , eller om det mer handlar om att skicka ut signaler om att man inte tillåter den här attityden mot kvinnor .",NN,2022-2023,214,221,2023,2023,6cdb9472_214_221|kvinna|2023,[4],"[""4""]",4.0,1
classical,kvinna,91adddf9_66_73,Enligt Palamar följe båda parter vapenvilan under lördagen och 20 kvinnor och barn kunde ta sig till en överenskommen mötesplats .,NN,2022-2023,66,73,2022,2022,91adddf9_66_73|kvinna|2022,[3],"[""3""]",3.0,2
classical,kvinna,578fe8cb_52_58,"För några år sedan aflossade Lewén ett skott mot en kvinna och sedan ett mot sig själf , oek kulan från detta kunde sedan ej uttagas .",NN,1912-1915,52,58,1912,1912,578fe8cb_52_58|kvinna|1912,[3],"[""3""]",3.0,1
classical,kvinna,4279d004_51_58,varit intagna 664 personer ( deraf 405 män och 259 kvinnor ) samt i försörjningshuset i Majorna 110 personer ( deraf 72 män och 38 kvinnor ) ; å barnhemmet vid Järnvågen voro 44 flickor intagna .,NN,1880-1883,51,58,1883,1883,4279d004_51_58|kvinna|1883,[3],"[""3""]",3.0,2
classical,kvinna,3758cbfe_85_93,16:o ) D.-Ks skrifvelse med hemställan om anslag till härvarande förening af Svenxka Kvinnors Kristliga Nykterhetsförbnnd för bekostandu af en gaslodning till väntpaviljongen vid Skeppsbron .,NN,1912-1915,85,93,1913,1913,3758cbfe_85_93|kvinna|1913,[4],"[""4""]",4.0,2
classical,kvinna,e63e68b8_48_55,"rsutYndnirrnret , » Plupsen » , skildrar en ung kvinnas kl mp fö » att komma upp i en högre stwiihälls-eiiUning oc ' : !",NN,1912-1915,48,55,1915,1915,e63e68b8_48_55|kvinna|1915,[3],"[""3""]",3.0,2
classical,kvinna,27256ea4_51_57,"Den här segern är inte bara för mig utan för varje kvinna som inte blivit trodd , berättar SVT:s korrespondent Fouad Youcefi .",NN,2022-2023,51,57,2023,2023,27256ea4_51_57|kvinna|2023,[3],"[""3""]",3.0,1
classical,kvinna,fcdcaf5_72_79,"Nu ska Tysklands olympiska kommitté ( DOSB ) ersätta 157 idrottsmän och kvinnor med 19 000 euro , cirka 170 000 kronor .",NN,2006-2007,72,79,2007,2007,fcdcaf5_72_79|kvinna|2007,[3],"[""3""]",3.0,2
classical,kvinna,e1c2c024_59_66,"wis gnager pä sällskapsliswets rot , förorsakar hundratals kvinnor den största oro , och som skall förstöra hwarje bildad umgängeston , om man icke sätter stopp för den .",NN,1880-1883,59,66,1882,1882,e1c2c024_59_66|kvinna|1882,[3],"[""3""]",3.0,2
classical,kvinna,c55f86bd_181_187,"Mannen och kvinnan , som hon vande sig CH , förstodo ögonblickligen , att någon förlårlig olycka måtte ha drabbat detta hus eller skulle utbryta , så snart denna bleka och upprörda kvinna fana kraft att bringa orden öfver sina darrande ifippar .",NN,1912-1915,181,187,1913,1913,c55f86bd_181_187|kvinna|1913,[3],"[""3""]",3.0,0
classical,kvinna,0f254e82_117_124,sofforna pä stora gängen och i korsgängen samt pä bänkarne framför orgeln och i de innebygda stolarne » nä endast af kvinnor lösas .,NN,1880-1883,117,124,1880,1880,0f254e82_117_124|kvinna|1880,[4],"[""4""]",4.0,1
classical,kvinna,6554e6e_14_20,En man och en kvinna anhölls på söndagkvällen i Växjö efter att ha hotat sin granne med gevär .,NN,2006-2007,14,20,2007,2007,6554e6e_14_20|kvinna|2007,[3],"[""3""]",3.0,1
classical,kvinna,d6b2eab_56_66,Men hon vill inte svara på hur domen kommer att påverka kvinnornas roll i Roks .,NN,2006-2007,56,66,2007,2007,d6b2eab_56_66|kvinna|2007,[3],"[""3""]",3.0,1
classical,kvinna,8f17dd4_79_86,"I ett ärende om sjukersättning har mannen utan grund förnekat att en försäkrad kvinnas läkarintyg kommit in till kassan , vilket ledde till att hon tvingades lämna in intyget flera gånger .",NN,2006-2007,79,86,2007,2007,8f17dd4_79_86|kvinna|2007,[3],"[""3""]",3.0,1
classical,kvinna,e0fc0cc7_236_243,"På begäran af Drottningens C:ntralkomité , som ställt i utsikt att medel skola kunna ställas till förfogande för anskaffande ät Röda Korsets och Landstormen af persedlar , som genom sömnad eller stickning kunna tillverkas af arbetslösa kvinnor , får Länshjälpskomitén anmoda de föreningar eller enskilda personer , som vilja för medla utlämnandet af dylikt arbete till arbetslösa kvinnor , att före den t juni detta år anmäla sig hos LänshjSlpskomiténs ordförande , Borgmästare Gornelius , därvid ifven bör uppgifvas den specialitet af arbete , som eventuellt kan utföras .",NN,1912-1915,236,243,1915,1915,e0fc0cc7_236_243|kvinna|1915,[4],"[""4""]",4.0,0
classical,kvinna,82800647_26_33,I beslutet framkommer att kvinnan levt tillsammans med en man en längre tid även efter att de ska ha separerat .,NN,2022-2023,26,33,2022,2022,82800647_26_33|kvinna|2022,[3],"[""3""]",3.0,1
classical,kvinna,fcf6510_21_28,De 16 bästa i det 32 kvinnor starka fältet spelar vidare i morgon med nollställda resultat .,NN,2006-2007,21,28,2007,2007,fcf6510_21_28|kvinna|2007,[3],"[""3""]",3.0,1
classical,kvinna,6b340cc9_57_66,"bland infödingarne är mycket stort , emedan de hinduiska kvinnorna på grnod af sin religion icke få mottaga manlig läkarehjelp-",NN,1880-1883,57,66,1882,1882,6b340cc9_57_66|kvinna|1882,[4],"[""4""]",4.0,2
classical,kvinna,bb9a38d6_79_89,som tydde på höflighet mot eller hänsyn till fruntimren var både å männens och kvinnornas sida bannlyst .,NN,1880-1883,79,89,1880,1880,bb9a38d6_79_89|kvinna|1880,[4],"[""4""]",4.0,1
classical,kvinna,13976c47_51_58,"fram till fots , omgifwen och följd af ministrar , kvinnor , barn och sitt tjenstefolk .",NN,1880-1883,51,58,1883,1883,13976c47_51_58|kvinna|1883,[3],"[""3""]",3.0,2
classical,kvinna,72d126b9_12_19,"Om Amerikas kvinnor icke göra detta , skall folkens blod komma öfver deras barns hufvud . »",NN,1912-1915,12,19,1915,1915,72d126b9_12_19|kvinna|1915,[4],"[""4""]",4.0,2
classical,kvinna,9171b7f_83_89,Världsbankens styrelse har inte accep- terat Wolfowitz ursäkt för att han hjälp en kvinna med en snabb karriär inom banken och gett henne generörsa lönelyft .,NN,2006-2007,83,89,2007,2007,9171b7f_83_89|kvinna|2007,[3],"[""3""]",3.0,1
classical,kvinna,e0bb15_4_11,Två kvinnor och en 15-årig flicka våldtogs av okända gärningsmän i Stockholmsområdet natten till torsdagen .,NN,2006-2007,4,11,2006,2006,e0bb15_4_11|kvinna|2006,[3],"[""3""]",3.0,2
classical,kvinna,af4084b6_67_74,3å som kvinnan gripit in i det sociala arbetet på samma sätt måste kvinnan inom politiken uppfostra till bättre seder .,NN,1912-1915,67,74,1914,1914,af4084b6_67_74|kvinna|1914,[4],"[""4""]",4.0,2
classical,kvinna,b6ee3795_23_29,"iro mig , älskade , en kvinna har i fall sädana som deita endast sitt eget hjärtas röst att lyssna till .",NN,1912-1915,23,29,1913,1913,b6ee3795_23_29|kvinna|1913,[4],"[""4""]",4.0,1
classical,kvinna,da31bdbf_18_27,I videon berättar kvinnorna om resan till Sverige och om att tvingas lämna delar av familjen kvar .,NN,2022-2023,18,27,2022,2022,da31bdbf_18_27|kvinna|2022,[3],"[""3""]",3.0,1
classical,kvinna,fadd370e_66_72,"skyndade elit och fann on grof , rödbrusig karl , som fasthöll en kvinna vid hennes upprifna hår och slog henne i hufvudet slag på slag med knuten näfve .",NN,1880-1883,66,72,1883,1883,fadd370e_66_72|kvinna|1883,[3],"[""3""]",3.0,1
classical,kvinna,3a0ae1df_3_10,"30 kvinnor skymfade han vid hvarjo tillfälle , och de hämnades å sin sida med att kalla honom „den blåögde giauron * .",NN,1880-1883,3,10,1882,1882,3a0ae1df_3_10|kvinna|1882,[3],"[""3""]",3.0,2
classical,kvinna,00751d0b_63_70,"Varje man , som kan göra vad som beskrives här , är värd varje kvinnas vänskap .",NN,1912-1915,63,70,1915,1915,00751d0b_63_70|kvinna|1915,[4],"[""4""]",4.0,1
classical,kvinna,9aa79ce_24_31,Jokkmokk har lika många kvinnor som män på topposterna medan 13 kommuner har minst 60 procent kvinnliga topp- chefer .,NN,2006-2007,24,31,2007,2007,9aa79ce_24_31|kvinna|2007,[3],"[""3""]",3.0,2
classical,kvinna,bed69917_89_96,"i synnerhet fallet med några äldre kvinnor loke litet gripande var synan af ett pär unga kvinnor , hvilkas ungdomliga fägring gjerde ett skärande intryck mot deras vansinne , väckande åskådarens djupa medkänsla .",NN,1880-1883,89,96,1882,1882,bed69917_89_96|kvinna|1882,[3],"[""3""]",3.0,2
classical,kvinna,9a07b15_16_22,"De omkomna , en kvinna och en man i 65-70-årsåldern , satt i samma bil som två syskon , en sjuårig flicka och en pojke i tioårsåldern .",NN,2006-2007,16,22,2007,2007,9a07b15_16_22|kvinna|2007,[3],"[""3""]",3.0,1
classical,kvinna,91a7cb79_45_52,"Världens äldsta nu levande person , japanska kvinnan Kane Tanaka , firade den 2 januari i år sin 119-årsdag .",NN,2022-2023,45,52,2022,2022,91a7cb79_45_52|kvinna|2022,[3],"[""3""]",3.0,2
classical,kvinna,c4c281f1_48_54,"Det var en sympatisk , intelligent och lofvande kvinna , som i så tidiga år skö:dadcs af liemennen döden .",NN,1912-1915,48,54,1915,1915,c4c281f1_48_54|kvinna|1915,[3],"[""3""]",3.0,2
classical,kvinna,f08dbb_0_7,"Kvinnan har vid ett flertal tillfällen begärt att få ta del av polisens förhör med sonen , bland annat en videoinspelning , men då fått svaret att polisen ” inte hade tid med sådana här saker ” .",NN,2006-2007,0,7,2006,2006,f08dbb_0_7|kvinna|2006,[3],"[""3""]",3.0,1
classical,kvinna,516bd63a_12_19,2021 dog 15 kvinnor till följd av våld av en nuvarande eller före detta partner .,NN,2022-2023,12,19,2022,2022,516bd63a_12_19|kvinna|2022,[3],"[""3""]",3.0,1
classical,kvinna,c723360d_109_118,"kan hända , att han anländer till hemmet föret sjelfva julafton , men i så fall så mycket bättre , ty nu har kvinnorna slagtat , och den kraftiga rensteken fräser i grytan .",NN,1880-1883,109,118,1883,1883,c723360d_109_118|kvinna|1883,[3],"[""3""]",3.0,2
classical,kvinna,0f3d5c04_97_106,"1881 omgifta funnos 6 män , som gifte sig för fjerde gången , och 1 för femte gången , men bland kvinnorna fans ingen sorn gifte sig mer än för tredje gången .",NN,1880-1883,97,106,1883,1883,0f3d5c04_97_106|kvinna|1883,[4],"[""4""]",4.0,1
classical,kvinna,15a40f85_72_78,"harm tänkte han på den behandling hon rönt , denna ännu unga , älskliga kvinna , en af hans älskade hemlands skönaste döttrar .",NN,1880-1883,72,78,1883,1883,15a40f85_72_78|kvinna|1883,[3],"[""3""]",3.0,2
classical,kvinna,b6e63bf3_180_190,"a . hrr civilministern , Kvarnzelius och till sist statsministern , denne sistnämnde dock på ett sätt , om hvars gagn meningarne blefvo minst sagt undrande : han klagade bittert å kvinnornas vägnar öfver utskottets ändringar , han kom in på hvad som för första kammaren är det värsta af allt : nödvändigheten af egendomens jämnare fördelning , men så fick han ofvanpå allt detta högerns starka bravorop då han ställde i utsikt att efter denna inre försvarsfrågas lösning skulle man nog redan till nästa år söka gå till påbättring på vissa delar af vårt försvar .",NN,1912-1915,180,190,1913,1913,b6e63bf3_180_190|kvinna|1913,[4],"[""4""]",4.0,0
classical,kvinna,c5549f8b_64_70,"Det var kanske lagt , ärelöst af mig , men jag tror , att ingen kvinna i världen skullo handlat annorlunda , fedan kramade jag ihop pappersarken och tog dem med mig hit in .",NN,1912-1915,64,70,1913,1913,c5549f8b_64_70|kvinna|1913,[3],"[""3""]",3.0,2
classical,kvinna,c94172c_4_10,Den kvinna i 50-årsåldern som skadades med ett tillhygge under lördagskvällen i Örebro har avlidit av sina skador .,NN,2022-2023,4,10,2023,2023,c94172c_4_10|kvinna|2023,[3],"[""3""]",3.0,1
classical,kvinna,8ceacabc_155_165,"Det beslöts därvid , att med anledning af de norska hvinnornas nyligen inträffade seger i rösträttsfrågan afsända ett lyckönskningstelegram till de norska kvinnornas nationalråd .",NN,1912-1915,155,165,1913,1913,8ceacabc_155_165|kvinna|1913,[4],"[""4""]",4.0,2
classical,kvinna,8613c49a_35_42,"värdinna var en af de älskvärdaste kvinnor , jag någonsin känt , den mest trofasta oeh tillgifna väninna och begåfvad med en förmögenhet , som genom de dåliga tiderna minskats till 500,000 francs i årlig ränta .",NN,1880-1883,35,42,1881,1881,8613c49a_35_42|kvinna|1881,[3],"[""3""]",3.0,1
classical,kvinna,272d180f_8_15,Hör tre kvinnor berätta om det våldet de upplever och om hur protesterna i Iran har blivit en kamp om frihet både för iranierna – och kurderna .,NN,2022-2023,8,15,2022,2022,272d180f_8_15|kvinna|2022,[3],"[""3""]",3.0,1
classical,kvinna,59634345_0_7,"Kvinnan ska ha gått ned 12 kilo i vikt , vilken bland annat ledde till att hon svimmade vid flera tillfällen och behövde vara sjukskriven .",NN,2018-2019,0,7,2019,2019,59634345_0_7|kvinna|2019,[3],"[""3""]",3.0,2
classical,kvinna,1c88f6bb_154_160,"Jag hade genomgått mångå lidanden , men de voro ju endast barnlek emot hvad de kunde varit , och under reaktionen skrattade jag nu högt likt en hysterisk kvinna och rodnade vid minnet af de stora tårar , jag för knappt en timme sedan fält .",NN,1904-1907,154,160,1905,1905,1c88f6bb_154_160|kvinna|1905,"[3, 5]","[""3"", ""5""]",,0
classical,kvinna,da3276eb_119_126,"Vidare berättar kvinnan att det först är när hon kommer fram till kvinnan som ligger på golvet , som hon upptäcker att kvinnan har en kniv instucken i sig .",NN,2014-2015,119,126,2015,2015,da3276eb_119_126|kvinna|2015,[3],"[""3""]",3.0,1
classical,kvinna,05a9a0c5_89_96,"Framdrifven af två roddare anlände räddningsbåten i sista stand till olycksplatsen , där kvinnan bärgades , och den vatteufyllda båten togs i släptåg. En lycka var , att kvinnan hade själsnärvaro att hålla alg stills , ty den minsta rörelse skulle hafva kommit båten att kantra , och så slapp hon undan med blotta förskräokelsen och våta fotter , säger M . Tdg .",NN,1904-1907,89,96,1905,1905,05a9a0c5_89_96|kvinna|1905,[3],"[""3""]",3.0,0
classical,kvinna,87f62b1e_138_145,"Under året afledo 133 män , 164 kvinnor och 23 barn , däraf å landsbygden 122 män , 137 kvinnor och 23 barn samt i städerna li män och 27 kvinnor .",NN,1896-1899,138,145,1896,1896,87f62b1e_138_145|kvinna|1896,[3],"[""3""]",3.0,1
classical,kvinna,cdcaa15e_3_9,En kvinna som vände sig till polisen i Jönköping för att anmäla att hon blivit våldtagen nekades att göra detta .,NN,2014-2015,3,9,2015,2015,cdcaa15e_3_9|kvinna|2015,[3],"[""3""]",3.0,1
classical,kvinna,30815b68_49_56,"Den misstänkta kvinnans advokat motsatte sig att kvinnan skulle förbli i häktet , men tingsrätten fann att det finns risk för att hon fortsätter att begå brott om hon försätts på fri fot .",NN,2018-2019,49,56,2019,2019,30815b68_49_56|kvinna|2019,[3],"[""3""]",3.0,1
classical,kvinna,8eaa835c_116_122,"— Det var ganska mörkt , emedan gasen icke var tänd och jag blott hade en lampa , men jag såg , att hon var en lång kvinna och bar en resväska .",NN,1904-1907,116,122,1907,1907,8eaa835c_116_122|kvinna|1907,[3],"[""3""]",3.0,1
classical,kvinna,75229b6c_232_240,"Inledningsvis framhöll talaren , af huru stor betydelse ungdomstiden är för hela lifvet , ty liksom den späda våren är ömtålig för frostnätterna och hela skörden genom en sådan kan blifva förstörd , så kan ock den unge mannen eller kvinnans hela lif blifva förstördt eller förfeladt genom att i ungdomen träda in på drinkarens väg .",NN,1896-1899,232,240,1897,1897,75229b6c_232_240|kvinna|1897,[4],"[""4""]",4.0,0
classical,kvinna,91aa910a_124_131,"Jag har alltid känt mig kvävd av det , men när jag har på mig det här är jag bara en person i en dräkt , säger den 20-åriga kvinnan , som kallar sig Hokkyoku Nigo ( Nordpol nummer två )",NN,2014-2015,124,131,2014,2014,91aa910a_124_131|kvinna|2014,[3],"[""3""]",3.0,1
classical,kvinna,72f3f4a_29_36,"Personer sökas såväl män som kvinnor , för att sticka på våra maskiner , enkelt o lätt arbete hemma under hela året .",NN,1904-1907,29,36,1906,1906,72f3f4a_29_36|kvinna|1906,[3],"[""3""]",3.0,2
classical,kvinna,91a1eb28_17_24,"Sex barn och tre kvinnor som befann sig i huset dog i explosionen , men ingen militär eller polis ska ha skadats .",NN,2018-2019,17,24,2019,2019,91a1eb28_17_24|kvinna|2019,[3],"[""3""]",3.0,1
classical,kvinna,5269347e_130_136,"I djupet af sitt hjärta kände Allerton mycket väl att detta endast var en förevändning för att erhålla en fotografi af den första kvinna , som han känt mera än ett öfvergående intresse för .",NN,1904-1907,130,136,1904,1904,5269347e_130_136|kvinna|1904,[3],"[""3""]",3.0,1
classical,kvinna,56ef3d4_0_9,"Kvinnorna begåfvo sig upp i öfre våningen af husen , hvaritråo de utslungade kokliett vatten Öfvar fienden , som genast nedsköt de : sa djerfva motståndare .",NN,1896-1899,0,9,1897,1897,56ef3d4_0_9|kvinna|1897,[3],"[""3""]",3.0,2
classical,kvinna,c44c6e36_3_9,"En kvinna , som i flera ar lidit af ledreumatist , och der all läkarehjelp intet I förmådde , blef efter endast en dags användande af Reumatiat-Fördrifvaren betydligt lindrad i sin värk och är nu fullromfigt komligt återstäld .",NN,1896-1899,3,9,1898,1898,c44c6e36_3_9|kvinna|1898,[3],"[""3""]",3.0,0
classical,kvinna,5bce0fdc_31_38,Det finnes exempel på att unga kvinnor begått själfmord i sin förtviflan öfver att nödgas ge norogå en sådan skärseld .,NN,1904-1907,31,38,1906,1906,5bce0fdc_31_38|kvinna|1906,[3],"[""3""]",3.0,1
classical,kvinna,6a0ae632_115_122,"Härigenom skola såväl städer som landskommuner äga att genom omröstning efter hufvudtal af sina myndiga invånare — kvinnor som män — afgöra , huruvida något slag af rusdrycks för sälj ning må inom kommunen äga rum ( utan undantagsbestämmelser för järnvägskrogar , enskilda klubbar o. dyl : ) .",NN,1904-1907,115,122,1907,1907,6a0ae632_115_122|kvinna|1907,[4],"[""4""]",4.0,0
classical,kvinna,a5fd1af9_89_95,"I teoretiska ämnen hade undervisning lemnats i de allmänt medborgerliga för både man och kvinna nyttiga ämnena : historia , geografi , svenska språket och välläsning , helsolära och något naturkunskap , välskrifning , räkning , bokföring och sång .",NN,1888-1891,89,95,1888,1888,a5fd1af9_89_95|kvinna|1888,[4],"[""4""]",4.0,0
classical,kvinna,f0536653_41_47,Den tragiska händelsen när en svårt sjuk kvinna avled efter ett fall från en sjukhussäng på Sundsvalls sjukhus har nu Lex Maria-anmälts .,NN,2010-2011,41,47,2011,2011,f0536653_41_47|kvinna|2011,[3],"[""3""]",3.0,1
classical,kvinna,a402d72b_4_12,"Vid kvinnans fötter sitta två gossbilder , den ena med sädeskärfve och skära , den andra med herdestaf och ena armen hvilande öfver ett får .",NN,1888-1891,4,12,1891,1891,a402d72b_4_12|kvinna|1891,[3],"[""3""]",3.0,1
classical,kvinna,a4e3b469_155_162,"35-åringens försvarsadvokat Inger Rönnbäck vill dock tona ned kvinnans utpekande och säger att kvinnan kan ha påverkats av medieuppgifter i fallet , något kvinnan själv avfärdar då hon hållit sig undan rapporteringen kring mordet av just detta skäl .",NN,2014-2015,155,162,2015,2015,a4e3b469_155_162|kvinna|2015,[3],"[""3""]",3.0,0
classical,kvinna,47f5c7e7_29_36,"Öfver allt utdelades vapen , kvinnor och barn sprungo skrikande omkring på gatorna och för alla butiksfönster voro tjocka plankor uppspikade .",NN,1896-1899,29,36,1896,1896,47f5c7e7_29_36|kvinna|1896,[3],"[""3""]",3.0,2
classical,kvinna,2c608ddb_118_125,"Någon egentlig skapelse tänker man sig icke ; den första mannen uppstod af sig själf ur jorden och bildade den första kvinnan af en jordtufva , och de kallade sig Innuit , människor .",NN,1896-1899,118,125,1898,1898,2c608ddb_118_125|kvinna|1898,[3],"[""3""]",3.0,1
classical,kvinna,91a13a31_26_33,"Mimi , som är syster till kvinnan som hittades levande på taket , berättar för SVT:s Afrikakorrespondent Johan Ripås att hennes syster är svårt uttorkad och chockad men mår efter omständigheterna bra .",NN,2014-2015,26,33,2015,2015,91a13a31_26_33|kvinna|2015,[3],"[""3""]",3.0,1
classical,kvinna,9de62100_55_62,"Mångå blommor prydda kistan , ehuru den aflidna , ädla kvinnan begärt att de efterlefvande i stället tor kransar hellre mätte tänka på de fattiga med en skärf .",NN,1888-1891,55,62,1890,1890,9de62100_55_62|kvinna|1890,[3],"[""3""]",3.0,1
classical,kvinna,0b52fe20_107_114,"Bodil Ehn , överläkare på mödravården i Blekinge , säger till P4 Blekinge att en trolig orsak kan vara att kvinnor väljer att skaffa barn när de är lite äldre .",NN,2014-2015,107,114,2015,2015,0b52fe20_107_114|kvinna|2015,[4],"[""4""]",4.0,1
classical,kvinna,91aa0fa4_68_75,"Spanska medier menar att den nya regeringen slagit rekord i andelen kvinnor på ministerposter i Europa , med sina elva kvinnor och sju män , skriver Financial Times .",NN,2018-2019,68,75,2018,2018,91aa0fa4_68_75|kvinna|2018,[4],"[""4""]",4.0,2
classical,kvinna,4e8f4dd7_8_18,"Svenska kvinnornas nykterhetsförening hade härom dagen ett talrikt besökt sammanträde dervid öfverläggningsämnet var : » Då sedlighetsfrågan äfven bör upptagas på föreningens program , huru kunna vi bäst verka för sedligheten ? » De talare , sorn yttrade sig , framböllo den stora betydelsen för föräldrar att sedligt uppfostra sina barn .",NN,1888-1891,8,18,1889,1889,4e8f4dd7_8_18|kvinna|1889,[4],"[""4""]",4.0,0
classical,kvinna,93aecf4b_41_49,Marianne Dahlberg är ordförande för Alla kvinnors hus i Karlstad och menar att de kvinnor som kontaktar dem är i behov av akut hjälp .,NN,2014-2015,41,49,2015,2015,93aecf4b_41_49|kvinna|2015,[4],"[""4""]",4.0,1
classical,kvinna,9b07cccd_110_117,"Antalet personer , som under samma månad varit intagna å försörjningshuset i Majorna , utgjorde 88 män och 13 kvinnor , alla försörjningslij on .",NN,1888-1891,110,117,1889,1889,9b07cccd_110_117|kvinna|1889,[3],"[""3""]",3.0,2
classical,kvinna,d1998bd8_72_78,Enligt polisen har en död kvinna hittats i samma område i Örebro där en kvinna bodde som varit försvunnen sedan tisdag .,NN,2018-2019,72,78,2018,2018,d1998bd8_72_78|kvinna|2018,[3],"[""3""]",3.0,1
classical,kvinna,f057fc64_27_34,"Mannen ska också ha skurit kvinnan över fingrarna , sparkat , slagit och tagit strypgrepp på henne och också hotat döda henne .",NN,2010-2011,27,34,2011,2011,f057fc64_27_34|kvinna|2011,[3],"[""3""]",3.0,2
classical,kvinna,270a9d89_94_101,"Glömmande alla sina föresatser om att kufva den lidelse han i sitt hjerta närde för den sköna kvinnan , drog han henne häftigt intill sig och tryckte en lång , glödande kyss på hennes läppar .",NN,1888-1891,94,101,1890,1890,270a9d89_94_101|kvinna|1890,[3],"[""3""]",3.0,1
classical,kvinna,a077bdf0_63_70,"Våa ’ äldsta religionsurkund berättar , att mannen sof , medan kvinnan skapades , och det skulle icke förvåna tal . , om kvinnan ansåg , att mannen ännu icke var riktigt vaken .",NN,1904-1907,63,70,1907,1907,a077bdf0_63_70|kvinna|1907,[4],"[""4""]",4.0,2
classical,kvinna,e0b121c5_131_137,"Polisen är mycket förtegen om utredningen och vill inte uppge något om könen på de inblandade , men enligt flera medier var det en kvinna som hittades död .",NN,2014-2015,131,137,2015,2015,e0b121c5_131_137|kvinna|2015,[3],"[""3""]",3.0,1
classical,kvinna,af8af7f0_106_113,"Antalet handlande utgjorde i Falun 120 , däraf 95 män och 25 kvinnor , i Hedemora 23 , däraf 14 män och 9 kvinnor , i Säter 12 , däraf li män och 1 kvinna samt å länets landsbygd 634 , däraf 582 män och 52 kvinnor .",NN,1896-1899,106,113,1897,1897,af8af7f0_106_113|kvinna|1897,[3],"[""3""]",3.0,1
classical,kvinna,15222878_11_17,En 40-årig kvinna från Göteborg åtalas för att ha hotat konstnären Lars Vilks i tre mejl som hon skickade till hans hemsida .,NN,2010-2011,11,17,2011,2011,15222878_11_17|kvinna|2011,[3],"[""3""]",3.0,1
classical,kvinna,49cc723d_23_30,"Det , som den jämrande kvinnan och jag åndtligen togo hand om , var blott en blodig , söndertrampad oigenkännlig köttmassa , som knappast förtjänade namnet människa , och hvarur lifvet flytt innan vi ännu hunnit upplyfta densamma .",NN,1896-1899,23,30,1896,1896,49cc723d_23_30|kvinna|1896,[3],"[""3""]",3.0,0
classical,kvinna,bd0bf32_311_318,"Dessutom göres , om dessa drycker förtäras alltför varma , pepsinet ( den värksamma principen i magsatten ) otjänstbart ; med alidia ord , mycket virma drycker alstra dyspepsi , uhbniiigar i systemet oell förlust af kraft , och mångå läkaie lia spårat d ; farliga inatsmältningsi ubb ingar , hvaraf medelålders kvinnor lida , tillbaka till i öfvermått ( örtärdt , kokande varmt thé eller kaffe , som ujutes 5 å 6 gånger örn dagen .",NN,1896-1899,311,318,1897,1897,bd0bf32_311_318|kvinna|1897,[4],"[""4""]",4.0,0
classical,kvinna,73cf5b12_50_57,Emot dessa uppgifter talar den omständigheten att kvinnan själf bar spår af strypningsförsök på sin hals och att den döde mannens kläder äro helt och hållet söudertrasade .,NN,1896-1899,50,57,1899,1899,73cf5b12_50_57|kvinna|1899,[3],"[""3""]",3.0,1
classical,kvinna,e28fd49e_59_67,Han vill dock inte uttala sig om vilka skador som fanns på kvinnans kropp eller hur hon tros ha blivit dödad .,NN,2010-2011,59,67,2010,2010,e28fd49e_59_67|kvinna|2010,[3],"[""3""]",3.0,1
classical,kvinna,32f14566_78_85,"– De små kommunerna säger ofta att de inte har råd , men det finns ju utsatta kvinnor även i mindre kommuner och oavsett den ekonomiska situationen är det här ett folkhälsoproblem , därför är det oerhört viktigt att det ges ordentliga anslag , säger kvinnojourens styrelseordförande Pernilla .",NN,2018-2019,78,85,2019,2019,32f14566_78_85|kvinna|2019,[3],"[""3""]",3.0,0
classical,kvinna,118220c_37_44,"– Det kan tyda på att man lär in hur kvinnor och män ser ut , utifrån hur föräldrarna ser ut , och att en heterosexuell man sedan dras till det han har lärt sig är typiskt kvinnligt och undviker det han har lärt sig är typiskt manligt , förklarar hon för SVT Vetenskap .",NN,2010-2011,37,44,2011,2011,118220c_37_44|kvinna|2011,[4],"[""4""]",4.0,0
classical,kvinna,cdcec35_18_25,"Den första , döda kvinnan var då redan begravd och hennes bostad , brottsplatsen , hade fått ny hyresgäst som hade börjat renovera .",NN,2010-2011,18,25,2010,2010,cdcec35_18_25|kvinna|2010,[3],"[""3""]",3.0,2
classical,kvinna,6db16d83_23_29,"Valentine var icke den kvinna som kunde göra honom lycklig , hon med sitt svartsjuka , stormiga , passionerade sinnelag och sina nycker .",NN,1888-1891,23,29,1890,1890,6db16d83_23_29|kvinna|1890,[3],"[""3""]",3.0,2
classical,kvinna,5964bd3d_66_73,Åklagare Håkan Roswall begärde på onsdagen målsägarbiträde åt två kvinnor som hört av sig och berättat att de utsatts för sexuella övergrepp av mannen .,NN,2010-2011,66,73,2010,2010,5964bd3d_66_73|kvinna|2010,[3],"[""3""]",3.0,1
classical,kvinna,f54b1462_107_114,"I bilen satt kvinnans barn och de var mycket upprivna över att det stod en främmande man och filmade , har kvinnan berättat för Östersunds tingsrätt .",NN,2014-2015,107,114,2015,2015,f54b1462_107_114|kvinna|2015,[3],"[""3""]",3.0,1
classical,kvinna,d69e144a_145_152,Toppkandidaten säger också att det inte stämmer att han tafsade på partikamraten och att Expressen ” försöker vinkla det hela ” samt att han och kvinnan fortsatt vara vänner .,NN,2018-2019,145,152,2019,2019,d69e144a_145_152|kvinna|2019,[3],"[""3""]",3.0,1
classical,kvinna,ea6e71ca_0_7,"Kvinnor med korgar på armen , skockar af gossar och fi ckor med eller ulan korgar hasta med bråskande steg från kontor till kontor , från handelsbod tili handelsbod .",NN,1888-1891,0,7,1890,1890,ea6e71ca_0_7|kvinna|1890,[3],"[""3""]",3.0,1
classical,kvinna,c94a6e2_22_28,"Strax därefter ska en kvinna misshandlats i närheten av centrum , säger Tommy Lindh , presstalesperson hos polisen region Bergslagen .",NN,2018-2019,22,28,2018,2018,c94a6e2_22_28|kvinna|2018,[3],"[""3""]",3.0,2
classical,kvinna,272b0852_37_44,Men de vittnesmål hon fick höra från kvinnor som flytt från sina förövare i Irak och Syrien representerade – även för henne – något helt nytt .,NN,2014-2015,37,44,2015,2015,272b0852_37_44|kvinna|2015,[3],"[""3""]",3.0,1
classical,kvinna,cf55f7e0_67_74,"Detta program går ut på lika valrätt till båda kamrarna för alla , kvinnor som män , hvilka fyllt 21 år .",NN,1904-1907,67,74,1906,1906,cf55f7e0_67_74|kvinna|1906,[4],"[""4""]",4.0,2
classical,kvinna,da36fea_106_113,Männen skulle enligt åtalet ha fört en slovakisk kvinna till Västerås och sålt henne samt ytterligare tre kvinnor till en man som skulle tvinga dem till prostitution .,NN,2010-2011,106,113,2011,2011,da36fea_106_113|kvinna|2011,[3],"[""3""]",3.0,1
classical,kvinna,ed52d269_263_270,"Efter föredragets slut bildades , på förslag af komminister Karlsson , ett försvarsförbund , till hvars ordförande utsågs folkskolläraren Lindberg och uti hvilket såsom ledamöter iugingo icke mindre än 51 personer , bestående nästan uteslutande af allmogemäQ och kvinnor .",NN,1888-1891,263,270,1891,1891,ed52d269_263_270|kvinna|1891,[4],"[""4""]",4.0,0
classical,kvinna,6893bf9c_33_39,"Mindre abnormt var fallet med en kvinna vid namn Elisabet Orrip , Som i tio år sof sjutton timmar om dygnet .",NN,1896-1899,33,39,1898,1898,6893bf9c_33_39|kvinna|1898,[3],"[""3""]",3.0,1
classical,kvinna,f49dcf6d_19_26,"Den minst kvinliga kvinnan är utan tvifvel den modärnaste kvinnan , det vill säga kvinnosakskvinnan , samtidens mest bemärkta kvinnotyp och kanske framtidens kvinna .",NN,1896-1899,19,26,1899,1899,f49dcf6d_19_26|kvinna|1899,[4],"[""4""]",4.0,2
classical,kvinna,27263378_24_31,"– Det är viktigt att de kvinnor som kommer till oss får en positiv upplevelse så att de kan inspirera andra att våga komma hit , säger Bita Eshraghi .",NN,2018-2019,24,31,2018,2018,27263378_24_31|kvinna|2018,[3],"[""3""]",3.0,1
classical,kvinna,dc843682_219_226,"Den olivfargade hyn , det rika , ramsvarta håret och de stora , strålande ögonen antydde , att spanskt blod rann i hennes ådror , och hennes drägt var af sådan snitt och färgsammansättning , som endast dessa sydländska kvinnor bruka bära .",NN,1888-1891,219,226,1889,1889,dc843682_219_226|kvinna|1889,[4],"[""4""]",4.0,0
classical,kvinna,de293192_185_191,"Från Australien skrifver en person att hans hembygd utfördes dylika brott under en lång följd af år , och då man till sisi ; lyckades gripa mördaren , visade sig denne vara en förklädd kvinna som led af periodiskt vansinne .",NN,1888-1891,185,191,1889,1889,de293192_185_191|kvinna|1889,[3],"[""3""]",3.0,0
classical,kvinna,93aed34_0_7,Kvinnan fick besked om att hon återigen fått cancer i sitt ena bröst och att det därför måste tas bort .,NN,2010-2011,0,7,2010,2010,93aed34_0_7|kvinna|2010,[3],"[""3""]",3.0,1
classical,kvinna,ae4e6bd2_11_17,En 40-årig kvinna i Luleå fick träffa 27 olika läkare under tio månader när hon behandlades vid medicinkliniken i Sunderby sjukhus efter att ha fått en hjärntumör .,NN,2014-2015,11,17,2014,2014,ae4e6bd2_11_17|kvinna|2014,[3],"[""3""]",3.0,1
classical,kvinna,596b0df1_122_129,"- Det kan jag säga att det misstaget kommer att rättas till på en gång , för det duger inte att påstå att man inte kan ha kvinnor i bolagsstyrelser , det ska det vara .",NN,2010-2011,122,129,2010,2010,596b0df1_122_129|kvinna|2010,[4],"[""4""]",4.0,1
classical,kvinna,dc4e6bf6_42_49,"Nu har ” kannibaltrion ” , en man och två kvinnor , dömts till mellan 20 och 23 års fängelse av en domstol i nordöstra Brasilien , skriver BBC .",NN,2014-2015,42,49,2014,2014,dc4e6bf6_42_49|kvinna|2014,[3],"[""3""]",3.0,1
classical,kvinna,9a0a416e_23_30,"Sedan 2008 har antalet kvinnor som löst ett jaktkort ökat med 27 procent , enligt statistik som SVT tagit fram med hjälp av Naturvårdsverket .",NN,2018-2019,23,30,2018,2018,9a0a416e_23_30|kvinna|2018,[3],"[""3""]",3.0,1
classical,kvinna,0dbf9bd3_129_136,Vid husrannsakan i mannens bostad och i ytterligare en lägenhet upptäcktes ytterligare stöldgods som ledde till gripande av fyra kvinnor och tio män .,NN,2014-2015,129,136,2015,2015,0dbf9bd3_129_136|kvinna|2015,[3],"[""3""]",3.0,1
classical,kvinna,e28a5f13_41_47,"- Vi vet inte ens om det är en man eller kvinna , säger polisens presstalesman Ulla Brehm till TT .",NN,2014-2015,41,47,2014,2014,e28a5f13_41_47|kvinna|2014,[3],"[""3""]",3.0,1
classical,kvinna,38fcc9c6_224_231,"Det är ju , säger Söderhamns Tidn . , ett ganska ansenligt belopp som härigenom kommit orten till godo och sorn förvärfvats utan att arbetskraft behöft dragas från något annat område , enär förmodligen endast barn och äldre kvinnor användts vid bärplockningen .",NN,1888-1891,224,231,1890,1890,38fcc9c6_224_231|kvinna|1890,[3],"[""3""]",3.0,0
classical,kvinna,34994094_28_35,"Och det är historien om den kvinnan , som jag nu skall tala om sådan jag har hört den af den gamle ringaren i församlingen .",NN,1896-1899,28,35,1897,1897,34994094_28_35|kvinna|1897,[3],"[""3""]",3.0,1
classical,kvinna,aa24ac80_100_107,"Och nu säga alla , att ingen mer än du här i byn har peruk och — kanske du har varit på röken — och kvinnan har varit hos mig också och yrkat häktning — och , ser du — det är ju obehagligt — men — Den som i det öngonblicket hade sett Hönslösa klockare , skulle kunnat göra sig ett begrepp om , hur Loths hustru såg ut när hon var fönvandlad till en saltstod .",NN,1896-1899,100,107,1898,1898,aa24ac80_100_107|kvinna|1898,[3],"[""3""]",3.0,0
classical,kvinna,f34a861e_80_87,"Sedan början av 2000-talet har siffrorna minskat med 0,7 procent varje år bland kvinnor och 0,6 procent bland män , rapporterar Ekot .",NN,2014-2015,80,87,2015,2015,f34a861e_80_87|kvinna|2015,[4],"[""4""]",4.0,2
classical,kvinna,7f3206dc_153_160,"Utaf de i brist på tillgång till böter dömd » hafva do allra flesta ådragit sig bötesansvar omedelbart för dryckenskapons skall , såsom 1,386 män och 60 kvinnor .",NN,1888-1891,153,160,1888,1888,7f3206dc_153_160|kvinna|1888,[3],"[""3""]",3.0,2
classical,kvinna,b3b023a4_17_26,"Därefter utförde kvinnorna en vild dans omkring den till hälften afsvimmade Clark , refvo kläderna af honom och stucko honom med knifvar .",NN,1896-1899,17,26,1899,1899,b3b023a4_17_26|kvinna|1899,[3],"[""3""]",3.0,2
classical,kvinna,a4ee0261_133_139,"En man i 40-årsåldern åtalas vid Göteborgs tingsrätt för två fall av våldtäkt , övergrepp i rättssak och misshandel mot en och samma kvinna .",NN,2014-2015,133,139,2015,2015,a4ee0261_133_139|kvinna|2015,[3],"[""3""]",3.0,1
classical,kvinna,f201b131_105_112,"att jag icke är en sådan fårskalle som tii , och akta er bara för att väcka den tiger , som bor i hvarje kvinnas bröst .",NN,1904-1907,105,112,1905,1905,f201b131_105_112|kvinna|1905,[3],"[""3""]",3.0,1
classical,kvinna,2039c739_329_335,"En yngling , som tröttnat på att vandra sin stig allena här på jorden , söker sig i en annons i en Göteborgstidning en följeslagarinna med följande ord : En 36 år gammal ungkarl med godt sätt och utsende , som slutligen efter hvarjehanda motgångar kommit till insigt om , att  kvinnan regerar världen i , önskar gifta sig med en kvinna , som i nödfall vill och kan försörja honom .",NN,1896-1899,329,335,1899,1899,2039c739_329_335|kvinna|1899,"[1, 3]","[""1"", ""3""]",,0
classical,kvinna,327d97c_251_258,Löftet presenterade allianspartierna i lördags då de möttes i Huskvarna i samband med att de fyra partierna hade distrikts- och länsförbundsstämmor i staden.Näringsminister Maud Olofsson ( C ) säger till SVT Rapport att förslaget främst är riktat mot kvinnor .,NN,2010-2011,251,258,2010,2010,327d97c_251_258|kvinna|2010,[4],"[""4""]",4.0,0
classical,kvinna,ec3ed396_66_75,Anställd läkareundersökning har konstaterat att den ena af de två kvinnorna är behäftad med svarta koppor och att den andra måste misstänkas bära fröet till samma farliga och smittosamma sjukdom .,NN,1904-1907,66,75,1904,1904,ec3ed396_66_75|kvinna|1904,[3],"[""3""]",3.0,1
classical,kvinna,f05c02c2_141_147,I samband med den utredningen bands mannen via DNA-spår till en våldtäkt som begicks för sju år sedan i en lägenhet i Sala mot en då 18-årig kvinna .,NN,2010-2011,141,147,2011,2011,f05c02c2_141_147|kvinna|2011,[3],"[""3""]",3.0,1
classical,kvinna,f059ba89_75_82,HÄRNÖSAND Polis och kustbevakning fick sent på söndagskvällen undsätta två kvinnor som uppgav sig ha blivit bortförda till en ö utanför Härnösand .,NN,2010-2011,75,82,2010,2010,f059ba89_75_82|kvinna|2010,[3],"[""3""]",3.0,2
classical,kvinna,9a041fa5_59_66,Silbersky menar att detta fått mannen att ta för givet att kvinnan var med på noterna även den här gången .,NN,2010-2011,59,66,2011,2011,9a041fa5_59_66|kvinna|2011,[3],"[""3""]",3.0,1
classical,kvinna,58fb408d_121_128,"Med bränning å bål bestraffar vestgoternas gamla lag trälnr , som begått äktenskapsbrott och inlåtit sig nied fria gifta kvinnor .",NN,1896-1899,121,128,1896,1896,58fb408d_121_128|kvinna|1896,[3],"[""3""]",3.0,2
classical,kvinna,b8713bdd_309_316,"skulle bli glädjelöst , outhärdligt , sedan väl ungdomen flytt och tagit med sig för n ’ ltid hennes många behag , lämnande kvar endast ett oblygt karlavulet väsende , fulhet , lastbarhet och ett argt lynne , med ett ord alla dessa egenskaper , som , då de — hvilket ibland händer — finnas förenade hos gamla kvinnor , göra dessa till ytterlighet vedervärdiga äfven i de råaste mäns ögon .",NN,1904-1907,309,316,1904,1904,b8713bdd_309_316|kvinna|1904,[3],"[""3""]",3.0,0
classical,kvinna,15b24d31_113_120,När de passerade Kanalskolan i Skellefteå ska en 26-årig man ha närmat sig sällskapet och sen försökt få med sig kvinnan på efterfest .,NN,2014-2015,113,120,2015,2015,15b24d31_113_120|kvinna|2015,[3],"[""3""]",3.0,1
classical,kvinna,f3416099_141_148,Liksom Skellefteå tingsrätt anser hovrätten att det är ställt utom rimligt tvivel att det var den åtalade 21-åringen som dödade den 89-åriga kvinnan i soprummet .,NN,2018-2019,141,148,2018,2018,f3416099_141_148|kvinna|2018,[3],"[""3""]",3.0,1
classical,kvinna,7fc978e3_153_160,"Vänsterföreningen i Lister och Mandals arnt höll den 15 dennes i Mandal ett folkmöte , som var besökt af ett par hundra deltagare , däribland icke så få kvinnor .",NN,1888-1891,153,160,1889,1889,7fc978e3_153_160|kvinna|1889,[3],"[""3""]",3.0,1
classical,kvinna,0b599eb6_116_124,"Det var förra våren som kvinnan och hennes vän mötte mannen i en korridor på väg mot dansgolvet , när han tog tag i kvinnans bröst , höll hårt om henne och viskade i hennes öra .",NN,2018-2019,116,124,2019,2019,0b599eb6_116_124|kvinna|2019,[3],"[""3""]",3.0,1
classical,kvinna,18378482_148_154,"från en socken i Östra Sunnerbo , En gammal gästgifvare hade dött , och , medan han ännu » stod lik » , infann-sig en natt i likrummet en närboende kvinna med sitt af något lyte lidande barn , hvarpå nian halde vatten i den dödes hand oell lät barnet sörpla i sig detsamma .",NN,1888-1891,148,154,1890,1890,18378482_148_154|kvinna|1890,[3],"[""3""]",3.0,0
classical,kvinna,86154ebd_125_132,"tänkte han nu , då hans omgifning syntes honom ännu mindre behaglig än vanligt , emedan kvällen förut en kvinnas röst och en kvinnas ansikte väckt hos honom minnen , som sedan tolf år varit begrafda i djupet af hans själ .",NN,1904-1907,125,132,1904,1904,86154ebd_125_132|kvinna|1904,[3],"[""3""]",3.0,0
classical,kvinna,7dbba056_70_77,"En ny rapport från Inspektionen för vård och omsorg , IVO , visar att kvinnor anmäler brister inom vården oftare än män .",NN,2018-2019,70,77,2018,2018,7dbba056_70_77|kvinna|2018,[4],"[""4""]",4.0,2
classical,kvinna,f3432131_29_37,En av poliserna reagerade på kvinnans märken runt halsen och så här står det i domslutet : ” Var det det värsta strypmärke han sett ” .,NN,2014-2015,29,37,2015,2015,f3432131_29_37|kvinna|2015,[3],"[""3""]",3.0,1
classical,kvinna,58fb884a_25_32,"För våldtäktsmän och för kvinnor , som mördat sina barn , gällde att de skulle dödas genom indrifning af en spetsad påle i hjärtat .",NN,1896-1899,25,32,1896,1896,58fb884a_25_32|kvinna|1896,[3],"[""3""]",3.0,1
classical,kvinna,20a081f7_112_121,"Det var en tid , som Sveriges folk värkligen kunde betecknas som försupet Men därvid fanns ett stort undantag : kvinnorna söpo ej .",NN,1904-1907,112,121,1905,1905,20a081f7_112_121|kvinna|1905,[4],"[""4""]",4.0,2
classical,kvinna,8f3e7b97_146_152,Hans DNA-profil kommer att kontrolleras mot de spår som finns från dådet 2004 då en okänd gärningsman högg ihjäl en åttaårig pojke och en 56-årig kvinna i Linköping .,NN,2010-2011,146,152,2010,2010,8f3e7b97_146_152|kvinna|2010,[3],"[""3""]",3.0,1
classical,kvinna,f3417c2b_90_97,"Det är jätteroligt att han får priset , med tanke på det hårda jobb han gjort för utsatta kvinnor , säger Adolfsson .",NN,2018-2019,90,97,2018,2018,f3417c2b_90_97|kvinna|2018,[3],"[""3""]",3.0,1
classical,kvinna,97faa188_113_120,"Då jag blef van vid halfmörkret , såg jag att vi befunno oss i ett litet kvadrat formigt rum , där det fanns tre kvinnor , inberäknadt vår följeslagerska , och en hel del män , som alla hurö marinofficersbyxor .",NN,1904-1907,113,120,1906,1906,97faa188_113_120|kvinna|1906,[3],"[""3""]",3.0,0
classical,kvinna,00f5100e_24_31,"» Jägarne » gripa några kvinnor och hålla dem fängslade , till dess tiodubbla antalet män » frivilligt » erbjuda sig till utbyte .",NN,1888-1891,24,31,1891,1891,00f5100e_24_31|kvinna|1891,[3],"[""3""]",3.0,2
classical,kvinna,32f9b0d8_11_18,– Ofta när kvinnan kommer till oss är hon inte medveten om att man kanske är utsatt för ekonomiskt våld eller hur utbrett det är .,NN,2018-2019,11,18,2019,2019,32f9b0d8_11_18|kvinna|2019,[4],"[""4""]",4.0,1
classical,kvinna,cd4fad54_194_201,"Antalet fullt försörjda understödstagare uppgick till 495 män och 791 kvinnor med 258 tillhörande barn , däraf å landsbygden 381 män och 663 kvinnor med 199 barn samt i städerna 114 män och 128 kvinnor med 54 barn .",NN,1888-1891,194,201,1889,1889,cd4fad54_194_201|kvinna|1889,[3],"[""3""]",3.0,1
classical,kvinna,cdcfeda_0_7,Kvinnan har numera återkommande huvudvärk och kladdiga ögon och rapporterar om papper som krullar sig av fukt och gem som rostar .,NN,2010-2011,0,7,2011,2011,cdcfeda_0_7|kvinna|2011,[3],"[""3""]",3.0,1
classical,kvinna,118ec7b_82_89,"Studien , Women´s Health Study , löper över en tioårsperiod och omfattas av 17415 kvinnor med en medelålder på 57 år .",NN,2010-2011,82,89,2010,2010,118ec7b_82_89|kvinna|2010,[3],"[""3""]",3.0,2
classical,kvinna,32f43e81_31_37,"Rödsterna är nu räknade och en kvinna och fyra män fick mer än fem procent av rösterna , det vill säga så många röster som krävs för att man ska få kandidera till biskopsvalet den 30 augusti .",NN,2010-2011,31,37,2010,2010,32f43e81_31_37|kvinna|2010,[3],"[""3""]",3.0,1
classical,kvinna,91af738b_173_180,"I somras tillät landets arbetsdepartement därför i tysthet affärer i storstaden Jidda , där könsuppdelningen är mindre rigid än i många andra delar av landet , att anställa kvinnor till kassorna .",NN,2010-2011,173,180,2010,2010,91af738b_173_180|kvinna|2010,[4],"[""4""]",4.0,2
classical,kvinna,27223ea8_42_48,"Maken till Farzana Parveen , den 25-åriga kvinna som stenades ihjäl för att hon gift sig med en man som släkten inte godkänt , berättar för CNN att han i sin tur mördade sin första fru för att kunna gifta sig med Farzana .",NN,2014-2015,42,48,2014,2014,27223ea8_42_48|kvinna|2014,[3],"[""3""]",3.0,1
classical,kvinna,8f299362_112_121,"Af innehållet i öfrigt märkes en tänkvärd uppsats om “ Familjeband och familjeplikter * , hvars författare till kvinnorna och särskildt mödrarne riktar en allvarlig maning att , genom den i våra dagar mån¬",NN,1896-1899,112,121,1898,1898,8f299362_112_121|kvinna|1898,[4],"[""4""]",4.0,1
classical,kvinna,b12bdc19_107_116,"Staden var upp- och nervänd och fyld af vrålande , druckna djur , sorn förolämpade mötande och insulterade kvinnorna på fräckaste sätt .",NN,1896-1899,107,116,1898,1898,b12bdc19_107_116|kvinna|1898,[3],"[""3""]",3.0,2
classical,kvinna,91abf509_40_46,@ mewlude1 skriver under ett foto av en kvinna : ” Visa en video på min syster och andra uigurer som lider eller har dödats i era koncentrationsläger och fängelser !,NN,2018-2019,40,46,2019,2019,91abf509_40_46|kvinna|2019,[3],"[""3""]",3.0,1
classical,kvinna,d69395b1_68_75,"Fredrik Skavlan har tidigare fått ta emot kritik för intervjuer med kvinnor , bland annat då han intervjuade simmaren Sarah Sjöström .",NN,2018-2019,68,75,2019,2019,d69395b1_68_75|kvinna|2019,[4],"[""4""]",4.0,2
classical,kvinna,d19f2dc3_63_70,Nya tjänster ska inrättas för att göra det lättare för gravida kvinnor eller nyblivna mammor att få stöd av psykolog .,NN,2018-2019,63,70,2018,2018,d19f2dc3_63_70|kvinna|2018,[4],"[""4""]",4.0,1
classical,kvinna,27284e58_6_13,“ Som kvinnor i parlamentet med olika bakgrund står vi vid din sida när det kommer till att inte låta detta gå obestritt ” .,NN,2018-2019,6,13,2019,2019,27284e58_6_13|kvinna|2019,[4],"[""4""]",4.0,1
classical,kvinna,a11937e_134_140,"En tandutdragning har mer än en gång hos dylika blödare ledt till döden genom ostillbar blödning , och i de fall , där blödaren är en kvinna , äro hennes regelbundet återkommande blödningar i yttersta grad utmattade och ofta för lifvets bestånd vådliga .",NN,1904-1907,134,140,1904,1904,a11937e_134_140|kvinna|1904,[4],"[""4""]",4.0,0
classical,kvinna,ae4a248a_3_9,"En kvinna i Piteå åtalas för mordförsök och grov mordbrand , sedan hon våren 2016 ska ha satt eld på ett flerfamiljshus där hon och hennes sambo bodde .",NN,2018-2019,3,9,2019,2019,ae4a248a_3_9|kvinna|2019,[3],"[""3""]",3.0,1
classical,kvinna,8f3dba28_146_153,"Diskrimineringsombudsmannen , DO stämmer en butik i Linköping och yrkar på att företaget ska betala skadestånd med 60 000 kronor vardera till två kvinnor för kränkning .",NN,2010-2011,146,153,2010,2010,8f3dba28_146_153|kvinna|2010,[3],"[""3""]",3.0,2
classical,kvinna,f34fb763_93_100,Tingsrätten bedömde att det visst var troligt att det fanns 1 000 kronor i bössan och nu ska kvinnan återbetala det beloppet till förbundet .,NN,2014-2015,93,100,2014,2014,f34fb763_93_100|kvinna|2014,[3],"[""3""]",3.0,1
classical,kvinna,c768fcb_117_123,"Han var vid händelsen själv beväpnad med en morakniv , och enligt flera vittnesmål var han aggressiv mot en jämnårig kvinna .",NN,2018-2019,117,123,2019,2019,c768fcb_117_123|kvinna|2019,[3],"[""3""]",3.0,1
classical,kvinna,cdc32f85_74_81,I april fick patienten akut åka tillbaka till sjukhuset och man insåg att kvinnan då hade blodbrist och var undernärd .,NN,2018-2019,74,81,2018,2018,cdc32f85_74_81|kvinna|2018,[3],"[""3""]",3.0,1
classical,kvinna,a2d853aa_80_86,Dessutom är Inträde beviljadt i mån af blifvande ledighet i andra klassen för 1 kvinna samt i tredje klassen för 1 man och 3 kvinnor .,NN,1888-1891,80,86,1888,1888,a2d853aa_80_86|kvinna|1888,[3],"[""3""]",3.0,1
classical,kvinna,ae453da7_0_7,Kvinnan ska ha snubblat på en isfläck och sedan inte haft möjlighet att ta sig från platsen på egen hand .,NN,2014-2015,0,7,2015,2015,ae453da7_0_7|kvinna|2015,[3],"[""3""]",3.0,1
classical,kvinna,0dbf364_119_126,En privat hyresvärd i Avesta kommun ska efter en förlikning ersätta en romsk kvinna med 120.000 kronor sedan han nekat kvinnan att hyra en lägenhet .,NN,2010-2011,119,126,2011,2011,0dbf364_119_126|kvinna|2011,[3],"[""3""]",3.0,1
classical,kvinna,f3459b65_172_178,Det handlar bland annat om ett fall där en personal misstänks för att ha slagit och sparkat en boende på ett hem för psykiskt funktionshindrade och ett annat där en dement kvinna på ett äldreboende misstänks ha utsatts för upprepade sexuella övergrepp av en annan boende .,NN,2010-2011,172,178,2011,2011,f3459b65_172_178|kvinna|2011,[3],"[""3""]",3.0,0
classical,kvinna,99262659_280_286,Motioner hafva i dag väckts i Första kammaren af br Östberg om ändring i k. propositionen angående nyttjanderätt till fast ägendom i syfte att tomträttsinnehafvares rätt måtte blifva bättre betryggad samt af hr Bergström om samma politiska rösträtt till Andra kammaren för svensk kvinna som för man .,NN,1904-1907,280,286,1907,1907,99262659_280_286|kvinna|1907,[4],"[""4""]",4.0,0
classical,kvinna,6893bd62_26_32,"I Norfolk bodde en gammal kvinna vid namn Elisabet Perkins , sorn tillbragte största delen af sina sista år i sofvande tillstånd , ehuru hon regelbundet vaknade en dag i hvarje vecka .",NN,1896-1899,26,32,1898,1898,6893bd62_26_32|kvinna|1898,[3],"[""3""]",3.0,2
classical,kvinna,156cdba0_166_175,"Kvinnorörelsen har också åtskilliga resultat att uppvisa ; våra kvinnor ha , som bekant , kommunal rösträtt och deltaga flitigt i det offentliga lifvet . » — Behålla kvinnorna sin nationaldräkt ?",NN,1904-1907,166,175,1904,1904,156cdba0_166_175|kvinna|1904,[4],"[""4""]",4.0,2
classical,kvinna,6790a696_109_116,"Allt detta tillsammans med dåsigheten efter middagen gjorde att illusionerna uppstyltades och idealbilden af kvinnan antog varaktigare form på samma gång den , eget nog , blef mera delikat , och jag tyckte mig förstå Blanche så väl .",NN,1896-1899,109,116,1896,1896,6790a696_109_116|kvinna|1896,"[4, 5]","[""4"", ""5""]",,0
classical,kvinna,eb37a25a_57_63,"En man , som med lifsvarigt band var fästad vid en annan kvinna , kunde ju ej af denna genomhederliga flicka betraktas såsom en möjlig tillbedjare !",NN,1888-1891,57,63,1889,1889,eb37a25a_57_63|kvinna|1889,[3],"[""3""]",3.0,1
classical,kvinna,32f2fe9c_73_80,"Det är så de kallar sig , medlemmarna i ett nätverk bestående av män och kvinnor från olika delar av landet , även om merparten av dem bor i Småland .",NN,2014-2015,73,80,2014,2014,32f2fe9c_73_80|kvinna|2014,[3],"[""3""]",3.0,1
classical,kvinna,5bce0442_106_113,"I sin konversation visade hon mycket stor kännedom om främmande land , och hennes anmärkningar om män och kvinnor , hvilkas bekantskap hon gjort , vittnade om en skarp iakttagelseförmåga .",NN,1904-1907,106,113,1906,1906,5bce0442_106_113|kvinna|1906,[3],"[""3""]",3.0,2
classical,kvinna,d135512e_46_55,"Att männen i öfre Norrbotten äro talrikare än kvinnorna , förefaller för öfrigt rätt naturligt , då man täuker på den mängd ogifte arbetare , som gruf- och järnvägsarbetet dragit dit upp .",NN,1896-1899,46,55,1898,1898,d135512e_46_55|kvinna|1898,[4],"[""4""]",4.0,2
classical,kvinna,e0bf919f_63_70,"Såvitt jag vet finns i varje fall inga tecken som tyder på att kvinnan utsatts för kraftigt våld med några föremål , säger Mikael Petterson på Stockholmspolisens länskommunikationscentral .",NN,2010-2011,63,70,2011,2011,e0bf919f_63_70|kvinna|2011,[3],"[""3""]",3.0,2
classical,kvinna,1616a87_135_142,"Jag hade — nästan glömt — hur det känns . ” Hennes röst sänkte sig i hviskning : ” jag tror knappt , att jag skulle nu kunna utföra en kvinnas arbete ” .",NN,1904-1907,135,142,1904,1904,1616a87_135_142|kvinna|1904,[4],"[""4""]",4.0,2
classical,kvinna,021d835c_75_81,"Och under rict » offentlig man » är ett hedersnamn , betecknar » offentlig kvinna » skam och nesa .",NN,1888-1891,75,81,1890,1890,021d835c_75_81|kvinna|1890,[4],"[""4""]",4.0,1
classical,kvinna,87f60fa3_103_110,"I egna hem understöddes 1,032 män , 2,391 kvinnor ech 2,711 barn , däraf å landsbygden 949 män , 2,148 kvinnor och 2,476 barn samt i städerna 83 män , 243 kvinnor och 235 barn .",NN,1896-1899,103,110,1896,1896,87f60fa3_103_110|kvinna|1896,[3],"[""3""]",3.0,2
classical,kvinna,67439880_141_148,"Vära norske bröder gifva icke våra kåre vänner på andra sidan sundet något efter då det är fråga örn omild behandling af de stackars svenska kvinnor , som i Norge och Danmark ” råkat i olycka ” eller deras afkomma .",NN,1888-1891,141,148,1889,1889,67439880_141_148|kvinna|1889,[3],"[""3""]",3.0,0
classical,kvinna,f34ab5c6_34_41,Vid en dödsbostädning av en äldre kvinnas bostad i Skellefteå upptäckte städfirman att det låg avföring på golvet på toaletten och mögliga matrester i köket .,NN,2010-2011,34,41,2010,2010,f34ab5c6_34_41|kvinna|2010,[3],"[""3""]",3.0,1
classical,kvinna,32fb8a79_107_114,"Vi har tidigare rapporterat om flera fall i ibland annat Växjö , Kalmar , Oskarshamn och Hultsfred där två kvinnor lurat sig in i lägenheter och där sedan smycken och plånböcker saknats .",NN,2018-2019,107,114,2018,2018,32fb8a79_107_114|kvinna|2018,[3],"[""3""]",3.0,1
classical,kvinna,272c4a98_58_65,"För närvarande är pensionsåldern 65 år för män och 60 för kvinnor , men Grekland pressas av EU att minska gapet .",NN,2010-2011,58,65,2010,2010,272c4a98_58_65|kvinna|2010,[4],"[""4""]",4.0,1
classical,kvinna,a4e4fd3b_5_11,"– En kvinna blev omhändertagen av ambulans direkt , säger Anders Dahn , chef och stabsresurs i Alingsås och Vårgårda .",NN,2018-2019,5,11,2019,2019,a4e4fd3b_5_11|kvinna|2019,[3],"[""3""]",3.0,2
classical,kvinna,e285aa5d_0_7,Kvinnan var på plats i London med en vän för att leta jobb men i lördag förlorades kontakten och hon var försvunnen .,NN,2014-2015,0,7,2014,2014,e285aa5d_0_7|kvinna|2014,[3],"[""3""]",3.0,1
classical,kvinna,d19da0b7_53_61,Enligt polisen har inget brott begåtts i samband med kvinnans försvinnande utan hon ska frivillig ha följt med och vistats hemma hos en man i Örebro .,NN,2014-2015,53,61,2014,2014,d19da0b7_53_61|kvinna|2014,[3],"[""3""]",3.0,1
classical,kvinna,596a29b9_89_96,"Bland annat hörs hur en skyttesoldat säger att han måste avbryta eldgivningen , eftersom kvinnor och barn dykt upp i skottfältet .",NN,2010-2011,89,96,2011,2011,596a29b9_89_96|kvinna|2011,[3],"[""3""]",3.0,2
classical,kvinna,49ee882c_42_49,"Som sökande till det studiestipendium för kvinnor , hvilket af en styrelseledamot stälts till Fredrika-Bremer-förbundets förfogande , hafva inom ansökningstidens utgång anmält sig 14 unga kvinnor , bland hvilka till stipendiat utsetts fröken Wilhelmina Ohlson , studerande vid Lunds universitet .",NN,1888-1891,42,49,1888,1888,49ee882c_42_49|kvinna|1888,[4],"[""4""]",4.0,0
classical,kvinna,7e12f027_197_204,"Hon var förtrogen vän med flertalet af Italiens , Frankrikes , Tyskland och Österrikes mest ryktbara statsmän och diplomater — med undantag af Bismarck som hatade och föraktade allt hvad politiska kvinnor hette .",NN,1896-1899,197,204,1898,1898,7e12f027_197_204|kvinna|1898,[4],"[""4""]",4.0,2
classical,kvinna,8ea5a505_43_50,"— Du talade i annan tonart nyss , anmärkte kvinnan , i det hon dock gaf mannen , som skulle hämta länsmannen ett tecken , att han kunde vänta så länge .",NN,1904-1907,43,50,1907,1907,8ea5a505_43_50|kvinna|1907,[3],"[""3""]",3.0,2
classical,kvinna,51662cd5_8_17,Fyra av kvinnorna som står som målsägande har haft i uppgift att passa upp ” Kristi brud ” och enligt åklagaren blivit utsatta för misshandel inom den rollen .,NN,2018-2019,8,17,2019,2019,51662cd5_8_17|kvinna|2019,[3],"[""3""]",3.0,1
classical,kvinna,f34a0f51_103_110,"Det är kanske lite mer på kvinnans egna villkor , även om vi har en överenskommelse om att vi avgör om kvinnan måste åka in på sjukhus , säger Alexandra Lindfors , barnmorska i hemförlossningsgruppen .",NN,2014-2015,103,110,2015,2015,f34a0f51_103_110|kvinna|2015,[4],"[""4""]",4.0,1
classical,kvinna,e0bb5e9d_27_33,"När det visade sig att den kvinna som dömts till det hårdaste straffet , fängelse i ett år och åtta månader , studerade till sjuksköterska vid Göteborgs universitet , fick lärosätet kalla fötter .",NN,2010-2011,27,33,2010,2010,e0bb5e9d_27_33|kvinna|2010,[3],"[""3""]",3.0,1
classical,kvinna,a7879ed_232_241,"Jag klef mycket öfverraskad vid åsynen af detta och ansåg det vara en prick , som kommit lös eller gått förlorrd genom skeppsbrott Jag ropade åt rorgängaren att lägga oai rodret ett par streck , och \ i höllö långsamt ned , hvarvid kvinnorna började kont .",NN,1896-1899,232,241,1897,1897,a7879ed_232_241|kvinna|1897,[3],"[""3""]",3.0,0
classical,kvinna,4eb705f_59_66,"Härtill fogas en del specialundersökningar angående analet kvinnor , som åtnjutit fattigunlerstöd , sorn stått under konkurs , ej ull gjort sina utskykler o. s. v. Utredningen kommer att vara färlig om några månader oell afgifves aire årets slut till regeringen .",NN,1904-1907,59,66,1907,1907,4eb705f_59_66|kvinna|1907,[3],"[""3""]",3.0,0
classical,kvinna,fe80da62_185_192,"Emellertid hafva europeerna organiserat försvarskårer af frivilliga , som i yttersta nödfall skola upptaga striden mot den fanatiserade kinesiska pöbeln och i händelse af behof ledsaga kvinnor och barn ombord å de i ole större sjöhamnarne liggande europeiska krigsskeppen .",NN,1888-1891,185,192,1891,1891,fe80da62_185_192|kvinna|1891,[3],"[""3""]",3.0,0
classical,kvinna,8f3bce80_47_53,"– En intressant insikt är att i bolagen där en kvinna är vd är det generellt sett mer jämställt i styrelsen , 38 procent kvinnor .",NN,2018-2019,47,53,2019,2019,8f3bce80_47_53|kvinna|2019,[3],"[""3""]",3.0,1
classical,kvinna,632a0519_191_197,"Hon finner , att det är försmädligt för den ogifta , andligt utvecklade och myndiga kvinnan att bära samma titel som en ung flicka , och anser , att endast titeln » fru » passar för en mogen kvinna , oafsedt om hon är gift eller ej .",NN,1904-1907,191,197,1904,1904,632a0519_191_197|kvinna|1904,[3],"[""3""]",3.0,0
classical,kvinna,ac7b623_14_21,"Den olyckliga kvinnan , hvars usla dräkt liksom de paltor , i hvilka barnen voro skylda , tycktes angifva åtminstone ett af motiven till hennes hemska dåd , kunde eller ville ej uppgifva namn och adress — eller , rättare hon lemnade vexlande uppgifter härom , i det hon sade sig bo än vid Hagagatan , än vid Styrman sgatan .",NN,1904-1907,14,21,1904,1904,ac7b623_14_21|kvinna|1904,[3],"[""3""]",3.0,0
classical,kvinna,1525deff_262_269,"Men även hur filmer med kvinnliga regissörer , som Lisa Langseth , Anna Odell och Amanda Kernell under de senaste åren rönt framgångar med sina respektive filmer – men trots det , skriver de , är manliga regissörer i majoritet och får dubbelt så stor budget som kvinnor de senaste sex åren .",NN,2018-2019,262,269,2018,2018,1525deff_262_269|kvinna|2018,[4],"[""4""]",4.0,0
classical,kvinna,b0225858_119_126,Idag gick startskottet för ” Orange day MC-kortege ” i Sverige där hundratals MC-förare manifesterar mot mäns våld mot kvinnor .,NN,2018-2019,119,126,2018,2018,b0225858_119_126|kvinna|2018,[4],"[""4""]",4.0,2
classical,kvinna,91af03ad_61_68,"Ducey och andra som stödjer lagen menar att den ser till att kvinnor får så mycket information som möjligt innan de fattar ett stort medicinskt beslut , men kritiker säger att den är ännu en i raden av lagar som ämnar inskränka aborträtten i USA .",NN,2014-2015,61,68,2015,2015,91af03ad_61_68|kvinna|2015,[4],"[""4""]",4.0,0
classical,kvinna,e28edbd6_58_65,Genom några knapptryckningar på en webbplats kan inbjudna kvinnor av-och omboka sin tid och också välja den mottagning som passar dem bäst .,NN,2010-2011,58,65,2011,2011,e28edbd6_58_65|kvinna|2011,[3],"[""3""]",3.0,2
classical,kvinna,de71745c_36_42,"Hon hade blifvit en fullt utvecklad kvinna och ändå var hon samma älskliga , hurtiga unga flicka , som han först mot sin vilja börjat älska , och som han allt sedan med lif och själ sökt vinna ...",NN,1896-1899,36,42,1898,1898,de71745c_36_42|kvinna|1898,[3],"[""3""]",3.0,1
classical,kvinna,8c8a3292_387_393,"Och ej nog med att misstankarne misshandla hennes förtid ; med utomordentlig finhet skildrar Björnson förtalets farliga smygande makt , hura som det grundlösa ryktet om hennes förhållande till den unge musikern Karl Meek , som Edvard öfvertalat henne taga in i hemmet , näres och växer tills det mördar långsamt men säkert genom den tysta hviskningen , mördar utan att en enda man eller kvinna , och aldra minst svåger och svägerska uppträdt mot förtalet nied en myndig gensaga .",NN,1888-1891,387,393,1890,1890,8c8a3292_387_393|kvinna|1890,[3],"[""3""]",3.0,0
classical,kvinna,af3e9331_95_101,"kommer vårt tystlåtna ressällskap : en flock vuxna och halfvuxna unga flickor , åtföljda af en kvinna , skolans husmoder , hvilken med öfversvallande hjärtlighet omfamnade , klappade och kramade örn de afresande till afsked- Klara tårar glänste i de döfstummas ögon och de formligen äflades om att få slå vid kupéfönstret och vifta ett farväl åt läraren och de vänliga unga kamraterna .",NN,1896-1899,95,101,1897,1897,af3e9331_95_101|kvinna|1897,[3],"[""3""]",3.0,0
classical,kvinna,ae4181e5_83_89,"Bland de fyra människor som omkom fanns två kvinnor med svenskt medborgarskap , en kvinna med finskt medborgarskap och en man med dubbelt medborgarskap , uppger finsk polis för TT .",NN,2018-2019,83,89,2018,2018,ae4181e5_83_89|kvinna|2018,[3],"[""3""]",3.0,1
classical,kvinna,8c87aebc_65_71,"Historien bakom LP-stftelsens matkasse är att det 1998 ringde en kvinna som ville skänka 10.000 till just matkassar för behövande i juletid , berättar Carlqvist .",NN,2014-2015,65,71,2014,2014,8c87aebc_65_71|kvinna|2014,[3],"[""3""]",3.0,2
classical,kvinna,0aef4e02_4_10,"Den kvinna , som stod bakom det hela , var hans värsta fiende , och kunde Hetty få reda på hennes hemlighet , dröjde det kanske inte så länge , innan Gordon åter kunde stå som en hederlig qian inför sina medmänniskor .",NN,1904-1907,4,10,1907,1907,0aef4e02_4_10|kvinna|1907,[3],"[""3""]",3.0,0
classical,kvinna,28a14572_10_17,Minst fem kvinnor i Malmö har uppgett att de blivit utsatta för en blottare och en 23-årig man har anhållits misstänkt för sexuellt ofredande .,NN,2014-2015,10,17,2014,2014,28a14572_10_17|kvinna|2014,[3],"[""3""]",3.0,1
classical,kvinna,95b1a484_127_134,"Det är ett gammalt klagomål , att studietiden vid våra universitet är för lång och gör utträdet i lifvet för de unge män — och kvinnor — som taga akademiska examina , onaturligt sent .",NN,1888-1891,127,134,1889,1889,95b1a484_127_134|kvinna|1889,[3],"[""3""]",3.0,1
classical,kvinna,e28f2ebb_0_7,"Kvinnan anställdes 2008 , och anklagelserna går i korthet ut på att hon skulle ha lovats bättre jobb i utbyte mot sexuella tjänster .",NN,2010-2011,0,7,2010,2010,e28f2ebb_0_7|kvinna|2010,[3],"[""3""]",3.0,2
classical,kvinna,2f41367f_42_49,"För att vara en man , som inte kunde tåla kvinnor , fattade öfversten synbarligen betydligt intresse lör denna , som han aldrig sett .",NN,1904-1907,42,49,1906,1906,2f41367f_42_49|kvinna|1906,[4],"[""4""]",4.0,2
classical,kvinna,27185333_16_23,"Jag dyrkar alla kvinnor och särskildt de sköna — det vet nog ni — men mina barns uppfostrarinna , den flicka , sorn skall vara en förebild för mina döttrar hvilken dålig karl skulle jag icke vara , om hon icke",NN,1896-1899,16,23,1898,1898,27185333_16_23|kvinna|1898,[4],"[""4""]",4.0,0
classical,kvinna,d69982c8_108_115,"Senare sålde 30-åringen klockan och smyckena till en pantbank för 3 600 kronor tillsammans med den 22-åriga kvinnan , som utöver skyddande av brottsling åtalas för häleri .",NN,2010-2011,108,115,2011,2011,d69982c8_108_115|kvinna|2011,[3],"[""3""]",3.0,2
classical,kvinna,8f385dfc_36_43,"Det var vid tiotiden igår kväll som kvinnan , som är i 20-årsåldern , överfölls på Hagebygatan vid S:t Johanneskyrkan .",NN,2014-2015,36,43,2015,2015,8f385dfc_36_43|kvinna|2015,[3],"[""3""]",3.0,2
classical,kvinna,308022bf_22_29,"Under natten upplevde kvinnan svåra smärtor och började även blöda , men familjen uppmanades ändå att stanna hemma när de kontaktade förlossningskliniken via telefon .",NN,2018-2019,22,29,2018,2018,308022bf_22_29|kvinna|2018,[3],"[""3""]",3.0,2
classical,kvinna,2f0b346d_146_153,"Men trots de många fördomarne i Frankrike gent emot kvinnornas frigörelse måste man samtidigt bemärka och erkänna de eröfringar , som framstående kvinnor kämpat sig till härstädes .",NN,1904-1907,146,153,1907,1907,2f0b346d_146_153|kvinna|1907,[3],"[""3""]",3.0,2
classical,kvinna,516074ef_34_41,"Mannen ska även ha yttrat hot mot kvinnan , där han bland annat sagt att han skulle döda henne men också lägga ut privata bilder på nätet .",NN,2014-2015,34,41,2015,2015,516074ef_34_41|kvinna|2015,[3],"[""3""]",3.0,2
classical,motiv,e2811f7a_190_195,Hösten 2013 stärktes misstankarna mot kvinnan efter att utredarna ska ha hittat dokument som visade hur infekterad konflikten var mellan mannen och kvinnan samt att det fanns ett ekonomiskt motiv för kvinnan .,NN,2014-2015,190,195,2014,2014,e2811f7a_190_195|motiv|2014,[4],"[""4""]",4.0,0
classical,motiv,54d32c6_300_307,"Tidningen upplyser , att ” åtgärden icke vidtogs på grund af den ' anarkistiska ’ agitation , dessa herrar bedrifvit under don senaste tiden , utan för deras oredlighet i handhafvande af partiets medel och de^ ras fräcka förolämpningar både mot styrelsens och föreningens flertal . ” Sådana voro der motiven .",NN,1888-1891,300,307,1891,1891,54d32c6_300_307|motiv|1891,[4],"[""4""]",4.0,1
classical,motiv,1c0fd315_67_72,"Någon » midsommardans » af det slag , som man ser på konstnärernas motiv frän just denna till:ti ; .-i , n "" i kan oc . """,NN,1912-1915,67,72,1915,1915,1c0fd315_67_72|motiv|1915,[3],"[""3""]",3.0,2
classical,motiv,272049fd_118_123,"Nu medger sociala medierjätten att man använt pr-firman , och menar att det var för att undersöka Soros bakomliggande motiv sedan han kallat Facebook ” ett hot mot samhället ” .",NN,2018-2019,118,123,2018,2018,272049fd_118_123|motiv|2018,[4],"[""4""]",4.0,0
classical,motiv,fcf69bc5_22_27,"A . Gödecke , Vexiö : Motiv från Dufnäs af A . Schultzberg ; frii J . Gidlöf , Sundsvall : Rik skörd af Jenuy Nyström ; handlanden O. Petersson , Jönköping : Lunta af Christin Sundberg ; postmästaren C .",NN,1880-1883,22,27,1882,1882,fcf69bc5_22_27|motiv|1882,[3],"[""3""]",3.0,0
classical,motiv,832265e9_318_323,"sig själf i torsdags hos vederbörande kronolinsman för att för cirka 7 år sedan , då Carlsson arbetade vid Ljusfors pappersbruk , ka brekt en i Vinga » ookens fattighus Inhyst person om lif vet genom att locka denne , som var ofärdig , med sig till ett vattendrag ooh knuffa honom i vattnet tå att han drunknade Något motiv för brottet kunde Carlsson ej uppgifva , mea han trodde elg ha blifvit hypnotiserad , ooh an hade han plågats af kval natt och dag ooh dlrför anglfvlt sig .",NN,1904-1907,318,323,1906,1906,832265e9_318_323|motiv|1906,[4],"[""4""]",4.0,1
classical,motiv,b54cfa24_0_7,"Motivet , som är taget från Jemtland , är rätt karakteristiskt med en skogskulle bakom några stugor ocb längst i bakgrunden en hög bergstopp med dimma och snö ; men största intresset fäster sig dock vid sjelfva uppfattningen och målningssättet .",NN,1880-1883,0,7,1880,1880,b54cfa24_0_7|motiv|1880,[3],"[""3""]",3.0,0
classical,motiv,2589ba13_225_230,"Den förra krones med en af blommor och bladverk rikt sirad fris i genombrutet arbete , den senare oval , med ståndare i förgyld brons och prydda med hertigliga kronor , hvilka i hela möbeln för öfrigt användts som dekorativt motiv .",NN,1896-1899,225,230,1897,1897,2589ba13_225_230|motiv|1897,[2],"[""2""]",2.0,1
classical,motiv,28ac13b8_59_66,Offret var en kriminell ligaledare och polisens tes är att motivet har en koppling till en schism om ägarförhållandena i taxibolaget .,NN,2010-2011,59,66,2011,2011,28ac13b8_59_66|motiv|2011,[4],"[""4""]",4.0,0
classical,motiv,c3b1663a_176_181,Riksdumans utskott för lagstiftningsreformer har uttalat sig för utsträckande till Finland af kejsarrikets allmänna lagar angående högmålsbrott och brott begångna af politiska motiv .,NN,1912-1915,176,181,1913,1913,c3b1663a_176_181|motiv|1913,[4],"[""4""]",4.0,0
classical,motiv,f51b433_64_69,Hör Jessica Nyberg berätta mer och se fler av lastbilarna – med motiv från både hockeyvärlden till rockabilly – i klippet .,NN,2022-2023,64,69,2023,2023,f51b433_64_69|motiv|2023,[3],"[""3""]",3.0,0
classical,motiv,e283cafd_70_75,"Den skottskadade är känd av polisen sedan tidigare , men de har inget motiv till beskjutningen och ingen gärningsman har gripits .",NN,2010-2011,70,75,2010,2010,e283cafd_70_75|motiv|2010,[4],"[""4""]",4.0,0
classical,motiv,0b5c0885_128_133,Enligt tidningen anser kommunen att polisen borde se stölden ur ett större perspektiv och menar att det kan ligga ett politiskt motiv bakom att få åtkomst till datorn .,NN,2018-2019,128,133,2019,2019,0b5c0885_128_133|motiv|2019,[4],"[""4""]",4.0,0
classical,motiv,272a69c1_57_62,Stödet till Ukraina i kriget mot Ryssland är ett möjligt motiv bakom serien av brevbomber i Spanien – och risken för fler brevbomber är stor .,NN,2022-2023,57,62,2022,2022,272a69c1_57_62|motiv|2022,[4],"[""4""]",4.0,0
classical,motiv,8baf7ede_322_327,"Ossian-Nilsson sjunger om Bo Jonsson Grip , storjunkaren , som kommenderade kungen själf ; Alfred Jensen , den store slavofilen och resenären , sjunger i » Några blad ur Bkissbokeu » tseckernas ära ( » Prag mig tjusar namnet af ditt blotta namn » ) , Henning Berger bidrager med en fint formad novell , » Cypressallén » ( motiv från Paris , där förf. f. n , vistas ) .",NN,1904-1907,322,327,1906,1906,8baf7ede_322_327|motiv|1906,[3],"[""3""]",3.0,1
classical,motiv,d6e803e_59_66,"- Vi kommer att koncentrera oss mycket på de pengar som är motivet till att medverka i organiserad brottslighet , säger Peter Tjäder på Rikskriminalen .",NN,2006-2007,59,66,2006,2006,d6e803e_59_66|motiv|2006,[4],"[""4""]",4.0,0
classical,motiv,15207c14_21_26,"– Jag vet inte vilka motiv åklagaren haft , jag kan bara konstatera fakta , säger advokat Henrik Olsson Lilja .",NN,2022-2023,21,26,2022,2022,15207c14_21_26|motiv|2022,[4],"[""4""]",4.0,0
classical,motiv,b430b276_108_115,"Af do uppgifter vi lyckats erhålla om L . framgår , att här föreligger ett försök till sjelfmord , hvartill motivet varit ekonomi ska bekymmer .",NN,1888-1891,108,115,1891,1891,b430b276_108_115|motiv|1891,[4],"[""4""]",4.0,0
classical,motiv,2160ab22_107_112,"Inför en dylik förtegen välgörenhet böjer menniskovännen med vördnad sitt hufvud , viss att inga fafängans motiv grumla den hjertekälla , hvarur den goda gerningen qväller .",NN,1888-1891,107,112,1890,1890,2160ab22_107_112|motiv|1890,[4],"[""4""]",4.0,0
classical,motiv,91a1621b_30_37,Därmed har Kadyrov antytt att motivet till mordet skulle ha varit Nemtsovs stöd för tidningen efter terrorattacken i Paris i januari .,NN,2014-2015,30,37,2015,2015,91a1621b_30_37|motiv|2015,[4],"[""4""]",4.0,0
classical,motiv,9a0938d7_154_159,Nu säger Sveriges nationella säkerhetsrådgivare Henrik Landerholm till SVT Nyheter att det i utredningen inte går att utesluta några eventuellt politiska motiv .,NN,2022-2023,154,159,2023,2023,9a0938d7_154_159|motiv|2023,[4],"[""4""]",4.0,0
classical,motiv,9a6b2eb_47_52,"- Han ger ett förvirrat intryck , vi ser inget motiv just nu , säger Reine Johansson vid polisen i Kalmar .",NN,2006-2007,47,52,2006,2006,9a6b2eb_47_52|motiv|2006,[4],"[""4""]",4.0,0
classical,motiv,91a1925f_186_191,Såväl Europeiska unionen som Vita huset och ett stort antal människorättsorganisationer har uppmanat Egypten att släppa journalisterna och rättegången har beskyllts för att ha politiska motiv .,NN,2014-2015,186,191,2015,2015,91a1925f_186_191|motiv|2015,[4],"[""4""]",4.0,0
classical,motiv,e1ed5f7b_36_43,"Man kan ju tänka sig , att innersta motivet varit enkelt nog : när England vill så mycket som möjligt stoppa all införsel till Tyskland och för den skull i stor utsträckning tummar på häfdvunnen lolkrätt , enkannerligen Lon ' ^deklarationen , så anser Tyskland >ig berättigadt att svara med - amma ynt .",NN,1912-1915,36,43,1914,1914,e1ed5f7b_36_43|motiv|1914,[4],"[""4""]",4.0,1
classical,motiv,ae405fb4_69_74,Nordnytt berättade redan i tisdags att polisen anser att ett troligt motiv för attacken var att man ville stjäla något .,NN,2014-2015,69,74,2014,2014,ae405fb4_69_74|motiv|2014,[4],"[""4""]",4.0,0
classical,motiv,8694d226_273_280,"» Arvids far ville , att hans son skulle göra en utländsk resa , ooh ehuru ben som motiv för densamma frametälde den mångfaldiga nytta i afseende på hildning och verldserfarenhet Arvid skulle hakva deraf , trodde Arvid likväl elg i sin kärlek till Sofi spåra det egentliga motivet .",NN,1880-1883,273,280,1883,1883,8694d226_273_280|motiv|1883,[4],"[""4""]",4.0,1
classical,motiv,2fdde768_15_22,"Först dä , när motivet är att vara med för att en gäng i farans stund värna hem och härd .",NN,1912-1915,15,22,1912,1912,2fdde768_15_22|motiv|1912,[4],"[""4""]",4.0,0
classical,motiv,2723528b_0_7,"Motivet för det planerade dådet är oklart , men tidigare har en militanta islamistgruppen Abu Sayyaf misstänkts stå bakom liknande attentat .",NN,2014-2015,0,7,2014,2014,2723528b_0_7|motiv|2014,[4],"[""4""]",4.0,0
classical,motiv,bd5641ae_338_343,"Sista numret börjar helt kort med ett recitativ af kejsar Fredrik li , som uppmanar folket att under ärebetygelser bära Elisabet till hennes graf i Wartburg , och under sorgesång fullgöra de denna befallning för att till sist stämma in i en mäktigt verkande , i ädel kyrklig stil hållen bönesång till den heliga Elisabet , hvars herrliga motiv åter tonar fram i väldiga ackorder till bo nen : Tu pro nobis , mäter pia ,",NN,1888-1891,338,343,1891,1891,bd5641ae_338_343|motiv|1891,[6],"[""6""]",6.0,1
classical,motiv,1521e88c_95_102,"Parson anser att ” vi har förlorat den där magiska känslan ” av att resa med flyga , vilket är motivet till att han väljer att basera sin trettonde bok på öden och stämningar på flygplatsen .",NN,2010-2011,95,102,2011,2011,1521e88c_95_102|motiv|2011,[4],"[""4""]",4.0,0
classical,motiv,e91e963f_56_61,"För en modern paysagiste skulle dylika vyer kunna lemna motiv för flere målningar , men trots rikedomen på detaljer och den kärlek , hvarmed allt är utarbetadt , har konstnären förstått att beherska de skilda momenten genom det breda , mäktiga ljuset , som sammansmälter allt till ett gripande , stämningsfullt helt .",NN,1880-1883,56,61,1880,1880,e91e963f_56_61|motiv|1880,[3],"[""3""]",3.0,1
classical,motiv,ae4de197_16_21,Försvarsmaktens motiv var att den gravida kvinnan själv sagt att den tjänst hon var placerad på inte var den hon sökt .,NN,2022-2023,16,21,2022,2022,ae4de197_16_21|motiv|2022,[4],"[""4""]",4.0,0
classical,motiv,8cea9d2e_242_247,"Liksom jag själf i detta fall vill fritaga mig från hr E:s beskyllning för bristande » hyfsning » och » folkvett » , så anser jag mig också efter samtal med min kollega kunna intyga , att kortheten i to nen och orden ej föranlett » af an nat motiv än arbetet » kraf på skyndsamhet .",NN,1912-1915,242,247,1913,1913,8cea9d2e_242_247|motiv|1913,[4],"[""4""]",4.0,1
classical,motiv,d948c1f0_109_116,"Kronolänsman Hultqvist , derom anmodad , instälde sig på platsen och höll undersökning , dervid utröntes att motivet för hennes handling varit förtviflan öfver ett förfeladt lif , hvilken ytterligare förstorades deraf att fästmannen , enligt hvad hon berättade , var en nitton års yngling , oförmögen att kunna vårda sig om henne .",NN,1896-1899,109,116,1898,1898,d948c1f0_109_116|motiv|1898,[4],"[""4""]",4.0,1
classical,motiv,28ad1931_80_87,Under utredningens gång har varken åklagare eller försvaret velat uttala sig om motivet till gärningarna eller om stenbrottet var brottsplatsen .,NN,2014-2015,80,87,2015,2015,28ad1931_80_87|motiv|2015,[4],"[""4""]",4.0,0
classical,motiv,d69c141c_40_45,"- Hur skulle det kunna finnas politiska motiv när åklagarna lagt fram bevis genom hela rättegången och de åtalade själva erkänt att de tagit sig in i landet illegalt tillsammans med rebeller , säger talesmannen Desalegn Deressa .",NN,2010-2011,40,45,2011,2011,d69c141c_40_45|motiv|2011,[4],"[""4""]",4.0,0
classical,motiv,c7697ef_81_86,"– Exakt vad de senaste skjutningarna beror på återstår att se men hämnd kan vara motiv och en drivkraft , säger SVT:s kriminalreporter Diamant Salihu .",NN,2022-2023,81,86,2022,2022,c7697ef_81_86|motiv|2022,[4],"[""4""]",4.0,0
classical,motiv,32e5ba_197_202,Direkt utlösande faktor till företagets beslut var en artikel i organisationens tidning i december där massaindustrin kritiserades för att den kraftigt sänkt priserna på sågverksflis utan hållbart motiv .,NN,2006-2007,197,202,2006,2006,32e5ba_197_202|motiv|2006,[4],"[""4""]",4.0,0
classical,motiv,152de677_141_146,"Utspelet fick stöd av Aron Emilsson , SD:s kulturpolitiska talesperson , som precis som Rolf Hans Berg vill se ett starkt fokus på klassiska motiv i den offentliga konsten .",NN,2018-2019,141,146,2019,2019,152de677_141_146|motiv|2019,[3],"[""3""]",3.0,0
classical,motiv,2e160ddf_99_106,"Den aggressiva hänsynslösheten i dylika demagogiska fraser är onekligen ägnad att låta de innersta motiven i socialdemokratiens politik träda fram i blixtbelysning , och hela det grundlagstrogna Sverige skall säkerligen reagera mot den samhällstarliga nedbrytningslusta , hvarom de citerade orden bära vittne .",NN,1912-1915,99,106,1914,1914,2e160ddf_99_106|motiv|1914,[4],"[""4""]",4.0,1
classical,motiv,d7207c0f_62_69,"Förtrytelsen häröfver och icke tacksamhet skulle sålunda vara motivet till den irriterande uppmärksamhet , hvarmed svalan så länge hedrat direktör Abelin .",NN,1904-1907,62,69,1904,1904,d7207c0f_62_69|motiv|1904,[4],"[""4""]",4.0,0
classical,motiv,5969eea9_45_52,"- Vi försöker klarlägga vad som har hänt och motivet till de båda händelserna och kopplingar till dem , säger Robert Loeffel , informationschef vid polisen i Kronoberg .",NN,2010-2011,45,52,2010,2010,5969eea9_45_52|motiv|2010,[4],"[""4""]",4.0,0
classical,motiv,bd565800_414_419,"I Sveriges allmänna konstförcning i Stockholm komma att i den närmaste framtiden exponeras dels den från Wien anlända stora taflan » Valdemar Atterdag brandskattar Visby » af C . G . Hellqvist , dels ett omfattande , anonymt förslag till ITelgeandshol mens bebyggande med riksbankshus samt till ett på Skeppsholmen förlagdt riksdags ' hus , hvilket senare lär vara utfördt i svensk renässansstil med användande af motiv från Vadstena , Kalmar , Gripsholm m . fl .",NN,1888-1891,414,419,1891,1891,bd565800_414_419|motiv|1891,[3],"[""3""]",3.0,1
classical,motiv,e0b58ea5_37_44,Han upprepar det som står i åtalet : Motivet till dådet var enligt åklagaren att Akilov ville straffa Sverige för deltagandet i den globala koalitionen mot IS .,NN,2018-2019,37,44,2018,2018,e0b58ea5_37_44|motiv|2018,[4],"[""4""]",4.0,0
classical,motiv,d64489c_53_58,"- Vi lämnar inga uppgifter om dödsorsaken , kvinnans motiv eller hur hon ställer sig till anklagelserna , säger polisens presstalesman Mona Nordberg till TT .",NN,2006-2007,53,58,2007,2007,d64489c_53_58|motiv|2007,[4],"[""4""]",4.0,0
classical,motiv,50715337_127_132,"von Ge gerfelt , tillföll lottsedeln AS 2663 ; Vid Ronneby å , målning i olja af Johan Ericson , tillföll lottsedeln AS 2726 ; Motiv från Sparreholm , målning i olja af Ansii .",NN,1888-1891,127,132,1890,1890,50715337_127_132|motiv|1890,[3],"[""3""]",3.0,2
classical,motiv,da3dfa68_47_52,"– Han har tidigare dömts för mordbrand och ett motiv till brotten kan vara ilska och hämnd mot myndigheter , sa åklagare Fredrik Ingblad .",NN,2018-2019,47,52,2018,2018,da3dfa68_47_52|motiv|2018,[4],"[""4""]",4.0,0
classical,motiv,e57eb048_59_64,"Vi våga dock påstå , att det hade ett annat mera hederligt motiv , och det var : oförmågan att kunna vidkännas en ytterligare tillökning i de förut ganska väsentliga och känbara utgifterna , hvilka genom pågående skolhusbygnad hafva upptommit .",NN,1880-1883,59,64,1881,1881,e57eb048_59_64|motiv|1881,[4],"[""4""]",4.0,0
classical,motiv,0d9d35e6_95_100,""" i afton haft sammanträde för behandling af två interpellationer till styrelsen angående dess motiv för inbjudandet af d:r Sven Hedin att hålla föredrag på samfundet .",NN,1912-1915,95,100,1914,1914,0d9d35e6_95_100|motiv|1914,[4],"[""4""]",4.0,0
classical,motiv,401071d4_88_93,Schultzberg » Mot aftonen » S Nilsson » Månat staten bör så snart sken » C F Svensson » Motiv från Holland- * en » °skilde« kraf auagalagte genast ersätta .TamvagSOlyCka 1 Förenta Staterna ( honom och sedan i sin ordning halla sig till,NN,1888-1891,88,93,1890,1890,401071d4_88_93|motiv|1890,[3],"[""3""]",3.0,0
classical,motiv,2722da54_61_66,"Han anklagades då bland annat för väpnat våld med rasistiskt motiv och släpptes ur fängsligt förvar för bara några dagar sedan , enligt La La Parisien .",NN,2022-2023,61,66,2022,2022,2722da54_61_66|motiv|2022,[4],"[""4""]",4.0,0
classical,motiv,9a02feed_137_142,Kammaråklagare Henrik Olin vid Riksenheten för säkerhetsmål leder utredningen och vill i nuläget inte uppge om det finns något politiskt motiv .,NN,2022-2023,137,142,2023,2023,9a02feed_137_142|motiv|2023,[4],"[""4""]",4.0,0
classical,motiv,04609332_6_11,"Såsom motiv för sitt handlingssätt anger S. hoppet att kunna hålla bolaget uppe till dem en del större belopp , som han insatt i Järnezport och som förlorats på andra bolag , knnnat återvinnas .",NN,1912-1915,6,11,1913,1913,04609332_6_11|motiv|1913,[4],"[""4""]",4.0,0
classical,motiv,2e09ce95_259_264,"lät henne mer ån en gång veta , att hon blott af nåder fått komma hit och att , om rättvisan fått ba sin gäng , hennes öde skulle och borde ha blifvit ett helt annat och vida sfimre , på samma gång hon fiamtastade kränkande Insinuationer om den unga filokaos motiv till glfteimålet med gamle Pål .",NN,1904-1907,259,264,1905,1905,2e09ce95_259_264|motiv|1905,[4],"[""4""]",4.0,1
classical,motiv,272235d5_165_170,"Myndigheten uppger i ett pressmeddelande att de utreder de beslagtagna föremålen , samt att de fortfarande försöker slå fast gärningspersonernas identitet och deras motiv .",NN,2022-2023,165,170,2023,2023,272235d5_165_170|motiv|2023,[4],"[""4""]",4.0,0
classical,motiv,e0a5cee_8_13,"Mannens motiv att göra sig av med sin före detta flickvän var att hon ville föda barnet medan han absolut inte ville ha det , enligt åklagaren .",NN,2006-2007,8,13,2007,2007,e0a5cee_8_13|motiv|2007,[4],"[""4""]",4.0,0
classical,motiv,9a7ed9e_0_7,Motivet från bolagets sida är att kinesiska kunder kräver kinesisk- talande personal och att SAS är ett av det sista flygbolagen som flyger till Kina utan kinesisk personal .,NN,2006-2007,0,7,2006,2006,9a7ed9e_0_7|motiv|2006,[4],"[""4""]",4.0,0
classical,motiv,9aa242d_4_9,Som motiv har 18-åringen angett att han kände sig angripen av föräldrarna som ville att han inte skulle umgås med kriminella .,NN,2006-2007,4,9,2007,2007,9aa242d_4_9|motiv|2007,[4],"[""4""]",4.0,2
classical,motiv,d606916_7_14,"Ett av motiven till de falska uppgifterna var att de hoppades få pengar från Brottsoffer- fonden , rapporterar SVT:s Tvärsnytt .",NN,2006-2007,7,14,2006,2006,d606916_7_14|motiv|2006,[4],"[""4""]",4.0,0
classical,motiv,25e421f_0_7,Motivet bakom dådet ska ha varit att den anställda vägrat förse en intagen med en mobiltelefon så att den unga mannen skulle kunna planera,NN,2022-2023,0,7,2023,2023,25e421f_0_7|motiv|2023,[4],"[""4""]",4.0,0
classical,motiv,a577f788_156_161,"Den svenska konsten har under det gångna århundradet — - föist famlande , sedan med allt större säkerhet — sträfvat efter egen mark att stå på , efter egna motiv och egen karaktär .",NN,1904-1907,156,161,1904,1904,a577f788_156_161|motiv|1904,[3],"[""3""]",3.0,0
classical,motiv,1524d3f2_38_43,– Riksbanksfullmäktiges beslut om nya motiv på Sveriges sedlar är ett litet steg på vägen för införandet av republik i Sverige .,NN,2010-2011,38,43,2011,2011,1524d3f2_38_43|motiv|2011,[3],"[""3""]",3.0,0
classical,motiv,91affc50_38_45,"Han menar att det är svårt att förstå motiven bakom Nordkoreas attack , men menar att den kan vara mer komplicerad än vad den först verkar .",NN,2010-2011,38,45,2010,2010,91affc50_38_45|motiv|2010,[4],"[""4""]",4.0,0
classical,motiv,3271f9a_126_131,"Polisen är mycket förtegen , och vill just nu inte ge några särskilda detaljer , och vill heller inte spekulera om eventuella motiv .",NN,2018-2019,126,131,2019,2019,3271f9a_126_131|motiv|2019,[4],"[""4""]",4.0,0
classical,motiv,92238c3b_89_94,"Det gäller mycket för » vår fria bygd i Nord » , alltför mycket , för att låta småaktiga motiv söndertrasa vära framtidsutsikter .",NN,1904-1907,89,94,1905,1905,92238c3b_89_94|motiv|1905,[4],"[""4""]",4.0,0
classical,motiv,150bb33e_233_238,"Det är nu det poetiska förhållandet mellan den lidande Heinrich Heine — sjuklingen som ligger bunden vid sin bädd i Champs Elysés — och den främmande knappt till namnet kända tjuguåttaåriga kvinnan , hvilket ; hr Lundegård valt till motiv för sin senaste roman .",NN,1888-1891,233,238,1891,1891,150bb33e_233_238|motiv|1891,[3],"[""3""]",3.0,1
classical,motiv,0877e21c_168_173,"gottlänska landskap , kyrkoruiner i Wisby och en hel serie bilder från dess botaniska trädgård , äfvensom ett flertel blad från fastlandet och bland dessa flera vackra motiv från Karlskrona .",NN,1912-1915,168,173,1912,1912,0877e21c_168_173|motiv|1912,[3],"[""3""]",3.0,0
classical,motiv,b0c25b9e_128_133,"bortlottas en konstnärlig borduppsats af silfver , bestående af fullständig Kaffeservis för Zh personer , utförd i fornnordiska motiv efter , Acharius “ F.jolners saga4 * .",NN,1888-1891,128,133,1889,1889,b0c25b9e_128_133|motiv|1889,[2],"[""2""]",2.0,0
classical,motiv,f1a81ebb_28_33,"Forsberg har emellertid som motiv för sin handling uppgifvit , att bans medbrottsling , gardisten Larsson , redan vid tinget i Aska förespeglat honom huru mycket trefligare det borde vara för honom , sitt också få komma till Långholmen i gemensamhetsfängelse Un att sitta där ensam under futtiga 6 månader i Linköpingsfängelset .",NN,1888-1891,28,33,1890,1890,f1a81ebb_28_33|motiv|1890,[4],"[""4""]",4.0,1
classical,motiv,152c23e2_157_164,"Mannen ska ha ” hoppat upp ” ur rullstolen och försökt krascha skyddsglaset som omgärdar målningen , för att sedan smeta ut en gräddig kaka över det berömda motivet i någon form av klimataktion .",NN,2022-2023,157,164,2022,2022,152c23e2_157_164|motiv|2022,[3],"[""3""]",3.0,0
classical,motiv,e0bfa99b_106_111,"Gripandet var odramatiskt enligt Säpo , som uppger att utredningen fortsätter med att säkra bevis , hitta motiv och identifiera de andra två misstänkta .",NN,2010-2011,106,111,2010,2010,e0bfa99b_106_111|motiv|2010,[4],"[""4""]",4.0,0
classical,motiv,28f03e10_16_21,"I lagförslagets motiv frambålles , att man skall följa de ledande grundsatserna för den tyska kolo nialpolitik , som riksdagen gillade 1884 och 1885 .",NN,1888-1891,16,21,1889,1889,28f03e10_16_21|motiv|1889,[4],"[""4""]",4.0,2
classical,motiv,283ed1eb_8_15,"Hörande motivet till attentatet — om ett sådant blifvit begånget — menar nian att hr Wendels ekonomi icke var lika god som förut , hvarför han behöfde sälja Århammar .",NN,1904-1907,8,15,1906,1906,283ed1eb_8_15|motiv|1906,[4],"[""4""]",4.0,0
classical,motiv,e0bf6869_46_51,"Hovrätten ser det som förmildrande att hennes motiv för att föra bort flickan var att skydda henne från övergrepp från fadern , detta trots att det inte är utrett att det fanns en sådan risk , skriver hovrätten .",NN,2010-2011,46,51,2011,2011,e0bf6869_46_51|motiv|2011,[4],"[""4""]",4.0,0
classical,motiv,56ce8d0f_0_7,Motivet till den gräsliga handlingen är ännu så länge höljdt i dunkel och torde väl heller aldrig få någon förklaring .,NN,1896-1899,0,7,1896,1896,56ce8d0f_0_7|motiv|1896,[4],"[""4""]",4.0,0
classical,motiv,91ae44cc_46_51,"– Ja , det är ju vad man omedelbart anför som motiv , men dådet kan inte vara ett spontandåd .",NN,2014-2015,46,51,2015,2015,91ae44cc_46_51|motiv|2015,[4],"[""4""]",4.0,0
classical,motiv,93aa0870_18_25,"Enligt åtalet ska motivet för brotten ha varit att ” bevara eller återupprätta mannens , hans familjs eller släkts heder ” .",NN,2022-2023,18,25,2022,2022,93aa0870_18_25|motiv|2022,[4],"[""4""]",4.0,0
classical,motiv,ceffefff_103_110,"Han föreslog i stället , att man skulle ingå pröfning af de utaf lorderna i en särskild skrift anförda motiven för de ändringars återställande , hvilka blifvit af underhuset förkastade .",NN,1880-1883,103,110,1881,1881,ceffefff_103_110|motiv|1881,[4],"[""4""]",4.0,0
classical,motiv,dc4cc403_165_170,"Wiphala är ursprungsbefolkningarnas gemensamma flagga och de sju färgerna i flaggan , rött , orange , gult , vitt , grönt blått och violett , formas till färgstarka motiv på de 12 våningar höga husen .",NN,2014-2015,165,170,2015,2015,dc4cc403_165_170|motiv|2015,"[2, 3]","[""2"", ""3""]",,0
classical,motiv,91ac7d2c_90_95,EU-parlamentets talman Jerzy Buzek kritiserade på fredagen Ukraina för att ha ” politiska motiv ” till häktningen och uppmanade till en rättvis rättegång .,NN,2010-2011,90,95,2011,2011,91ac7d2c_90_95|motiv|2011,[4],"[""4""]",4.0,0
classical,motiv,873ecc40_100_105,"Stämman beslöt att som sin förklaring uttala , att den , vidhållande i alla delar pröfningsnämndens motiv , ansåg , att pröfningsnämndens beslut borde få bestå .",NN,1904-1907,100,105,1906,1906,873ecc40_100_105|motiv|1906,[4],"[""4""]",4.0,0
classical,motiv,110006a9_83_88,"Det finnes också ett antal damer som tagit del i Dreyfus-processen utan personligt motiv , endast såsom frivilliga på grund af sakliga eller andra intressen .",NN,1896-1899,83,88,1899,1899,110006a9_83_88|motiv|1899,[4],"[""4""]",4.0,0
classical,motiv,45741c3f_291_296,"Jag hade ingalunda någon föreställning om att hon skulle kunna vara besatt af en så beherrskande mani , att till och med vetskapen om att hon var uppdagad icke skulle stäcka hennes onda viljas planer Jag hade då blott den uppfattningen , att hon var besynnerlig , d. v. s. att hon leddes af motiv och företog handlingar , som icke hörde till det vanliga .",NN,1896-1899,291,296,1897,1897,45741c3f_291_296|motiv|1897,[4],"[""4""]",4.0,1
classical,motiv,a7267be4_237_242,"Då icke något tvifvelsmål om hvem som i detta fall har sanningen på sin sida kan äga rum , återstår oss endast att beklaga , det vi blifvit i saken rrssledda att lämna felaktiga uppgifter , dem vi nu så här själfmant och utan alla andra motiv än sanningens omutliga fordringsanspråk måste taga tillbaka .",NN,1896-1899,237,242,1896,1896,a7267be4_237_242|motiv|1896,[4],"[""4""]",4.0,1
classical,motiv,e0b88a5b_36_41,"– I nuläget ser vi inget jätteklart motiv , mannen är känd av polisen sedan tidigare men det ger ingen tydligare bild av varför det skulle gå så långt som det här mordet , sa Stefan Edin , chef för spaningsroteln på Västerortspolisen till ABC .",NN,2014-2015,36,41,2014,2014,e0b88a5b_36_41|motiv|2014,[4],"[""4""]",4.0,0
classical,motiv,b1cb718a_206_211,"Denna olägenhet hade dock kunnat wara lätt undanröjd , om ins . , i stället för att fruktlöst affordra en "" förklaring "" af ombudsmannen , af denne begärt utdrag af direktionens protokoll , uti hwilkec deh motiv för ätgärdeu äro antecknade .",NN,1880-1883,206,211,1882,1882,b1cb718a_206_211|motiv|1882,[4],"[""4""]",4.0,1
classical,motiv,44bc0195_15_22,"Enligt hvad af motiven framgår , har denna myndighet närmast tänkts såsom rådgifvande och skall bestå af en fattigvårdsinspektör och tre in8t ?aktörei % fastade vid den byrå ,",NN,1912-1915,15,22,1915,1915,44bc0195_15_22|motiv|1915,[4],"[""4""]",4.0,0
classical,motiv,81def7b8_202_207,"Då detta minimiantal likväl öfverskridits , väntar man sig särskilda skäl därför anförda af de kommitterade , som afgifvit det i ifrågavarande hänseende utan ändring antagna förslaget , Något särskildt motiv därför finnes emellertid icke anfördt ; och det synes som om icke annan an ledning förekommit att bestämma rådmännens antal till tre , än att det ansetts vara en alltför genomgripande förändring att på en gång minska bisittarnes i R.-R.m antal från fem till allenast två .",NN,1896-1899,202,207,1899,1899,81def7b8_202_207|motiv|1899,[4],"[""4""]",4.0,1
classical,motiv,d6b12120_183_188,"Första numret på det rikliga och väl sammansatta programmet var ett “ orkesterstycke i marschform “ af icke namngifven kompositör , hvilket utmärkte sig för flärdfria och tilltalande motiv samt erhöll ett förtjenstfullt utförande .",NN,1896-1899,183,188,1896,1896,d6b12120_183_188|motiv|1896,[6],"[""6""]",6.0,0
classical,motiv,8f31be32_90_95,"Gunnel Sundberg , forskare på Linköpings universitet , får 6,5 miljoner till forskning om motiv och policykonsekvenser för nya investerare i förnybar el .",NN,2010-2011,90,95,2010,2010,8f31be32_90_95|motiv|2010,[4],"[""4""]",4.0,0
classical,motiv,f05214c2_90_97,"Det förekommer i många branscher , säger kammaråklagare Erik Fågelsbo som också säger att motivet till den här typen av brott varierar- Det handlar inte alltid handlar om rationellt tänkande och vinning .",NN,2010-2011,90,97,2010,2010,f05214c2_90_97|motiv|2010,[4],"[""4""]",4.0,0
classical,motiv,6f3b2bcc_144_149,"Innocens förklarade , att han underkastade sig regeringens beslut och skulle gå dit hon sände honora , utan att fråga efter hennes outgrundliga motiv .",NN,1880-1883,144,149,1881,1881,6f3b2bcc_144_149|motiv|1881,[4],"[""4""]",4.0,0
classical,motiv,59641f02_54_59,"När det inte finns någon gärningsperson , offer eller motiv för händelsen finns det inte mycket att gå på , utöver de tekniska bevisen .",NN,2018-2019,54,59,2019,2019,59641f02_54_59|motiv|2019,[4],"[""4""]",4.0,0
classical,motiv,31606585_222_227,"Till höger ser man en bet af en götisk kyrka ( S:t Karin ) , och ben bertill höraube klosterträbgårben raeb best saftiga grönska , ben gamla trappan berimvib , ja till och meb bet bekanta apotekshuset , lika , font öfriga motiv , äro fatttlabe på platsen .",NN,1880-1883,222,227,1881,1881,31606585_222_227|motiv|1881,[3],"[""3""]",3.0,1
classical,motiv,cd73ee4d_125_130,"Huru vår tid äfven i sjöstycket gått framåt , visar tydligen en jemförelse mellan Bergers nu nämnda tafla och A . NordUngs » Motiv från Bohuslän » .",NN,1880-1883,125,130,1880,1880,cd73ee4d_125_130|motiv|1880,[3],"[""3""]",3.0,0
classical,motiv,b0213dcc_47_52,"– Det finns inget som tyder på något politiskt motiv eller hatbrott utan det verkar röra sig om ett rent vansinnesdåd , säger förundersökningsledaren Mattias Nildén .",NN,2018-2019,47,52,2019,2019,b0213dcc_47_52|motiv|2019,[4],"[""4""]",4.0,0
classical,motiv,eb6d17f7_13_18,"SBtt älskadt motiv bland proportionsvalens motståndare är följande , som af en af deras resetalare , hr Millqvist , senast användes på ett möte I Gällersta i Nerike : » Riksdagen bade senast i år vägrat att använda proportionsval till utskotten , och för landstingen och första kammaren ville manei höra talas om dem .",NN,1904-1907,13,18,1904,1904,eb6d17f7_13_18|motiv|1904,[4],"[""4""]",4.0,1
classical,motiv,d88064a_0_7,"Motivet för mordet är inte känt för allmänheten , men Pär Andersson berättar att de har en tydlig bild om vad som förekom dödskjutningen på Ribersborg .",NN,2018-2019,0,7,2019,2019,d88064a_0_7|motiv|2019,[4],"[""4""]",4.0,0
classical,motiv,15290a83_58_65,Men nästan direkt kom reaktioner på sociala medier om att motivet på kläderna liknande karaktären Nozomi Tojo från animeserien Love live ! .,NN,2018-2019,58,65,2019,2019,15290a83_58_65|motiv|2019,[3],"[""3""]",3.0,0
classical,motiv,0f000581_93_98,"Han bade handlat under rusets inflytande och kunde icke inför rätta uppgifva något egentligt motiv till sin brutala handling , ulen lofvade att för framtiden blifva absolut nykter , ty han sade sig mycket ångra det skedda .",NN,1888-1891,93,98,1890,1890,0f000581_93_98|motiv|1890,[4],"[""4""]",4.0,0
classical,motiv,b653298d_185_190,"En enda nordbo på denna exposition , nämligen finnen Edelfelt med ett litet arbete utan pretention : en bondtös stående i en solstrimmig skogsbacke , och en bit haf der bortom , finskt motiv ... Som sagdt , de båda utställningarna äro öfvervägande svaga , fastän naturligtvis ett och annat förtjenar uppmärksamhet .",NN,1888-1891,185,190,1891,1891,b653298d_185_190|motiv|1891,[3],"[""3""]",3.0,1
classical,motiv,15ec82_0_7,"Motiven fick någon eller några att riva sönder teckningarna och slänga dem i toaletterna på Folkets hus i Sofielund i Malmö , skriver Skånska Dagbladet .",NN,2006-2007,0,7,2006,2006,15ec82_0_7|motiv|2006,[3],"[""3""]",3.0,0
classical,motiv,21578ad_278_285,"Fullständigt oväntadt kom emellertid budet om bans sjelimord ; bur nervös han ibland än kunde vara — och stundom äfven hypokondrisk — kan man ej , försäkra hans kamrater och vänner , bli annat än öfverraskad af bans handling , som ej heller kan förklaras med det eljest vanliga motivet , dålig ekonomi .",NN,1896-1899,278,285,1896,1896,21578ad_278_285|motiv|1896,[4],"[""4""]",4.0,1
classical,motiv,a2a0c89a_107_112,"Denna omständighet framhålles såsom talande för skydd af våra inhemska industrier , hvilka — enligt lagens motiv — arbeta under tryckta förhållanden .",NN,1888-1891,107,112,1889,1889,a2a0c89a_107_112|motiv|1889,[4],"[""4""]",4.0,0
classical,motiv,5969d8af_0_7,"Motivet tros vara att ett av brottsoffren , en 26-åring , vunnit en storvinst på kasino , som den nu misstänkte ville komma över .",NN,2010-2011,0,7,2011,2011,5969d8af_0_7|motiv|2011,[4],"[""4""]",4.0,2
classical,motiv,0b57e2f1_0_7,"Motivet misstänks vara att hon lidit av Münchhausen by proxy , en diagnos som innebär att man uppsåtligen orsakar sjukdomstillstånd hos någon för att kunna fortsätta vårda dem .",NN,2018-2019,0,7,2019,2019,0b57e2f1_0_7|motiv|2019,[4],"[""4""]",4.0,0
classical,motiv,9119db7_0_7,"Motivet till dådet är ännu okänt , men enligt Aftenposten ska polisen ha fått vittnesuppgifter om en långvarig konflikt och flera hot i familjen .",NN,2006-2007,0,7,2006,2006,9119db7_0_7|motiv|2006,[4],"[""4""]",4.0,0
classical,motiv,6dc44476_108_113,"Däremot kom det kallt och afmätt från Amles läppar : — Var öfvertygad , herr Hellborn , om att intet oädelt motiv är orsaken till , att jag tillbakavisar ert frieri .",NN,1904-1907,108,113,1906,1906,6dc44476_108_113|motiv|1906,[4],"[""4""]",4.0,0
classical,motiv,9a0783ee_75_80,Kammaråklagare Inga-Lis Adervall Åström berättar att mannen beskrivit sitt motiv på många olika sätt och att hon snarast uppfattat det som att brottet är ”  ” .,NN,2010-2011,75,80,2011,2011,9a0783ee_75_80|motiv|2011,[4],"[""4""]",4.0,0
classical,motiv,91a95975_89_96,Enligt New York Times kom en företrädare för gruppen med ett uttalande där man skrev att motivet bland annat är Norges närvaro i Afghanistan .,NN,2010-2011,89,96,2011,2011,91a95975_89_96|motiv|2011,[4],"[""4""]",4.0,0
classical,motiv,11a9eb3a_27_32,"Då man granskar utskottets motiv för sin afstyrkande hemställan , finner man först att utskottet dragit sig för att gå med på slopandet af en afgift , som enligt dess beräkningar inbragte staten en half million kr .",NN,1896-1899,27,32,1898,1898,11a9eb3a_27_32|motiv|1898,[4],"[""4""]",4.0,0
classical,motiv,77555223_111_116,"Det läk endjast mot en del mod prisfölrhöjningen förknippja-dt obefiogadt besomnemjang , utgörande liksom dess motiv , mot hvilket en gensaga med rätta kan inEggas .",NN,1904-1907,111,116,1907,1907,77555223_111_116|motiv|1907,[4],"[""4""]",4.0,0
classical,motiv,91aecd1c_55_62,Nu valde de gröna att rösta nej till von der Layen med motivet att hon inte har tillräckligt långtgående förslag på miljöområdet .,NN,2018-2019,55,62,2019,2019,91aecd1c_55_62|motiv|2019,[4],"[""4""]",4.0,0
classical,motiv,27294afe_53_60,"Nyhetsbyrån Nya Kina rapporterar att Xu berättat att motivet till dådet var att få utlopp för sitt raseri mot samhället sedan han förlorat pengar på spel , affärer och haft andra privata bakslag .",NN,2010-2011,53,60,2010,2010,27294afe_53_60|motiv|2010,[4],"[""4""]",4.0,0
classical,motiv,7b631f0_230_235,Sedan krigsministern haft en liten förevisning af det nya geväret och med fotografiska planscher gifvit ett begrepp om dess förödande verkningar samt framhållit den farliga allmänna situationen i Europa slutet af förra året såsom motiv för k m : t att påyrka snabbare inköp af gevär blef utskottets hemställan i denna punkt bifallen,NN,1896-1899,230,235,1896,1896,7b631f0_230_235|motiv|1896,[4],"[""4""]",4.0,1
classical,motiv,8ebc660_60_67,"Könsorgan , hjärtan och hakkors är några av de mer populära motiven som naturbevakaren Per Johansson har skrubbat bort från vindskyddens träväggar med såpa och vatten .",NN,2022-2023,60,67,2023,2023,8ebc660_60_67|motiv|2023,[3],"[""3""]",3.0,0
classical,motiv,6863793c_65_70,"I sofrummet äro med undantag af några stora taflor med religiösa motiv alla väggstycken klädda med porträtt af de små prinsessorna Flera af dessa porträtt har tsaren själf tagit , vanligen i barnkammaren , där han dagligen tillbringar någon timme hos sina småttingar och där han tycks trifvas bäst .",NN,1904-1907,65,70,1904,1904,6863793c_65_70|motiv|1904,[3],"[""3""]",3.0,1
classical,motiv,387f0c3d_120_125,"— Bland de artister , som vistas här märkes herrar J . Kindborg och V. Behm , hvilka båda synas flitigt hemta anslående motiv från orten .",NN,1896-1899,120,125,1896,1896,387f0c3d_120_125|motiv|1896,[3],"[""3""]",3.0,0
classical,motiv,9a08fccc_59_66,Genom att införa en så kallad ” flaggning ” av ärenden där motivet tros vara hedersrelaterat höjs kunskapen om sådan brottslighet .,NN,2014-2015,59,66,2015,2015,9a08fccc_59_66|motiv|2015,[4],"[""4""]",4.0,0
classical,motiv,ae487ae8_113_120,Region Västerbotten har på olika sätt gett sitt stöd till att utveckla koncept för testbanan Jörn-Arvidsjaur och motivet för detta är enligt regionen flera .,NN,2018-2019,113,120,2019,2019,ae487ae8_113_120|motiv|2019,[4],"[""4""]",4.0,0
classical,motiv,bbb36e5a_55_62,"Polisundersökningen har sålunda icke uppdagat något om motiven till Lindbergs gerning , alldenstund han icke före sin död vaknade tili sans och alltså icke kunnat utfrågas .",NN,1896-1899,55,62,1898,1898,bbb36e5a_55_62|motiv|1898,[4],"[""4""]",4.0,0
classical,motiv,f50e3c_0_7,"Motivet är också oklart , det finns enligt polisen ingen hotbild som kan förklara varför bultarna stuckits ner i vägen .",NN,2006-2007,0,7,2007,2007,f50e3c_0_7|motiv|2007,[4],"[""4""]",4.0,0
classical,motiv,0b56234b_9_16,– Ett av motiven är att vi känner att kommunen som arbetsgivare måste ha en beredskap för att hantera sina medarbetare .,NN,2014-2015,9,16,2014,2014,0b56234b_9_16|motiv|2014,[4],"[""4""]",4.0,0
classical,motiv,27267bcf_58_63,Men än så länge har Loughner vägrat berätta något om sina motiv för att skjuta ihjäl sex personer i Tucson .,NN,2010-2011,58,63,2011,2011,27267bcf_58_63|motiv|2011,[4],"[""4""]",4.0,0
classical,motiv,d61306a_115_120,"Tommy Lundvall , utredare vid Ystadspolisens kriminaljour , är tveksam till om det finns politiska eller religiösa motiv till angreppen på hunden .",NN,2006-2007,115,120,2007,2007,d61306a_115_120|motiv|2007,[4],"[""4""]",4.0,0
classical,motiv,30581795_134_139,"Den öfre delen af kullen har dock till stor del bibehållit sin primitiva karakter , och här fins det pittoreska saker , intressanta » motiv » i rikt mått .",NN,1888-1891,134,139,1890,1890,30581795_134_139|motiv|1890,[3],"[""3""]",3.0,0
classical,motiv,cdc30d2_20_27,"Åklagaren menar att motivet i det här fallet var att den 33-åriga kvinnan var på jakt efter narkotikaklassade mediciner , som fanns hos den 53-åriga kvinnan .",NN,2010-2011,20,27,2010,2010,cdc30d2_20_27|motiv|2010,[4],"[""4""]",4.0,2
classical,motiv,f346124e_0_7,"Motivet till brottet är ännu oklart , men det finns meddelanden mellan en av de misstänkta gärningsmännens ex-flickvän och offret .",NN,2022-2023,0,7,2022,2022,f346124e_0_7|motiv|2022,[4],"[""4""]",4.0,0
classical,motiv,28ae0556_2_9,"– Motivet var att han ville begå en sådan avskyvärd handling så det inte fanns någon återvändo för honom från att ta sitt eget liv , säger Anders Elison .",NN,2022-2023,2,9,2022,2022,28ae0556_2_9|motiv|2022,[4],"[""4""]",4.0,0
classical,motiv,ce9e1792_7_12,"Hwilka motiv som hänvid leda wal männen synes nära nog ofattligt , och dessa röja en absolut okunnighet om widden af den klyfta , som för närwarande ätfliljer stads- och landtintressena Det är wisserligen i hög grad önstligt att en brygga blir flagen öfwer denna klyfta , men föga glädjande wore det om städerna ensamt stulle bekosta brobyggnaden , och sä komme förmodligen att ste , om wi walde wära riksdagsrepresentanter , wr wära motständareS leder , och saken stulle wara desto farligare , ju talangfullare dessa "" länade "" re presentanter woro .",NN,1880-1883,7,12,1882,1882,ce9e1792_7_12|motiv|1882,[4],"[""4""]",4.0,1
classical,motiv,387e2373_108_113,"Personen ifråga har befunnits vara 25-irige mekanikern K ind Nielsen , son till en guldsmed i Köpenhamn Som motiv tili brottet uppgaf han , att han var arbetslös och vill i genom en kapp born na öfver pengar .",NN,1904-1907,108,113,1907,1907,387e2373_108_113|motiv|1907,[4],"[""4""]",4.0,0
classical,motiv,97c93dd0_8_15,"Rörande motivet till den förtwiflade gerningen ha de olyckliga icke esterlemna t någon upplysning , men enligt grannarnes utsago lider det intet twifwel att de bliswit offer sör ockrare .",NN,1880-1883,8,15,1881,1881,97c93dd0_8_15|motiv|1881,[4],"[""4""]",4.0,0
classical,motiv,433dc6a4_60_65,"Den förste som på detta sätt gjorde sig två bilder af samma motiv , en bild för hvartdera ögat , var engelsmannen Elliot ( 1834 ) .",NN,1912-1915,60,65,1912,1912,433dc6a4_60_65|motiv|1912,[3],"[""3""]",3.0,2
classical,motiv,a4e44185_51_56,"Han anser att det åklagarna angett som ett troligt motiv , ett rån mot brödernas pappa , inte är säkerställt .",NN,2014-2015,51,56,2015,2015,a4e44185_51_56|motiv|2015,[4],"[""4""]",4.0,0
classical,motiv,6bc78445_126_133,"Genom utrikesdepartementet har öfversttthallareämbetet i dagarna fått nig tillsändt af skrift af ett aktstycke , innehållande motiven till schweiziska » Bundesgerichts> afkunnande utslag i utlämningsfrågan .",NN,1912-1915,126,133,1913,1913,6bc78445_126_133|motiv|1913,[4],"[""4""]",4.0,0
classical,motiv,860e2013_36_43,"Häri är inflätadt ett af de ledande motiven , som redan förekommer i introduktionen ( ouverturen ) och som kan betraktas som Graalmotivet .",NN,1880-1883,36,43,1881,1881,860e2013_36_43|motiv|1881,[6],"[""6""]",6.0,0
classical,motiv,5faef1cc_190_195,"Häraf liksom af ulina arbeten om positivisten och om sinnesrubbning och métmiskans förmåga att motverka delta sjukdomstillstånd framgår på det otvetydigaste sätt , att jag blott anser , att motiv finnas för vår vilja , meli att sjelfva afgörandet är tiief eiler mindre fritt .",NN,1880-1883,190,195,1881,1881,5faef1cc_190_195|motiv|1881,[4],"[""4""]",4.0,1
classical,motiv,7d61b_127_132,"Den knivskadade mannen opererades i måndags , och polisen hoppades att kunna förhöra honom under tisdagen och få reda på vilka motiv som kan ligga bakom mordförsöket .",NN,2006-2007,127,132,2007,2007,7d61b_127_132|motiv|2007,[4],"[""4""]",4.0,0
classical,motiv,476d2e9a_51_58,"Aian har wäl ännu ingen ledträd för uppsökandet af motiven till brottet , men det synes ej alldeles osannolikt att mördarnes handling warit öswerlagd , och att deras afsigt warit att komma i besittning af slupen .",NN,1880-1883,51,58,1881,1881,476d2e9a_51_58|motiv|1881,[4],"[""4""]",4.0,0
classical,motiv,91a38f05_143_148,"28-årige Brenton Tarrant , som greps misstänkt för attackerna mot två moskéer , lämnade efter sig en skrift på 74 sidor där han förklarar sina motiv .",NN,2018-2019,143,148,2019,2019,91a38f05_143_148|motiv|2019,[4],"[""4""]",4.0,2
classical,motiv,d627702_2_9,"- Motivet och tillvägagångssättet vill vi i nuläget inte gå ut med , av hänsyn till anhöriga , säger polisens press- talesman Sven-Åke Petters .",NN,2006-2007,2,9,2006,2006,d627702_2_9|motiv|2006,[4],"[""4""]",4.0,0
classical,motiv,4ebf74d6_342_347,"Att imellertid , trots skatteregleringskomiténs uttalade mening om rättmätigheten och behöfligheten af denna bevillningsafgifts höjande , från regeringen nu till riksdagen afgifves förslag att nedsätta den samma så betydligt , borde vä kunna — så tyckes det väl åtminstone den tänkande allmänheten — förutsätta synnerligen starka och talande motiv .",NN,1880-1883,342,347,1883,1883,4ebf74d6_342_347|motiv|1883,[4],"[""4""]",4.0,1
classical,motiv,d695121d_25_30,"Den misstänkte mördarens motiv är ännu oklart , men utredningsledaren Graham Gibson bekräftar att han skrivit ett ” kryptiskt inlägg ” om ” ofrivilligt celibat ” bara minuter innan han körde ihjäl tio personer och skadade 13 .",NN,2018-2019,25,30,2018,2018,d695121d_25_30|motiv|2018,[4],"[""4""]",4.0,0
classical,motiv,28a2e107_0_7,"Motivet till dådet var att 19-åringen ville driva in en pengaskuld som 28-åringen hade till sin faster , enligt domen från Malmö tingsrätt .",NN,2018-2019,0,7,2018,2018,28a2e107_0_7|motiv|2018,[4],"[""4""]",4.0,2
classical,motiv,f2bad0b7_0_7,"Motivet är hemtadt från midten af 1500-talet ( 1558 ) och bygdt på en sägen om ett kärleksförhållande mellan den dåvarande kronprinsen Fredrik , sedermera Fredrik li , och adelsfröken Anna Hardenberg , hvilken sägens historiska förutsättningar blifvit undersökta och framstälda i en liten skrift af en bland våra yngre , dngtiga historiker , d:r Bricha .",NN,1880-1883,0,7,1881,1881,f2bad0b7_0_7|motiv|1881,[3],"[""3""]",3.0,1
classical,motiv,27234dd1_220_225,"– Det var väldigt många som inte köpte den här förklaringen , inte minst på grund av att ajourneringen var ovanligt lång och tajmingen i samband med brexitprocessen var ganska talande för att det fanns ett bakomliggande motiv .",NN,2018-2019,220,225,2019,2019,27234dd1_220_225|motiv|2019,[4],"[""4""]",4.0,0
classical,motiv,6bc36bdb_31_36,"Den stora duken Sandbergen med motiv från landtborgen vid Stora Frö i Wickleby sorken är käckt målad , med enkla men fasta linjer en förtätad bild af ett stort styeke ölandsnatur och som verkar godt om det kommande .",NN,1912-1915,31,36,1913,1913,6bc36bdb_31_36|motiv|1913,[3],"[""3""]",3.0,0
classical,motiv,8fc5fb_66_71,M ännen som greps i samband med branden har inte erkänt och något motiv till branden har heller inte framkommit .,NN,2006-2007,66,71,2006,2006,8fc5fb_66_71|motiv|2006,[4],"[""4""]",4.0,0
classical,motiv,1df1000a_84_89,"Psykologerna däremot ha naturligtvis stort intresse i att efterforska oth pröfva de motiv , som bringa människorna till att försvinna .",NN,1912-1915,84,89,1913,1913,1df1000a_84_89|motiv|1913,[4],"[""4""]",4.0,0
classical,motiv,0b0efb40_7_12,"Hvilka motiv som ledt de maktägande ar för honom en hemlighet , men han tror att hans kända frisinnade åsikter och den sakliga kritik han någon gång funnit sig manad att utofva gent emot vissa uppseendeväckande åtgärder af generalpoststyrelsen varit anledningen .",NN,1912-1915,7,12,1912,1912,0b0efb40_7_12|motiv|1912,[4],"[""4""]",4.0,0
classical,motiv,79feff85_38_45,"Freycinet lemnade nu en förklaring af motiven till den politik han följt , och yttrade , att det vore en orimlighet att europeiska trap per visade sig vid Suezkanalen , utan att franska trupper vore med .",NN,1880-1883,38,45,1882,1882,79feff85_38_45|motiv|1882,[4],"[""4""]",4.0,0
classical,motiv,73204a1e_9_14,"Då intet motiv till afslaget meddelades , antog hr Lindberg , att det skodda var en följd af hans uppträdande i den Hedinska affären .",NN,1912-1915,9,14,1913,1913,73204a1e_9_14|motiv|1913,[4],"[""4""]",4.0,0
classical,motiv,ae4c3652_50_57,"Han uppgav själv i förhören att skulderna inte är motivet till dådet , utan att han kom fram till att han skulle ta pengarna efter att han skjutit mannen .",NN,2018-2019,50,57,2018,2018,ae4c3652_50_57|motiv|2018,[4],"[""4""]",4.0,0
classical,motiv,8289672c_0_7,"Motivet var nu att straffa 16-åringen för att han anmält det första brottet , och få honom att ta tillbaka anmälan .",NN,2018-2019,0,7,2018,2018,8289672c_0_7|motiv|2018,[4],"[""4""]",4.0,2
classical,motiv,7fc0b7c_144_151,"Förra vintern avlyste länsstyrelsen i Norrbottens län , med stöd av rennäringslagen , ett område för småviltjakt inom Girjas samebys marker med motivet att förhindra störning av renarna då renbetet under vintern var begränsad .",NN,2018-2019,144,151,2018,2018,7fc0b7c_144_151|motiv|2018,[4],"[""4""]",4.0,0
classical,motiv,a05bc267_156_161,"Äfven W. von Gegerfelt är af samma skrot och korn , i viss mån detaljerande , men sammangjutande allt i en gemensam stämning , såsom i sina båda väl målade motiv från Torekow i vinterskrud .",NN,1888-1891,156,161,1891,1891,a05bc267_156_161|motiv|1891,[3],"[""3""]",3.0,0
classical,motiv,e288754b_49_56,"Ingen person är ännu misstänkt för händelsen och motivet är okänt , men den skjutne mannen är känd av polis sedan tidigare .",NN,2022-2023,49,56,2022,2022,e288754b_49_56|motiv|2022,[4],"[""4""]",4.0,0
classical,motiv,91ea8e3_0_7,"Motivet uppges den gången ha varit konflikter i familjen , som bottnade i att den äldsta systern blivit för norsk .",NN,2006-2007,0,7,2006,2006,91ea8e3_0_7|motiv|2006,[4],"[""4""]",4.0,0
classical,motiv,4d10292d_4_9,"Som motiv för sitt beslut anför k. bfhde , att beviljande af anslag till föreläsningsförening och kyrkosångens befrämjande är att hänföra till sådana allmänna hushållsangelägenheter , hvarom det tillkommer kommunalstämman besluta , samt att , då tillträdet till St. Skedvi skyttegille står öppet för alla kommunens medlemmar , det ej kan anses ligga utom St. Skedvis kommunalstämmas befogenhet att till detsamma bevilja anslag af medel af ifrågavarande slag .",NN,1904-1907,4,9,1907,1907,4d10292d_4_9|motiv|1907,[4],"[""4""]",4.0,1
classical,motiv,32f1f081_125_130,"Den tidigare studenten vid Linnéuniversitetet , Einar Dernegård , får ta emot priset för sin kandidatuppsats om två partiers motiv i regeringsfrågan .",NN,2022-2023,125,130,2022,2022,32f1f081_125_130|motiv|2022,[4],"[""4""]",4.0,0
classical,motiv,25ef01c_224_231,"Kjell Lagemark har färglagt gamla svartvita foton med akvarellfärg sedan slutet av 1980-talet , men sedan han började lägga ut sina handkolererade foton på Södertäljes kulturhistoriska förenings Facebooksida så har de gamla motiven fått nytt liv i snabbare takt .",NN,2022-2023,224,231,2023,2023,25ef01c_224_231|motiv|2023,[5],"[""5""]",5.0,1
classical,motiv,91a28c16_72_77,"– Man tror inte att det var ett terrordåd med politiska eller religiösa motiv , säger SVT:s Europakorrespondent David Boati .",NN,2022-2023,72,77,2022,2022,91a28c16_72_77|motiv|2022,[4],"[""4""]",4.0,0
classical,motiv,d02d0b3c_0_7,"Motivet for trafikindragningen är dels osäkerheten , huruvida trafiken skall bära sig och dels om det öfver hufvud taget skall vara möjligt att uppbringa kol inom landet vid den tidpunkt , då Norrlandstrafiken skulle taga sin början .",NN,1912-1915,0,7,1915,1915,d02d0b3c_0_7|motiv|1915,[4],"[""4""]",4.0,0
classical,motiv,b7f3984f_37_42,"Den äldre brodern uppgifver följande motiv för brottet : » Orsaken till att vi gjort som vi gjort är den , att pappa var så elak mot mamma och oss alla .",NN,1888-1891,37,42,1890,1890,b7f3984f_37_42|motiv|1890,[4],"[""4""]",4.0,0
classical,motiv,2720b29f_173_178,"Han rapporteras ha befunnit sig i Förenade arabemiraten för att med iransk hjälp ordna vapen till Hamasrörelsen i Gazaremsan , ett uppdrag som kan tänkas ha utgjort Mossads motiv för att döda honom .",NN,2010-2011,173,178,2010,2010,2720b29f_173_178|motiv|2010,[4],"[""4""]",4.0,0
classical,motiv,8c853f4b_85_92,"Han vill inte uttala sig om eventuella kopplingar till kriminella gäng , eller kring motivet eller relationen mellan offren och gärningsmännen .",NN,2014-2015,85,92,2014,2014,8c853f4b_85_92|motiv|2014,[4],"[""4""]",4.0,0
classical,motiv,d4441ab4_0_7,"Motivet till mordet antages hafva varit att skaffa undan hustrun , som icke ville vara med om skilsmessa , så att han kunde slå sig tillsamman med tjensteflickan .",NN,1896-1899,0,7,1897,1897,d4441ab4_0_7|motiv|1897,[4],"[""4""]",4.0,0
classical,motiv,f09d8b_0_7,Motivet bakom den ryska höjningen tros vara en förhoppning om att Europeisk skogsindustri väljer att investera i ryska fabriker eller bygga nya fabriker i Ryssland .,NN,2006-2007,0,7,2007,2007,f09d8b_0_7|motiv|2007,[4],"[""4""]",4.0,0
classical,motiv,1dbe9de6_97_102,Hvem bar icke t. ex. intagits af de klangfulla ackorden särskildt i kadensen uti fantasien öfver motiv från ” La Somnambula ” ?,NN,1880-1883,97,102,1881,1881,1dbe9de6_97_102|motiv|1881,[6],"[""6""]",6.0,0
classical,motiv,ae42018_21_28,"Vad som kan ha varit motivet till händelsen , som polisen rubricerar som försök till misshandel , är inte känt .",NN,2010-2011,21,28,2010,2010,ae42018_21_28|motiv|2010,[4],"[""4""]",4.0,0
classical,motiv,ff2ef51_43_48,exponeras f n följande nya oljemålningar • Motiv från Möja » af Harald Torslow » Elgar vintertid » af Axel Borg » Hösteftennirtdag » och » Aftonatämning » af John Kindborg » » I morfars trädgård » af Severin Nilsson samt » Metan de lappgosse » ( akvarell af Joh Tirén Målaren Karl Kjellin utställer för närvarande meddelar Sala Allehanda i Hamburg och Diisseldorf ett par af sina nya arbeten Diisseldorfstidningarne berömma så väl ' En septembermorgon vid hafvet som den stora genrebilden ' Ett sorgebarn för den lefvande uppfattningen och det gedigna utförandet,NN,1888-1891,43,48,1888,1888,ff2ef51_43_48|motiv|1888,[3],"[""3""]",3.0,1
classical,motiv,7755be9c_31_36,"Nej , hellre då reelt ange som motiv för förhöjningen , ätt mjölkens produktionskostnader i dessa tider uppgå till det åsätta .",NN,1904-1907,31,36,1907,1907,7755be9c_31_36|motiv|1907,[4],"[""4""]",4.0,0
classical,motiv,72017451_106_111,"Väggarna äro som för öfrigt allt på denna utställning dekorerade i behagligt enkel stilsmak , här med ett motiv af starkt stiliserade uddiga kronor i guld och färger .",NN,1912-1915,106,111,1914,1914,72017451_106_111|motiv|1914,[2],"[""2""]",2.0,0
classical,motiv,9785f5da_278_283,"den populära författarinnan , har till sina tidigare framgångar på den litterära banan nu lagt en ny , i det hon i den af tidningen » Idun » utlysta romanpristäflingen i dagarna erhållit första priset , 3,000 kr. , för sitt arbete » Drottningen » , en psykologisk skildring med motiv från våra dagars Stockholmslif .",NN,1912-1915,278,283,1915,1915,9785f5da_278_283|motiv|1915,[3],"[""3""]",3.0,1
classical,motiv,8e688a37_21_26,"Sommarafton bar sitt motiv från en liten enslig öfläck i Nordre elf , som konstnären letat upp och med förkärlek behandlat på mer än en duk ; bär är stark aftonrodnad , flammande skyar , en skimmerbegjuten strimma af elfven , och der framom ser man högsommarens kraftiga grönska och gula smörblommor , som bär och der lysa fram ; två ensamma yfviga alar teckna sig mystiskt mot aftonhimlen .",NN,1896-1899,21,26,1896,1896,8e688a37_21_26|motiv|1896,[3],"[""3""]",3.0,1
classical,motiv,cdcbfa0a_69_76,"– Bilden är inte riktigt klar angående vad som har inträffat och vad motivet varit , men det hoppas vi kunna veta snart , säger Klas Hellgren till SVT .",NN,2018-2019,69,76,2019,2019,cdcbfa0a_69_76|motiv|2019,[4],"[""4""]",4.0,0
classical,motiv,1566a0c7_23_28,"Flera af dessa väfnada motiv , rinnande vatten , rimfrost m m . har han visat förut och kanske ej sämre utförda .",NN,1912-1915,23,28,1912,1912,1566a0c7_23_28|motiv|1912,[3],"[""3""]",3.0,0
classical,motiv,e019c0_0_7,Motivet till knivbråket är inte klarlagt och den skadade mannen har själv inte berättat så mycket om vad som hänt .,NN,2006-2007,0,7,2006,2006,e019c0_0_7|motiv|2006,[4],"[""4""]",4.0,0
classical,motiv,28af8bdd_34_39,"Resor har gjorts utan att tydliga motiv klargjorts , och möbler har köpts utan att det tydligt redogjorts för vad de hade med kulturhuvudstadsåret att göra .",NN,2010-2011,34,39,2010,2010,28af8bdd_34_39|motiv|2010,[4],"[""4""]",4.0,0
classical,motiv,9137056_65_72,"Sägs anställningen upp , ska rätten för den uppsagda att få veta motivet , stå inskriven i lagen , sade Chirac .",NN,2006-2007,65,72,2006,2006,9137056_65_72|motiv|2006,[4],"[""4""]",4.0,0
classical,motiv,8529148_38_45,Men polisen är kraftigt ansträngd och motiven är inte lätta att förstå eftersom det pågår flera parallella konflikter med många inblandade .,NN,2018-2019,38,45,2018,2018,8529148_38_45|motiv|2018,[4],"[""4""]",4.0,0
classical,motiv,ef4d4c16_296_301,"har gifvetvis för den liberala pressen varit ett surt äpple att bita i , och för att dölja de { missbelåtna minerna söker man nu anlägga en uppsyn af glädje öfver att partiet nu blir » rensadt » från en hel del element , som.egentligen alls ej hört hemma där utan sökt sig dit af diverse oädla , motiv .",NN,1912-1915,296,301,1914,1914,ef4d4c16_296_301|motiv|1914,[4],"[""4""]",4.0,1
classical,motiv,f05bd839_104_111,"Kvinnan mördades för att hon blev vittne till det första mordet , menar Persson som är övertygad om att motivet har någon form av ekonomisk bakgrund .",NN,2010-2011,104,111,2010,2010,f05bd839_104_111|motiv|2010,[4],"[""4""]",4.0,0
classical,motiv,76bc3b53_83_88,E. Fritzes k. hofbokhandel exponeras För närvarande Följande nya oljemålningar : » Motiv från Foldalen i Norge » och » Från Vestmanland » af A .,NN,1888-1891,83,88,1888,1888,76bc3b53_83_88|motiv|1888,[3],"[""3""]",3.0,0
classical,motiv,91a80cdc_121_126,"Under nästa månad väntar ytterligare en rättegång för de tre dömda , då de även står åtalade för hatbrott med rasistiskt motiv .",NN,2022-2023,121,126,2022,2022,91a80cdc_121_126|motiv|2022,[4],"[""4""]",4.0,0
classical,motiv,118c74ea_154_161,– Det tyder på att homosexuella förväntas följa i stort sett samma livsmönster som heterosexuella och att det därför inte finns några större skillnader i motiven för en flytt .,NN,2014-2015,154,161,2014,2014,118c74ea_154_161|motiv|2014,[4],"[""4""]",4.0,0
classical,motiv,5cb9376_14_19,Sachs har som motiv för sina förfalskningar uppgifvit att hail var trött på de eviga vinglerieroa och ville ha ett slut på dem .,NN,1896-1899,14,19,1896,1896,5cb9376_14_19|motiv|1896,[4],"[""4""]",4.0,0
classical,motiv,2c03e2d_169_174,ideis därpå att sublimat icke skulle ha funnits på Broxvik efter 1895 dels därpå att förhållandet makarna emellan skulle ha varit synnerligen godt och att sf-lunda alla motiv till fru Taubes brottslighet skulle saknas så måste man tror jag medgifva att den i dag förebragta bevisningen är af stor betydelse för saken Hvad beträffar de möjliga motiven till fru Taubes brottslighet — för den kän¬,NN,1896-1899,169,174,1898,1898,2c03e2d_169_174|motiv|1898,[4],"[""4""]",4.0,1
classical,motiv,d699a68e_126_131,"- Jag vill inte spekulera över några motiv , men att vi tar över utredningen betyder inte att vi tror att det finns politiska motiv .",NN,2010-2011,126,131,2010,2010,d699a68e_126_131|motiv|2010,[4],"[""4""]",4.0,0
classical,motiv,a9c496b3_151_156,"Men d å muoioipalstyrelsen försöker att till en del på Norrköpings stad kasta skulden för dessa s. k. förstäders uppkomst , har styrelsen begagnat ett motiv , som kyrkostämman för sin del icke kan godkänna .",NN,1888-1891,151,156,1890,1890,a9c496b3_151_156|motiv|1890,[4],"[""4""]",4.0,0
classical,motiv,889af602_109_114,"Bönderna , som inom vissa provinser föröfva allehanda illdåd , drifvas härtill visst icke af några politiska motiv ehuru visserligen de påverkas af sådana agitatorer , utan af den gräfsta roflystnad och en uppretad vildbetsinstinkt .",NN,1904-1907,109,114,1906,1906,889af602_109_114|motiv|1906,[4],"[""4""]",4.0,0
classical,motiv,0dacab5a_45_50,"Kring det väldiga fönstret löper en fris med motiv af sädeskärfvar och stvfmorsblommor , hvilket återkommer öfverallt i de dekorativa anordningarne och åt desamma gifver en enhetlig prägel af tilltalande verkan ; sjelfva fönstret har ett veckadt förhänge , prydt med stiliserade klöfverblad och klöfverblommor på douce botten .",NN,1896-1899,45,50,1896,1896,0dacab5a_45_50|motiv|1896,[2],"[""2""]",2.0,1
classical,motiv,933aa007_85_90,"Till och med de , som stödja oss i omröstningarna , förutskicka sådana premisser och motiv , att biståndet blir till förödmjukelse .",NN,1888-1891,85,90,1888,1888,933aa007_85_90|motiv|1888,[4],"[""4""]",4.0,0
classical,motiv,a60d7150_192_197,"Konstnären har meddelat , att han så långt möjligt äm nar låta det massha klippblocket , hvilket om några dagar anländer bibehåller sin ursprungliga form och endast pryda det med reliefer med motiv ur skaldens dikter och möjligen en afbildning af diktaren .",NN,1912-1915,192,197,1915,1915,a60d7150_192_197|motiv|1915,[3],"[""3""]",3.0,1
classical,motiv,0dbf9020_147_152,"Mellan 2005 och 2009 tog Moll tusentals bilder från Tibbleberget och resultatet är nu fem panoramabilder , fem meter långa och en meter höga , med motiv från de fyra årstiderna i dagsljus samt en sommarnattsbild .",NN,2022-2023,147,152,2022,2022,0dbf9020_147_152|motiv|2022,"[3, 5]","[""3"", ""5""]",,2
classical,motiv,28aff663_118_123,"24-åringen själv nekar till mordet och säger att han aldrig hört talas om 36-åringen , och hävdar att han varken haft motiv eller fått betalt för att mörda honom .",NN,2022-2023,118,123,2022,2022,28aff663_118_123|motiv|2022,[4],"[""4""]",4.0,2
classical,motiv,ae4b5f25_62_67,"Den man som erkänt har sagt att det inte fanns något särskilt motiv till skotten mot bilarna , fritidshemmet i Vittjärv och Björknässkolan .",NN,2014-2015,62,67,2015,2015,ae4b5f25_62_67|motiv|2015,[4],"[""4""]",4.0,0
classical,motiv,9afee9b_21_28,"Svartsjuka tros vara motivet till förmiddagens skottdrama på järnvägsstationen i Nyköping , då en 33-årig man sköts till döds på perrongen mitt i morgonrusningen .",NN,2006-2007,21,28,2007,2007,9afee9b_21_28|motiv|2007,[4],"[""4""]",4.0,0
classical,motiv,147b9109_58_63,"Sedan in mängde sig i saken en hop smutsiga fak torer och motiv , verkande på en till fa natism uppdrifven » militär hederskänsla som icke ville erkänna svåra begångna missgrepp .",NN,1904-1907,58,63,1906,1906,147b9109_58_63|motiv|1906,[4],"[""4""]",4.0,0
classical,motiv,e7227828_78_83,"Hr Pettersson i Södertälje var också hr statsministern tacksam , men af andra motiv , nämligen därför att han besparat 03s en hädelseprotest i nådens år 1905 , Hr statsmioistern hade haft den sunda smaken att neka smädaren i » Gula faran » äran af en martyrgloria , och tal .",NN,1904-1907,78,83,1906,1906,e7227828_78_83|motiv|1906,[4],"[""4""]",4.0,1
classical,motiv,9a008dff_113_120,– Tv-reklam är ju ett sätt att finansiera tv-innehåll och utökningarna av reklamen har hela tiden genomförts med motivet att man ska underlätta finansiering av det hela .,NN,2014-2015,113,120,2014,2014,9a008dff_113_120|motiv|2014,[4],"[""4""]",4.0,0
classical,motiv,d19c2569_51_58,"Därutöver är det väldigt angeläget att man förstår motiven till varför man gör sorteringen , och att den enskildes handling och aktiviteter har en betydelse i det här sammanhanget , säger Per-Erik Persson , avdelningschef på kommunägda Vafab Miljö till Sveriges Radio Västmanland .",NN,2010-2011,51,58,2011,2011,d19c2569_51_58|motiv|2011,[4],"[""4""]",4.0,0
classical,motiv,2728f93f_33_38,Än så länge finns det inget känt motiv bakom brevbomberna som adresserats till högt uppsatta personer i det amerikanska samhället .,NN,2018-2019,33,38,2018,2018,2728f93f_33_38|motiv|2018,[4],"[""4""]",4.0,0
classical,motiv,e28acc2c_26_31,Vi tyckte att vi hade ett motiv och att det här är ett viktigt sätt som kommunen har för att gynna bilpoolsetableringen .,NN,2014-2015,26,31,2014,2014,e28acc2c_26_31|motiv|2014,[4],"[""4""]",4.0,0
classical,motiv,6ded7c6c_167_174,"Sedan engelska underhuset den 28 juli antagit li lgolandsbillen , har , såsom telegrafen redan meddelat , rikskansleren Capri vi låtit offentliggöra ett » Memorial om motiven till den tysk-engelska öfverenskommelsen . » Dotti aktstycke fyller nio spalter i den officiera Re lehta me iger och utmärker sig dels för en välgörande icke-diploinatisk öppenhet , dels genom en ytterst optimistisk framställning , enligt hvilken Tyskland på hvarje punkt skulle gjort er .",NN,1888-1891,167,174,1890,1890,6ded7c6c_167_174|motiv|1890,[4],"[""4""]",4.0,1
classical,motiv,9c0863a7_176_181,"Det skall bli klart , att vårt land i stället för att högt och bestämt säga sitt ord för att försvara sina intresson är an vasall åt Ryssland , och att Ryssland af egennyttiga motiv leder vårt land bort från den rätta vägen . »",NN,1912-1915,176,181,1914,1914,9c0863a7_176_181|motiv|1914,[4],"[""4""]",4.0,1
classical,motiv,1911667d_316_323,"Såsom vanligt innefattas i fängelsepredikanternas årsberättelser iakttagelser af djupt inträsse och skiftande art. Beträffande länsfängelset i Falun anföres följande : Efter att som så många andra , af sina ämbetsbröder hafva påpekat dryckenskapen såsom förorsakande en mångfald af brott , öfvergår predikanten till motiven för särskildt de ungas tjufnadsbrott .",NN,1904-1907,316,323,1907,1907,1911667d_316_323|motiv|1907,[4],"[""4""]",4.0,1
classical,motiv,f34ebe51_150_155,"Gärningsmännen och offret kände varandra , det hade förekommit osämja och dispyter dem emellan tidigare , men i förundersökningen finns inget tydligt motiv till mord .",NN,2014-2015,150,155,2015,2015,f34ebe51_150_155|motiv|2015,[4],"[""4""]",4.0,0
classical,motiv,da3643e3_101_106,De två vanligaste grupperna av hatbrott i Västmanland under 2014 var främlingsfientliga / rasistiska motiv och anmälningar på grund av sexuell läggning .,NN,2014-2015,101,106,2015,2015,da3643e3_101_106|motiv|2015,[4],"[""4""]",4.0,2
classical,motiv,28a437e1_84_89,"Enligt polisen var den riktad mot en specifik lägenhet i staden , men något tydligt motiv har ännu inte framkommit .",NN,2014-2015,84,89,2014,2014,28a437e1_84_89|motiv|2014,[4],"[""4""]",4.0,0
classical,motiv,3274c79_41_46,"Min erfarenhet är att alla har sina egna motiv när de deltar i något sånt här , säger enhetschefen Claesson .",NN,2010-2011,41,46,2011,2011,3274c79_41_46|motiv|2011,[4],"[""4""]",4.0,0
classical,motiv,32f1ee76_100_105,Bara för ett par dagar sedan inträffade skoldramat i Trollhättan när en maskerad man med rasistiska motiv målmedvetet stegade in i skolan och högg ner människor med annan hudfärg .,NN,2014-2015,100,105,2015,2015,32f1ee76_100_105|motiv|2015,[4],"[""4""]",4.0,0
classical,motiv,91ee6ea_27_32,"Vi kan inte se något annat motiv , säger Vitalij Jarosjevskij , vice chefredak- tör för hennes tidning Novaja Gazeta .",NN,2006-2007,27,32,2006,2006,91ee6ea_27_32|motiv|2006,[4],"[""4""]",4.0,0
classical,motiv,32fa4d87_57_64,"Hittills har varken polis eller åklagare kommenterat vad motivet till attacken kunnat vara , men i förundersökningsprotokollet som SVT tagit del av framkommer det att offret var på fel plats vid fel tillfälle .",NN,2022-2023,57,64,2022,2022,32fa4d87_57_64|motiv|2022,[4],"[""4""]",4.0,0
classical,motiv,b72217c8_115_120,"Finansministern Miquel svarade , att han icke uppgifvit hoppet om att Strombeck , sedan han fått höra rege ringens motiv , skulle upphöra med att se denna svåra nationella och politi ska fråga från sin nuvarande synpunkt och låta sig öfvertygas om att utvis ningarna voro en nationell nödvän dighet .",NN,1896-1899,115,120,1899,1899,b72217c8_115_120|motiv|1899,[4],"[""4""]",4.0,1
classical,motiv,31449dcc_102_109,"Den olycklige dömde » till ett års fängelse , sedan ransakningen uppdagat hana första förbrytelse och motivet till hans andra brott Hans chefer grepe » af djupt medlidande , då de erforo sammanhanget ; men nu var det för sent , och Alfred K. mäste utstå sitt » traff .",NN,1880-1883,102,109,1882,1882,31449dcc_102_109|motiv|1882,[4],"[""4""]",4.0,1
classical,motiv,4a389df0_49_54,"Jag hade väntat finna en rikedom af orientaliska motiv i Bndapestarkitektnren , men på få undantag när har min väntan blifvit besviken .",NN,1896-1899,49,54,1896,1896,4a389df0_49_54|motiv|1896,[2],"[""2""]",2.0,0
classical,motiv,93ac652c_102_107,"Git Lidberg från Stockholm har under många somrar vistats på Hammarö , där hon funnit inspiration och motiv för sitt måleri .",NN,2010-2011,102,107,2011,2011,93ac652c_102_107|motiv|2011,[3],"[""3""]",3.0,0
classical,motiv,68399742_213_218,"Tegnérs » Frithiofs saga » är ett verldsberömdt vordet prof på värdet af denna återgång till nationella minnen , om det ock är sant , att det nationella här var hufvudsak och det fornnordiska ämnet egentligen ett motiv , som under skaldens hand blef mera moderniseradt , än som stämmer öfverens med ett nyare kraf på sträng stilrenbet , hvarför ock den storartade framgången mest måste tillskrifvas ursprungligheten hos skaldens lysande snille och hans förmåga att omsmälta sagan till sin egen och samtidens oförytterliga egendom .",NN,1880-1883,213,218,1880,1880,68399742_213_218|motiv|1880,[3],"[""3""]",3.0,1
classical,motiv,e08dfa1_243_250,"Men Stockholm stad tycker att fler kommuner i Mälardalen borde vzara med och betala ombyggnationen av slussen , och krävde i ett remissvar att en särskild förhandlingsman får i uppdrag att jämka samman mälarkommunerna runt finansiereingen med motivet att hela MÄlaren hänger ihop .",NN,2006-2007,243,250,2007,2007,e08dfa1_243_250|motiv|2007,[4],"[""4""]",4.0,1
classical,motiv,91ad2cbc_168_173,"Australiske 28-åringen Brenton Tarrant , som misstänks för terrordådet i Christchurch , Nya Zeeland , nämner Sverige flera gånger i ett dokument där han beskriver sina motiv .",NN,2018-2019,168,173,2019,2019,91ad2cbc_168_173|motiv|2019,[4],"[""4""]",4.0,0
classical,motiv,bd0cf2b4_0_7,Motivet för hans handlingssätt hade varit önskan att komma i besittning af de pänningar han sett att sjökaptenen haft i sin plånbok .,NN,1896-1899,0,7,1899,1899,bd0cf2b4_0_7|motiv|1899,[4],"[""4""]",4.0,0
classical,motiv,ae4ced7_16_21,"– Det finns ett motiv till varför huvudmannen agerat som han gjort , men det sparar vi till rättegången , säger Rickard Finnberg .",NN,2022-2023,16,21,2023,2023,ae4ced7_16_21|motiv|2023,[4],"[""4""]",4.0,0
classical,motiv,04374ac_128_133,FBI har kopplats in för att utreda dådet men varken de eller polisen vill i nuläget inte gå ut med några detaljer om eventuella motiv till dådet .,NN,2014-2015,128,133,2015,2015,04374ac_128_133|motiv|2015,[4],"[""4""]",4.0,0
classical,motiv,1df54bec_63_68,"Beklagade lifligt , att hr Malmborg ej kunde tänka , att andra motiv funnes än så låga som gammal hämndkänsla och lust att skada , Angående biskop Tottie * intyg berodde detta på att han förutsatte att 8 . skulle hålla  gifna löfte att lefva i frid med lärarepersonalen och biskopen hade särskildt framhållit detta .",NN,1904-1907,63,68,1907,1907,1df54bec_63_68|motiv|1907,[4],"[""4""]",4.0,1
classical,motiv,15248974_128_133,"Nu JO-anmäler tjänstemän på museet kulturarvsförvaltningen Västarvet för brott mot museilagen och menar att det finns politiska motiv bakom gallringen , skriver",NN,2018-2019,128,133,2019,2019,15248974_128_133|motiv|2019,[4],"[""4""]",4.0,0
classical,motiv,dc41bc65_10_15,Rysslands motiv för annektering av Krim var att ryssar på halvön hotades av den nyinsatta provästliga provisoriska regimen i Kiev .,NN,2014-2015,10,15,2014,2014,dc41bc65_10_15|motiv|2014,[4],"[""4""]",4.0,0
classical,motiv,4d310fdd_43_48,"Han redogör däri mycket omständligt för de motiv , som till sist nödgade majoriteten inom liberala partiet att öfverge den delade linjen i fråga om infanteriets öfnmgstid .",NN,1912-1915,43,48,1914,1914,4d310fdd_43_48|motiv|1914,[4],"[""4""]",4.0,0
classical,motiv,828b6e0b_136_141,Under lördagskvällen hade polisen flera patruller på plats i området och arbetar med att klarlägga händelseförloppet och ett eventuellt motiv .,NN,2022-2023,136,141,2022,2022,828b6e0b_136_141|motiv|2022,[4],"[""4""]",4.0,0
classical,motiv,51647a1_18_25,"- Vi vet inget om motivet eller orsaken till varför man har skjutit just mot den här lägenheten , säger Christer Nordström som är presstalesman hos Uppsalapolisen till ABC .",NN,2010-2011,18,25,2011,2011,51647a1_18_25|motiv|2011,[4],"[""4""]",4.0,0
classical,motiv,86136108_284_289,"Under det meningsutbyte , hvartill detta förslag gaf anledning , uttalades åtskilliga betänkligheter mot inrättandet af en s. k. asyl , der en mängd personer , som beträdt brottets bana skulle samman hopas , oeh man ansäg sig böra lemna subskribenterua del af komiterades program och motiv för att derigenom sätta dem i tillfälle att gifva tillkänna , huruvida de ansågo sig bundna af teckningen äfven under den förutsättningen , att en annan väg tor ernåendet af det gemensamma målet valdes ; teckningen var nämligen gjord under det vilkor , att medlen skul¬",NN,1880-1883,284,289,1881,1881,86136108_284_289|motiv|1881,[4],"[""4""]",4.0,1
classical,motiv,28aea7af_129_136,"Kvinnan ville lämna mannen och har också gjort så och det var något som han inte var nöjd med , sade åklagare Kristina Amilon om motivet efter att hon skickat in åtalet .",NN,2022-2023,129,136,2022,2022,28aea7af_129_136|motiv|2022,[4],"[""4""]",4.0,0
classical,motiv,91ba420_40_47,Enligt överåklagaren Alf Willwacher var motivet till att genomföra en massaker för både 18-och 17-åringen att de känt sig orättvist behandlade .,NN,2006-2007,40,47,2007,2007,91ba420_40_47|motiv|2007,[4],"[""4""]",4.0,2
classical,motiv,308126c_0_7,"Motivet är att det kommunala bostadsbolaget Trobo ska få mer ” finansiell styrka för att fortsätta vara aktör vid framtida nybyggnation av hyreslägenheter ” , skriver kommunen i ett pressmeddelande .",NN,2010-2011,0,7,2011,2011,308126c_0_7|motiv|2011,[4],"[""4""]",4.0,0
classical,motiv,158252_136_141,Den 14 november var det 100 år sedan Astrid Lindgren föddes och med anledning av det väljer i år Posten att pryda sina julfrimärken med motiv ur några av hennes mest berömda sagor .,NN,2006-2007,136,141,2007,2007,158252_136_141|motiv|2007,[3],"[""3""]",3.0,2
classical,motiv,8c8369fb_6_11,"Något motiv eller tillvägagångssätt vill inte polisen kommentera om de känner till i nuläget , men de två kvinnorna ska inte ha varit sambos eller nära släktingar .",NN,2014-2015,6,11,2014,2014,8c8369fb_6_11|motiv|2014,[4],"[""4""]",4.0,0
classical,motiv,6fd93e5d_144_151,"Antingen är författaren så illa underrättad om verkliga förhållandet här på södra Öland , eller ock är det ren afundsjuka mot oss , som utgjort motivet till det dråpliga aktstycket .",NN,1904-1907,144,151,1906,1906,6fd93e5d_144_151|motiv|1906,[4],"[""4""]",4.0,0
classical,motiv,214ecfa7_79_86,"Men teatraliskt , sökt Trots alla lysande färgeffekter , trots det rafflande i motivet , saknar målningen all lyftning , verkar som ett utstyrselstycke utan själ .",NN,1912-1915,79,86,1915,1915,214ecfa7_79_86|motiv|1915,[3],"[""3""]",3.0,0
classical,motiv,bcdb2c2c_34_39,"ett motsvarande mytiskt-religiöst motiv , och sålunda har gndarnes sirid mot giganterna , lapiternas mot kentaurerna , The sus ' mot amasonerna fleifaldiga gånger arn vändts för att förhärliga den grekiska civilisationens segrar öfver Orientens barbarer , specielt efter Perserkrigen .",NN,1880-1883,34,39,1880,1880,bcdb2c2c_34_39|motiv|1880,[3],"[""3""]",3.0,0
classical,motiv,ad8d7363_26_33,Några närmare detaljer om motiven därtill och ett och annat utöfver hvad förut meddelats om själfva tilldragelsen åro nu kända .,NN,1896-1899,26,33,1896,1896,ad8d7363_26_33|motiv|1896,[4],"[""4""]",4.0,0
classical,motiv,ffedf88_93_100,Rätten skriver i domen att det inte går att finna något entydigt motiv : ” Förmodligen finns motivet att finna i NN:s psykiatriska sjukdomsbild i kombination med vissa slumpmässiga faktorer som lett till att just NN blivit dödad vid tillfället ” .,NN,2022-2023,93,100,2023,2023,ffedf88_93_100|motiv|2023,[4],"[""4""]",4.0,0
classical,motiv,28ae9aee_65_70,Per Schånberg vänder sig emot att Lunds tingsrätt menade att ett motiv för dådet skulle kunna ha varit att få ut pengar från den livsförsäkring han tecknade i hustruns namn innan hon dödades .,NN,2014-2015,65,70,2015,2015,28ae9aee_65_70|motiv|2015,[4],"[""4""]",4.0,0
classical,motiv,a600afcf_48_53,"På urnans fot äro fyra skulpterade reliefer med motiv från 1600-talets Kalmar , såsom Slottet , Bykyrkan och Ringmuren samt en stadsport , Skulpturarbetet är utfördt af Anton Wabledov härstädes och kommer arbetet att i dagarna afsändas till sin bestämmelseort Uppsala .",NN,1912-1915,48,53,1915,1915,a600afcf_48_53|motiv|1915,[3],"[""3""]",3.0,0
classical,motiv,a4ec73c2_53_58,"– Vi vet inte varför det här har skett och har inget motiv om det här i nuläget , säger Peter Adlersson , presstalesperson vid polisregion Väst .",NN,2022-2023,53,58,2023,2023,a4ec73c2_53_58|motiv|2023,[4],"[""4""]",4.0,0
classical,motiv,287a1b_95_100,"Mannen har erkänt att han dödat kvinna , men polisen vill ännu inte berätta om det finns något motiv till brottet .",NN,2006-2007,95,100,2007,2007,287a1b_95_100|motiv|2007,[4],"[""4""]",4.0,0
classical,motiv,8525e6a_186_191,"Det har rapporterats i flera medier att det förekommit kopplingar till den kurdiska organisationen PKK och turkiska staten , något som tingsrätten inte anser går att slå fast som säkert motiv för mordet .",NN,2022-2023,186,191,2023,2023,8525e6a_186_191|motiv|2023,[4],"[""4""]",4.0,0
classical,motiv,458a63e0_174_179,"I Konstf öreningen äro utstälda följande nya arbeten : » Landskap från Gotlands ängar » af G . W. Palm , » Skärgårdsmotiv » samt » Spärrad väg » , båda af Adolf Beer , två » Motiv från Dalgränsen » af Ernst Lundström , » Landskap » , aftonmålning af Afred Wahlberg , » Landskap » af S. Södergren samt två » Sommarlandskap » af Jacob Silvén .",NN,1880-1883,174,179,1883,1883,458a63e0_174_179|motiv|1883,[3],"[""3""]",3.0,1
classical,motiv,4caa76c_7_12,"Tal: : motiv hade endast varit hänsyn till de illmännas intresse , som ovillkorliger kräfde , att den person som vore i en så Ian ställning som landets kronprins oel blifvande regent , icke befunne sig undedet betänkliga trycket af en rubbar ikononii .",NN,1904-1907,7,12,1907,1907,4caa76c_7_12|motiv|1907,[4],"[""4""]",4.0,0
classical,motiv,0b57f308_101_106,Polisen vill inte heller gå in på detaljer om hur de inblandade känner varandra eller vilka tänkbara motiv som ska ligga bakom dödsskjutningen .,NN,2022-2023,101,106,2022,2022,0b57f308_101_106|motiv|2022,[4],"[""4""]",4.0,0
classical,motiv,ef43cead_194_201,"Sedan uppmärksamhet blifvit fästad på det uppenbart felaktiga i uppgiften , har Sundsv.-P:n tillskrifvit föredragshållaren kand. R . Strömberg i Uppsala , med en begäran , att han ville angifva motiven för sina egendomliga påståenden i berörda sak .",NN,1912-1915,194,201,1914,1914,ef43cead_194_201|motiv|1914,[4],"[""4""]",4.0,1
classical,motiv,91181b4_0_7,"Motivet till morden var oklart , men ett polisbefäl säger till nyhetsbyrån ISNA att den sunnimuslimska organisationen Jund Allah ( Guds armé ) tagit på sig ansvaret i ett telefonsamtal till polisen .",NN,2006-2007,0,7,2006,2006,91181b4_0_7|motiv|2006,[4],"[""4""]",4.0,0
classical,motiv,e3de61fc_231_236,"dig benne att hämnäs hennes älskares trolöshet , emedan det var ban , som skudt Este till henne — hon bade förut hort lika förunderliga , halft nyckfullt ädelmodiga , halft ryaliga berättelser om maremmernas hjelte — ; men hvilket motiv han nu än hade , så var det Estea lif , det gälde , ooh hon , som så länge hade skydda !",NN,1880-1883,231,236,1883,1883,e3de61fc_231_236|motiv|1883,[4],"[""4""]",4.0,1
classical,motiv,915a0c5_0_7,"Motivet till sprängdådet är inte känt , men vakthavande vid kriminalpolisen säger att många för tillfället experi- menterar med bombrecept som sprids över internet .",NN,2006-2007,0,7,2006,2006,915a0c5_0_7|motiv|2006,[4],"[""4""]",4.0,0
classical,motiv,2e8d3fd_205_210,iscensatt Tassos roll utfördes af hr Elmlund hertigens af hr Hillberg och de båda Leonorornas af fruarna Dorsch Bosin och Rundberg Följde sedan — med tämligen tåla modspröfvande uppehåll — tre tablåer med motiv ur dikter af konungen Den,NN,1888-1891,205,210,1889,1889,2e8d3fd_205_210|motiv|1889,[3],"[""3""]",3.0,1
classical,motiv,28a05283_30_37,"Någon klar bild av vad som är motivet har inte kommit fram men det har under utredningen kommit fram att någon blivit rånad på en guldkedja , bråkats om en tjej och konflikt mellan olika gäng på – å ena sidan Lindängen å andra sidan Nydala och Hermodsdal .",NN,2018-2019,30,37,2019,2019,28a05283_30_37|motiv|2019,[4],"[""4""]",4.0,1
classical,motiv,2eac20b8_6_11,"Något motiv för sin gär ning kunde han ej uppgifva , ej heller erin rade han sig andra detaljer af händelserna 1 vedboden , än att han tog yxan och därmed högg till sin far .",NN,1904-1907,6,11,1905,1905,2eac20b8_6_11|motiv|1905,[4],"[""4""]",4.0,0
classical,motiv,7420dd5f_20_25,"Snarare torde deras motiv hafva varit att bespara sig själfva och konungen de bekymmer , som en vägran att godkänna det norska beslutet utan tvifvel skulle hafva medfört .",NN,1896-1899,20,25,1899,1899,7420dd5f_20_25|motiv|1899,[4],"[""4""]",4.0,0
classical,motiv,6a4e4232_111_116,"Wallander ; 2:o » Elgskytte för bandhund » , oljemålning af Johan Tirén ; samt 3:o ) » Höstdag efter dimma » , motiv från Södermanland , oljemålning af Edvard Bosenberg .",NN,1888-1891,111,116,1889,1889,6a4e4232_111_116|motiv|1889,[3],"[""3""]",3.0,2
classical,motiv,bed2b00d_111_116,"För öfrigt bjuder den illustrativa afleinin gen som vanligt på en serie synnerligen vackra bilder med växlande motiv , omsorgsfullt reproducerade oeh tryckta .",NN,1904-1907,111,116,1907,1907,bed2b00d_111_116|motiv|1907,[3],"[""3""]",3.0,0
classical,motiv,3ecac73_94_99,"Det gladdo honom att man gifvit honom ett så hjertligt mottagande ; man hade alltså skänkt de motiv , hvaraf han leddes , fullt erkänande .",NN,1896-1899,94,99,1897,1897,3ecac73_94_99|motiv|1897,[4],"[""4""]",4.0,0
classical,motiv,eb08a7c0_144_149,"Om någon tid — fram på sensommaren — utkommer från Albert Bonniers förlag ett nytt arbete af August Strindberg , kalladt » I hafsbandet » , med motiv från det yttre af Stockholms skärgård .",NN,1888-1891,144,149,1890,1890,eb08a7c0_144_149|motiv|1890,[3],"[""3""]",3.0,0
classical,motiv,c76d5b2_139_144,"När det gäller hela landet så handlar den största anmälda andelen hatbrott , 69 procent , om brott med främlingsfientliga eller rasistiska motiv .",NN,2014-2015,139,144,2015,2015,c76d5b2_139_144|motiv|2015,[4],"[""4""]",4.0,0
classical,motiv,7cd8a2c5_86_91,"Den lilla bok » Från Ålands skär » , som vi ha att anmäla , är bj ’ gd uteslutande på motiv ur skärgårdsfolkets lif .",NN,1896-1899,86,91,1899,1899,7cd8a2c5_86_91|motiv|1899,[3],"[""3""]",3.0,0
classical,motiv,f342d684_60_65,"Vi bedömer inte att Jan Johansson har eller hade rasistiska motiv men däremot anser vi att motionens att-satser bygger på okunskap i frågan . ” , skriver Köhler .",NN,2014-2015,60,65,2015,2015,f342d684_60_65|motiv|2015,[4],"[""4""]",4.0,0
classical,motiv,18f325bb_18_23,"Ett annat ledande motiv återfinnes i det stora , derpå följande recitativet , hvari Gurnemanz skildrar detta ridderskaps och Graal-templets uppkomst .",NN,1880-1883,18,23,1881,1881,18f325bb_18_23|motiv|1881,[6],"[""6""]",6.0,0
classical,motiv,8cead82f_35_42,"med en utvikande mening , utveckla motiven därtill och tå dem ; r I kollförda utan att behöfva riskera att bliua stämplad som fullkomligt okunnig och bliua utvisad Skulle •o advokat ej r.gi en n«H«in rätt ,",NN,1912-1915,35,42,1913,1913,8cead82f_35_42|motiv|1913,[4],"[""4""]",4.0,0
classical,motiv,189d6b1d_200_205,"I Konstföreningen äro utställda följande nya arbeten : » Kanal i Venedig » af W. v. Geyérfelt , » Barrskog » , motiv från Tjust af Oscar Törnå ; » Marin » af Albert Berg ; » Holländsk hamn och tvenne motiv från Rom » af Carl Skånberg ; » Marin » af C . O. Carleson ; » Interiör från Gripsholm » af Robert Nilsson ; samt » Skogsfararne » af Gustaf Brandelius .",NN,1880-1883,200,205,1883,1883,189d6b1d_200_205|motiv|1883,[3],"[""3""]",3.0,1
classical,motiv,d02f7b50_209_214,"I motiveringen säges , att frågan om provisoriska åtgärder för skattebördornas utjämning alltid affärdats med hänvisning till den snart förestående lösningen af kommunalskatteproblemet i dess helhet och samma motiv för afslag på vid denna riksdag i ämnet väckta förslag är att förvänta , ehuru leformema i fråga ännu kanske ligga i ett obe-",NN,1912-1915,209,214,1915,1915,d02f7b50_209_214|motiv|1915,[4],"[""4""]",4.0,1
classical,motiv,6ff20046_60_67,Drömmen om det politiska samförståndet är det enda tänkbara motivet till den svenska regeringens ooh unionskonungens godkännande af dessa förhandlingars resultat .,NN,1904-1907,60,67,1904,1904,6ff20046_60_67|motiv|1904,[4],"[""4""]",4.0,0
classical,motiv,d0ca736_4_9,"Som motiv till rymningen uppgaf han , att han vantrifdes på tolp täler och gripits af hemlängtan flan er kände att han under vägen hem gjort inbrott för att skaffa sig mat och kläder .",NN,1904-1907,4,9,1904,1904,d0ca736_4_9|motiv|1904,[4],"[""4""]",4.0,0
classical,motiv,d944c551_0_7,"Motivet till den föitvlflade handlingen torde vara att löka i en hastigt påkommen sinnesförvirring , hälst då P . under sista tiden varit dyster cok tystlåten .",NN,1904-1907,0,7,1905,1905,d944c551_0_7|motiv|1905,[4],"[""4""]",4.0,0
classical,motiv,f4a3d2b0_286_291,"Sveriges allmänna konstförening hade i går sitt tredje och sista inköp för inno varande år , då af 108 hembjndna arbeten följande 14 inköptes : » Vårlandskap » af Charlotte Wahlström ; » På väg till örnnästet » , af W. Smith ; » Skogsinteriör » , aqvarell af Anna Scholander-Boberg , » Motiv fråu Landsort » af G . Hafström ; .",NN,1888-1891,286,291,1888,1888,f4a3d2b0_286_291|motiv|1888,[3],"[""3""]",3.0,1
classical,motiv,002684d_28_33,"Nej , därunder glöder samma motiv , som vållade den våldsamma stormen , då jag t. ex. hade blottat den kolossala läkareskandalen i Stockholm , för att icke tala om föregående duster , där man nog gärna hade velat dränka mig i annat än trycksvärta , om det varit möjligt . ” Man väntar sig efter detta ett medgifvande af att hr W. blifvit missledd och att bevisen för hans påstående saknas .",NN,1904-1907,28,33,1906,1906,002684d_28_33|motiv|1906,[4],"[""4""]",4.0,1
classical,motiv,d6950cf8_27_32,Övriga tre allianspartiers motiv för detta agerande är i stället att visa väljarna att de tar strid mot det kontroversiella lagförslaget .,NN,2018-2019,27,32,2018,2018,d6950cf8_27_32|motiv|2018,[4],"[""4""]",4.0,0
classical,motiv,9c351279_231_236,"Låt vara , att ämnet ej alltid utfyller den breda ramen för 10 — 15 år sedan skulle det sannolikt ej blifvit gjordt mera än en kort novell af detta uppslag — aå behöfver det likväl ej vara straff på att göra en roman af ett novell motiv , om det blott göres underhållande .",NN,1896-1899,231,236,1899,1899,9c351279_231_236|motiv|1899,[3],"[""3""]",3.0,1
classical,motiv,9ae70dc_178_185,"27-åringen har redan sagt till polisen att han hade planerat dådet och att motivet var svartsjuka , men nu ska mannens föräldrar och flickvän höras för att få en klarare bild av motivet .",NN,2006-2007,178,185,2007,2007,9ae70dc_178_185|motiv|2007,[4],"[""4""]",4.0,0
classical,motiv,a4ecce0c_48_53,– Jag kan inte säga så mycket om de misstänktas motiv eftersom det finns få personer som ens skulle komma på tanken att störa gravfriden runt Estonia .,NN,2018-2019,48,53,2019,2019,a4ecce0c_48_53|motiv|2019,[4],"[""4""]",4.0,0
classical,motiv,1c4d8847_201_206,"Orsaken tiil högerns framgång ihufvudstaden förklarades i någon mån bero på , att Stockholmsbetolkningen vore rojalistisk ; hufvudorsaken vore emellertid rädsla för guldkrogarnas borttagande , hvilket motiv särskildt tillskrefs de liberaler , som röstat med högern , en beskyllning som föreningen » Försvaret främst » ej utan vidare torde vilja godtaga .",NN,1912-1915,201,206,1914,1914,1c4d8847_201_206|motiv|1914,[4],"[""4""]",4.0,1
classical,motiv,feb894a1_0_7,"Motivet till illdådet synes ha varit religiös fanatism , enär ett senare telegram omtalar , att mördaren tillhör den af shahen förföljda Babisekten .",NN,1896-1899,0,7,1896,1896,feb894a1_0_7|motiv|1896,[4],"[""4""]",4.0,0
classical,motiv,91a35dd8_54_59,"Hur gärningsmannen tog sig in på basen , eller vilket motiv han hade är ännu oklart , men enligt ett uttalande från USA:s försvarsdepartement så finns det inget som tyder på att det skulle ha varit en terrorattack .",NN,2014-2015,54,59,2014,2014,91a35dd8_54_59|motiv|2014,[4],"[""4""]",4.0,0
classical,motiv,9ac084f_110_115,"39.000 barn från fem år till femte klass ska avgöra om en ny barnspårvagn ska få djungel- , rymd- eller spök- motiv .",NN,2006-2007,110,115,2006,2006,9ac084f_110_115|motiv|2006,[3],"[""3""]",3.0,2
classical,motiv,38466c6e_128_133,"Bland dessa märkes ett stort "" Landskap från Småland "" af Törnå värderadt till 2,500 kr. , en större oljemålning med afrikanskt motiv af Axelson .",NN,1888-1891,128,133,1888,1888,38466c6e_128_133|motiv|1888,[3],"[""3""]",3.0,2
classical,motiv,40b638e2_89_94,"Från dessa trakter är det , man hör talas om öfverfall och våldsgerningar , hvilkas enda motiv emellanåt synes vara den mest djuriska råhet .",NN,1880-1883,89,94,1882,1882,40b638e2_89_94|motiv|1882,[4],"[""4""]",4.0,0
classical,motiv,a11dcb58_6_11,"Såsom motiv för detta yrkande anförde hr Eklund , att man genom ett rent afslag skulle ingripa allt för mycket i de resandes vanor och handlingsfrihet , ty ett faktum vore ju , att största delen af den resande allmänheten värkligen ville hafva ett glas öl eller vin till maten .",NN,1904-1907,6,11,1906,1906,a11dcb58_6_11|motiv|1906,[4],"[""4""]",4.0,1
classical,motiv,ae4b8b65_52_59,"Ett beslut som han då överklagade , bland annat med motivet att domkapitlet inte väntat på utgången av den pågående rättsprocessen .",NN,2014-2015,52,59,2015,2015,ae4b8b65_52_59|motiv|2015,[4],"[""4""]",4.0,0
classical,motiv,79fb7e8e_25_30,"Det saknas vidare hvarje motiv för att fru Taube förgiftat sin man , med hvilken hon lefvat ganska lyckligt , Åklagaren måste en gång komma till det resultat att en af de anklagade är oskyldig .",NN,1896-1899,25,30,1898,1898,79fb7e8e_25_30|motiv|1898,[4],"[""4""]",4.0,0
classical,motiv,7ff26f2a_79_84,"Er fördom emot honom är så mycket starkare , som ni icke kan tillskrifva honom motiv , hvilka äro svarta nog att passa till er teori .",NN,1880-1883,79,84,1880,1880,7ff26f2a_79_84|motiv|1880,[4],"[""4""]",4.0,0
classical,motiv,91aa07c7_150_155,Männen fälldes för mordförsök – en man och en kvinna skadades och parets tvååriga dotter fick svåra brännskador vid dådet som sägs ha haft rasistiska motiv .,NN,2010-2011,150,155,2010,2010,91aa07c7_150_155|motiv|2010,[4],"[""4""]",4.0,0
classical,motiv,bcf19e0a_200_205,"Att Napoleon fråntog Bernadotte en af hans divisioner , kunde väl lika väl bero på , att han behöfde den bättre på annat håll , men hos Napoleon har man naturligtvis alltid rätt att förutsätta lumpna motiv , det voi-e för enkelt annars !",NN,1896-1899,200,205,1899,1899,bcf19e0a_200_205|motiv|1899,[4],"[""4""]",4.0,1
classical,motiv,549f017f_181_186,"Oberättlgadt Sr det förtroende , som utan vidare lämnas annonser om ofelbara medel till förekommande och häfvande af sjukdomar , särskildt då medlens sammansättning » f egennyttiga motiv hemlighålles .",NN,1904-1907,181,186,1904,1904,549f017f_181_186|motiv|1904,[4],"[""4""]",4.0,0
classical,motiv,91a6dcfd_60_65,"Linjernas betydelse är ett omtvistat ämne – olika religiösa motiv , eller möjligen kommunikation med utomjordingar , har framlagts som möjliga förklaringar .",NN,2018-2019,60,65,2018,2018,91a6dcfd_60_65|motiv|2018,[4],"[""4""]",4.0,0
classical,skär,d549313b_81_85,jjden renaste och mildaste af alla toilett-tråiar åstadkommer efter kort bruk en skär hvit sammetslen hud Vid köp af mina fabrikater aktgifve man alltid p Firman,JJ,1896-1899,81,85,1897,1897,d549313b_81_85|skär|1897,[6],"[""6""]",6.0,1
classical,skär,26539f65_70_75,"brud , och bäcken med sorlande silfverlju I , när lifvet är ljust och skärt och ungt , högt sjunger sin säng i natten .",JJ,1912-1915,70,75,1913,1913,26539f65_70_75|skär|1913,[7],"[""7""]",7.0,1
classical,skär,234ab036_119_124,"Hennes stora , blå ögon vändes långsamt mot honom , och med en häftig rörelse af handen förde hon tillbaka den stora , skära hatten , h varvid en rikedom af ljus lockigt hår kom till synes .",JJ,1912-1915,119,124,1912,1912,234ab036_119_124|skär|1912,[1],"[""1""]",1.0,1
classical,skär,64c7505f_66_71,"åt inre borggården är kronprinsessans toilettrum med dekorering i skärt och blått och taket tapetseradt sorn “ spänd sol "" .",JJ,1880-1883,66,71,1881,1881,64c7505f_66_71|skär|1881,[1],"[""1""]",1.0,1
classical,skär,ce17d04a_183_187,"upptäckt geni och strax förutsagt , att du skulle göra ett lysande parti , och det har slagit in . ” ” Det är nog sant , ” svarade lady Egerton skrattande , men hennes skratt hade en skär , hemsk klang .",JJ,1880-1883,183,187,1882,1882,ce17d04a_183_187|skär|1882,[3],"[""3""]",3.0,1
classical,skär,37542773_104_109,"Det blir ett helt regnbågspanorama — i den mån blommorna kunna återge det — af gult , orange , rödt oeh skärt , blått och lila samt hvitt .",JJ,1912-1915,104,109,1913,1913,37542773_104_109|skär|1913,[1],"[""1""]",1.0,1
classical,skär,a502d61_253_257,""" Lugnet "" eller den nyanlagda » vägen uppför den mödosamma "" garderobstrappan "" , stannar man ofriwilligt och later blicken med wälbehag öfwerfara den hänförande tafla , som utbreder sig under en ; man märker genast , att luften här är än mera frist , skär och ren , än i staden — en werklig balsam för s » vaga lungor .",JJ,1880-1883,253,257,1881,1881,a502d61_253_257|skär|1881,[8],"[""8""]",8.0,0
classical,skär,bada5cfc_110_115,sin afsesa till utlandet genom sin statsfru till generalen grefve Lagerberg öfverlemna en praktfull bukett af skära och gula törnrosor och nejlikor .,JJ,1896-1899,110,115,1899,1899,bada5cfc_110_115|skär|1899,[1],"[""1""]",1.0,1
classical,skär,749e8cda_426_430,"af den härliga melodien , hvilken återgafs med den illusoriskt uaturirogna & gt ; vox virginia » på andra manualen , under det ackom pangemanget spelades med venster hand på deli första och de mest halsbrytande variationer ( ifalidetta uttryck ej är allt för vågadt om en orgel , spelares fotter ) utfördes på pedalen — det hela sammansmältande till en skön , idérik harmoni genom hvilken den » jungfruliga Irösten » klingade skär oeh ren som i skapelsens morgon .",JJ,1880-1883,426,430,1880,1880,749e8cda_426_430|skär|1880,[3],"[""3""]",3.0,0
classical,skär,109a85d1_104_109,"tanke har immat öfver denna själs spegel ; blotta benämningen synd skyr hon att uttala ; hennes namn är skärt och “ klart som Dianas anlete "" .",JJ,1880-1883,104,109,1883,1883,109a85d1_104_109|skär|1883,[6],"[""6""]",6.0,1
classical,skär,6bc9a286_213_217,"u af Rysslands förnämsta adelsfamiljer , var aa öfver all beskrifning egendomlig kvinna , lastan hon var tjugosju år gammal , hade hennes utseende dock bevarat sin förtjusande , nästan barnsliga friskhet- Hyn var skär som en äppc-lblomma , med densammas tjusande skiftningar i kvitt och lju » rödt , och dragen fina och skarpt skurna .",JJ,1912-1915,213,217,1913,1913,6bc9a286_213_217|skär|1913,[1],"[""1""]",1.0,0
classical,skär,7ec8d1c8_60_64,"— Ni gör visst icke något intrång , mr Vecquerary , anmärkte hon ljuft , och derpå spred sig en skär rodnad öfver hennes ansigte , som om hon halft ångrat , att hon sagt detta .",JJ,1896-1899,60,64,1899,1899,7ec8d1c8_60_64|skär|1899,[1],"[""1""]",1.0,1
classical,skär,96393877_468_476,"denna det ifrågavarande styckets med sina syskon gemensamma ursprungliga egenskap af läsdram bör man icke stötas af dess brister i afseende på den dra matiska anläggningen med deras många , den enkla hufvudhandlingen störande utväxter af för densammas utveckling onödiga changementer och dialoger af tvifvelaktig komik mellan styckets » lustiga personer » , utan taga det för hvad det är : ett litet mästerstycke af fin , psychologisk iakttagelse , genomandadt af den skäraste poesi .",JJ,1880-1883,468,476,1882,1882,96393877_468_476|skär|1882,[6],"[""6""]",6.0,0
classical,skär,9ee3da2_135_140,"men säkert är det ljuft ändå att säd för evigheten så i dessa hj ertan , dessa unga ; att genom Jesu Kristi lära för barnen visa denna skära och strålande konstellation , sorn heter kärleken och tron ; att invid Evangelii ljus gladt tända hopp i tidens hvimmel , ljuft öppna utsigt till Guds himmel , till landet fjerran jördens grus , sorn icke ses af kroppsligt öga , ej danats utaf stoft och dam , nej I ler ur evigheten fram och vinkar Anden till det Höga .",JJ,1880-1883,135,140,1882,1882,9ee3da2_135_140|skär|1882,[7],"[""7""]",7.0,0
classical,skär,57884475_58_63,"Och Berta var det finaste och skönaste Per visste , något skärt , oåtkomligt , som det var omöjligt få skifta smörgås med .",JJ,1912-1915,58,63,1912,1912,57884475_58_63|skär|1912,[7],"[""7""]",7.0,1
classical,skär,310e84dc_76_81,"gröna och läckert hvita damtoaletter , alia dessa hvita mössor och röda oeh skära hattar och parasoller , allt detta gyllengula oeh himmelsblå skulle lyst och skrattat och gjort sinnet muntert och hågen lätt och glad i färgglädje och skönhetsstämning , om det bara hade varit litet sol öfver det hela .",JJ,1896-1899,76,81,1898,1898,310e84dc_76_81|skär|1898,[1],"[""1""]",1.0,0
classical,skär,e9d719a4_70_74,"hvitklädd , blomstersmyckad och uppvaktad af sina tjenarinnor , är en skär , eterisk , formskön bild .",JJ,1880-1883,70,74,1882,1882,e9d719a4_70_74|skär|1882,[6],"[""6""]",6.0,1
classical,skär,c8f4c7ed_54_58,"' vacker blondin med smärt och smidig figur , fin och skär hy , ljusbrunt hår och blå ögon .",JJ,1896-1899,54,58,1896,1896,c8f4c7ed_54_58|skär|1896,[6],"[""6""]",6.0,1
classical,skär,a5de7ef8_50_54,"som står först i samlingen , är en liten ren ocli skär perla af sagodikt , lika väl som den mer utförliga "" Från grufva och smedja "" , ja "" , och "" Kung Alarik och prinsessan Dunsa "" rymmer med en rätt amper sidolärdom ett lika nöjsamt sagostoff , som den ömma och ömhetsväckande » Du hade rätt , lilla dufva "" .",JJ,1880-1883,50,54,1883,1883,a5de7ef8_50_54|skär|1883,[6],"[""6""]",6.0,0
classical,skär,5c719c3_267_272,Om vindar hemskt omkring knuten eno om bladen falla till dödens ro om ufvar hvissla och trollen tissla och mörkret sveper kring myr och mo jng kan väl ändå på våren tro Skall sinnet härjas af ve och sorg och kvalen herrska i hjertats borg skall köld förtära den rena skära och veka spirande kärlekstro då skymmer den eviga höst mitt bo,JJ,1896-1899,267,272,1897,1897,5c719c3_267_272|skär|1897,"[6, 7]","[""6"", ""7""]",,0
classical,skär,5785d59b_56_60,"Så en vacker morgon kom grisen , uppsprättad så fin och skär rödlett , renskrapad och rentvättad , att mas inte ett ögonblick tänkte på , att han ett par dar förut gått svart och smörjig och grymtat i en gödselhög .",JJ,1912-1915,56,60,1912,1912,5785d59b_56_60|skär|1912,[1],"[""1""]",1.0,1
classical,skär,6a22d053_7_11,"ljus , skär eupéklädning , ooh dessutom för tio shilliog handskar , ty hon visste , att miss Wern dover ty ek te örn att se vaekra handskar på de",JJ,1880-1883,7,11,1883,1883,6a22d053_7_11|skär|1883,[1],"[""1""]",1.0,1
classical,skär,af84b108_21_25,"Om oss där till mötes träder Änglalikt i dräkt så skär Väsen , som oss alla gläder , — Det vår kära Ellen är .",JJ,1896-1899,21,25,1899,1899,af84b108_21_25|skär|1899,"[6, 7]","[""6"", ""7""]",,1
classical,skär,ac46d668_150_154,"den tempelkära svalan vittnar det , jämt byggande sitt bo , att himlens ande det hemmet hägnar Där svalan bor och bygger , har jag funnit , är luften skär och mild .",JJ,1896-1899,150,154,1896,1896,ac46d668_150_154|skär|1896,[8],"[""8""]",8.0,1
classical,skär,d0e112ca_39_43,"komma fram och ställa sig , leende och skär för blicken , och hvarför skulle också slagorna börja tala ?",JJ,1896-1899,39,43,1899,1899,d0e112ca_39_43|skär|1899,[6],"[""6""]",6.0,1
classical,skär,04624fc4_35_43,"Hennes kinder voro nn skära som de skäraste rosor , och hennes ögon strålade som stjärnor .",JJ,1912-1915,35,43,1913,1913,04624fc4_35_43|skär|1913,[1],"[""1""]",1.0,1
classical,skär,e2a02401_19_24,"hjertan , falla af skära , rena , halft oförstådda känslor , der det goda ännu är förherskande och det låga vet att blygas !",JJ,1896-1899,19,24,1896,1896,e2a02401_19_24|skär|1896,[7],"[""7""]",7.0,1
classical,skär,8cef3262_82_87,"Vanligtvis lade han från sig penseln , torkade af de färgsolkiga fingrarna på den skära kretengardinen och gick några steg från taflan , för att se hur det tog sig ut .",JJ,1912-1915,82,87,1913,1913,8cef3262_82_87|skär|1913,[1],"[""1""]",1.0,1
classical,skär,822dc7e4_21_25,"Och texten , fin och skär i målande stämningar , för osökt in i Lcksandsvårens oförlikneliga skönhet , sä ock i dess sommars prakt och ljufhet .",JJ,1912-1915,21,25,1915,1915,822dc7e4_21_25|skär|1915,[6],"[""6""]",6.0,1
classical,skär,744c86d8_13_18,"Ha » har ett skärt och hvitt finmejslat , lugnt ansikte med ett lifligt , vanligt småleende , med energi om mun oeh haka , med klara , kloka ögon , ■om blicka fast men sympatiskt lyssnande på den han talar med — en fint böjd näsa , små smala svarta mnstacher böjda ned öfver mungiporna och en svart hårkrans kring flinten .",JJ,1912-1915,13,18,1913,1913,744c86d8_13_18|skär|1913,[6],"[""6""]",6.0,0
classical,skär,f5d27c4c_157_162,"Han har med sitt uppkammade titta , blanka , svartbruna hår öfver den höga rundade » fantasipannan » , de finbågade glasÖgonen på den ratt långa näsan , den skära och hvita hyn , det mediterande uttrycket , något i ansökts läggningen som fr.r tanken till en annan ung bonde vid namn Molin , ochså ångermanländing ; man tanker pa idalen Kanske en släkting till",JJ,1912-1915,157,162,1912,1912,f5d27c4c_157_162|skär|1912,[6],"[""6""]",6.0,0
classical,skär,ddbfef0c_168_172,"och vemodigt , har han skildrat Struensees förhållande till den lilla kammatjungfrun Ester Gabel , hvilken , jämteden unga geheimorådinnan de Gabel , är tecknad mod en skär poesi af rörande fägring- Hr Lundegårds stil är , sera alltid , klangskön .",JJ,1896-1899,168,172,1899,1899,ddbfef0c_168_172|skär|1899,[6],"[""6""]",6.0,1
classical,skär,18310b6b_135_140,435 lärarinnor vid Stockholms olikafolkskolor öfversände på fredagen till drottningen ute pä Drottningholm en praktfull jättebukett af skära nejlikor .,JJ,1912-1915,135,140,1914,1914,18310b6b_135_140|skär|1914,[1],"[""1""]",1.0,1
classical,skär,faf4b77_37_41,"är icke stor , men klangrik , rund , skär och sympatetisk ; föredraget rätt känsligt oell varmt , men ännu besväradt af en viss bundenhet , sorn icke låter de resurser , sångerskan äger , göra sig fullt gällande .",JJ,1880-1883,37,41,1881,1881,faf4b77_37_41|skär|1881,[3],"[""3""]",3.0,1
classical,skär,234b78a9_13_18,"Shakespeares skära , djupt tragiska kärlekssaga , Romeo och Julia , tolkades i lördags afton å härvarande teater af Lindrothska sällskapet .",JJ,1912-1915,13,18,1912,1912,234b78a9_13_18|skär|1912,[6],"[""6""]",6.0,1
classical,skär,318c8124_131_136,"Vid sidan derom ligga kejsarens och kejsarinnans toalettrum , i rödt och resedafärg , och en liten korridor leder derifrån till den gemensamma salongen , hållen i skära , hvita färger med rika förgyllningar , och der bredvid har kejsarinnan två små kabinett , utstyrda med lin elegans , öfverfylda af blombord , etagerer o. s. v. , så att man knappt kan röra sig .",JJ,1896-1899,131,136,1896,1896,318c8124_131_136|skär|1896,[1],"[""1""]",1.0,0
classical,skär,ee6cb643_124_128,"Eller också om den manliga parten , såsom ofta händer , begagnade snus i näsan och kommé och stspke ett par tag öfver liten skär och fager uppnäsa .",JJ,1912-1915,124,128,1912,1912,ee6cb643_124_128|skär|1912,[6],"[""6""]",6.0,1
classical,skär,b4a3d22a_68_72,"frågade hon icke ens , örn herrarne hade lust att taga lotter på en skär nåldyna , utan fuktade blott spetsen af sin blyertspenna och frammumlade småleende en fråga örn , hvilka nummer hon finge anteckna .",JJ,1880-1883,68,72,1881,1881,b4a3d22a_68_72|skär|1881,[1],"[""1""]",1.0,1
classical,skär,3a7c6270_219_224,"för bortskämd och man måste erkänna att i denna vemodigt tunga konstnärsskildring finnas sidor af en obeskriflig charme , af en utsökt finess och en vekt drömmande stämning , som måhända ingen mer än Hallström nied sin skära , spröda språkbehandling kunnat så väl åstadkomma .",JJ,1896-1899,219,224,1898,1898,3a7c6270_219_224|skär|1898,[6],"[""6""]",6.0,0
classical,skär,01624c6c_54_58,"» Lita icke på sådana qvinnor , som hafva svart hår , skär hud och blå ögon » .",JJ,1880-1883,54,58,1883,1883,01624c6c_54_58|skär|1883,[6],"[""6""]",6.0,1
classical,skär,2b7c0a0f_79_83,den renaste och mildaste af alla toilett-tvålar åstadkommer efter kort bruk en skär hvit sammetslen hud Vid köp af mina fabrikater aktgifve man alltid på Firman,JJ,1896-1899,79,83,1898,1898,2b7c0a0f_79_83|skär|1898,[6],"[""6""]",6.0,1
classical,skär,040d96cd_39_43,Detla omdöme gäller äfven betr. det af skär poesi dallrande » Det biå landet » .,JJ,1912-1915,39,43,1913,1913,040d96cd_39_43|skär|1913,[6],"[""6""]",6.0,1
classical,skär,9e2588af_16_20,"öga framträda i skär belysning de växlande bilderna från den period af lifvet , då ännu framtiden hägrade i rosenrödt , då löjet ännu icke förfrusit i de svikna drömmarnas , de gäckade förhoppningarnas etterkalla område .",JJ,1896-1899,16,20,1896,1896,9e2588af_16_20|skär|1896,[6],"[""6""]",6.0,1
classical,skär,407d0d26_62_66,"af Westergötland var klädd i enkel , utmärkt vacker toilett i skär sidenbrokad med guldbroderier .",JJ,1896-1899,62,66,1898,1898,407d0d26_62_66|skär|1898,[1],"[""1""]",1.0,1
classical,skär,3883a86e_290_295,"qr « pert och Madapoiam ™ en rester af Almedahls Duktyger ( a mt Kökshandduksväf rft fintrådig bandväfd 75 öre pr mtr ster 26 och 30 öre pr mtr kostat Kr 10 och 16 pr luft säljes » 7 » 10 » » Trikå varor r 6 6 , 75 6 8 säljas till Kr 3 .25 8 , 75 4 6 , 50 nger Veloeipedbyxor Damstrumpor r skära och hvita ä 40 och 60 öre pr st t 0",JJ,1896-1899,290,295,1898,1898,3883a86e_290_295|skär|1898,[1],"[""1""]",1.0,2
classical,skär,8a054516_9_13,"ljus och skär — du lilla , bruna ollonborre , mås-ie gömrnn dig vid sidan af henne — stor — han lyfte u~p handen nästen i jämnhöjd med sitt eget hufvud — tung och trmd , äkta pommtrik",JJ,1912-1915,9,13,1913,1913,8a054516_9_13|skär|1913,[6],"[""6""]",6.0,1
classical,skär,0bf586eb_58_62,"hans ram , och efter hans : » Stigpål » kom hon in med en skär rodnad på kinderna och den återvändande hälsans blyga behag ntbredt öfver hela sin varelse .",JJ,1896-1899,58,62,1899,1899,0bf586eb_58_62|skär|1899,[1],"[""1""]",1.0,1
classical,skär,15644f6d_147_152,"Högre upp och längre utåt ligga villor , lika juvelskrin som förstorats och tagits till bostäder samt inbäddats i palmer , rosor och pelargonior , skära eller flammande röda .",JJ,1912-1915,147,152,1912,1912,15644f6d_147_152|skär|1912,[1],"[""1""]",1.0,1
classical,skär,c5567462_210_218,"Öfver denna enkla handling har Wagner broderat en musikalisk skrud , underbart rik i sina färger och figurer , där den mänskliga stämman och orkesterns alla instrumenter , som han förstått afvinna sina finaste skäraste välljud smälter samman i den högsta ädlaste patos till en jubelhymn , den högtidsfullaste öfver kärlekens eviga allmakt .",JJ,1912-1915,210,218,1913,1913,c5567462_210_218|skär|1913,[3],"[""3""]",3.0,0
classical,skär,1dcfd338_53_58,Ylle- och Bomullsgarner till Strumpor samt hvita och skära Garner till Tröjor är till åter inkommet och såiljes billigt hos,JJ,1880-1883,53,58,1882,1882,1dcfd338_53_58|skär|1882,[1],"[""1""]",1.0,1
classical,skär,1c009088_296_301,"Därefter tågade brudparet , företrädda af kyrkoinguskalkarna och en dala-spelman och sedan kom den vackra raden ar tärnor med charmanta buketter af luktärter med skära sidenband , hvilka väl stämde ötverens med tärnornas livita dräkter och skära skärp , bruden bar - en sällsynt vacker bukett af skära rosor .",JJ,1912-1915,296,301,1915,1915,1c009088_296_301|skär|1915,[1],"[""1""]",1.0,0
classical,skär,560a7d4b_0_5,"Hela himlen i norr färgad af skärt , orange och violett , de aflägsna bergstopparne norrut lysande i prunkande färger , vattnet förgyldt , då man vänder sig mot den dolda ljuskällan , matt blåaktigt mot söder , Gesundaberget dominerande med sin väldiga massa i dunkelt indigo .",JJ,1896-1899,0,5,1897,1897,560a7d4b_0_5|skär|1897,[1],"[""1""]",1.0,1
classical,skär,7203ce26_76_81,"hvari arrangeras skära rosor och d:n ärtblommor , samt från tre liall duhUa skära sid-nband ( 1 2 cm .",JJ,1912-1915,76,81,1914,1914,7203ce26_76_81|skär|1914,[1],"[""1""]",1.0,1
classical,skär,e042500b_17_22,"gullpapper och i skära oell röda silkesark , ty äfven de skola i år lia julgran och ämna pynta ut den så grant de kunna .",JJ,1896-1899,17,22,1899,1899,e042500b_17_22|skär|1899,[1],"[""1""]",1.0,1
classical,skär,04cf9589_130_135,"Med en snabb rör-l-e tog han bo ketten i flykten , undersökte den med monok In Vadande något galant ätventyr vecklade han upp det skära papperet , och hans hiärta slog i dub bel t kt .",JJ,1912-1915,130,135,1912,1912,04cf9589_130_135|skär|1912,[1],"[""1""]",1.0,1
classical,skär,b5e02627_63_67,É3 e mildaste af alla toiletttvHJjr mi ofter lcort ' » rtik en skär hvit sammetslen hud Vid köp f ifbiktktif,JJ,1896-1899,63,67,1898,1898,b5e02627_63_67|skär|1898,[6],"[""6""]",6.0,1
classical,skär,2b690b6a_195_200,"* Alldeles samma taktik följa samtliga högerbladen , hvilka liksom i kör ropa : , Den nya föreningen är en vensterförening ; gån för ali del ej in i densamma , örn Ider icke viljen vara rena och skära vonstermän !",JJ,1880-1883,195,200,1883,1883,2b690b6a_195_200|skär|1883,[8],"[""8""]",8.0,1
classical,skär,234972a0_148_152,"» Nonsens 1 Håll en smörblomma bredvid en af de där vackra , skära azaleorna , du visade mig häromdagen , få du sel Å , den som ändå finge en sådan skär klänning !",JJ,1912-1915,148,152,1912,1912,234972a0_148_152|skär|1912,[1],"[""1""]",1.0,1
classical,skär,6bc842ae_8_13,"Med den skära Cinnsou rambler har man i Dammark gjort underbara sffefc ter på balkongträdgänlarnu , och den göi sig nästan ännu bättre om den får en fritt stående stolpe för sig ensam i trädgården För att nu inte tala om Clematis , b !å som hennes öga — det är den enda värdiga liknelsen .",JJ,1912-1915,8,13,1913,1913,6bc842ae_8_13|skär|1913,[1],"[""1""]",1.0,0
classical,skär,ddde6141_191_195,"bord och stolar af mahogny i 1830 talets etil , blomsterställ från fröken Svanberg , konungens porträtt , arbeten i messing från Gusum , skålar af Gustafsbergsporslin , skär sidentoalett och skär plyschkappa , fordrad med hvitt skinn från Lundin , blomstergarnityr och hatt från Folcker , solfjädrar från Ehrlin och Leja , äkta spetsnäsduk , parfymer från Barnängen .",JJ,1896-1899,191,195,1899,1899,ddde6141_191_195|skär|1899,[1],"[""1""]",1.0,0
classical,skär,d62a38fa_69_74,"sig behagligt utefter hennes smärta gestalt , och lockarne smekte de skära kinderna , när hon nägot böjde sig och pädrog de lilas färgade handskarne .",JJ,1880-1883,69,74,1881,1881,d62a38fa_69_74|skär|1881,[1],"[""1""]",1.0,1
classical,skär,562d233c_101_105,"En ung flicka hade intet annat skäl att anföra för sitt tidiga giftermål , än att ” det skulle blifva så roligt komma i skär sidenklädning på annandagsbröllopet ” .",JJ,1896-1899,101,105,1896,1896,562d233c_101_105|skär|1896,[1],"[""1""]",1.0,1
classical,skär,c1f79e93_77_81,"är svår , — Om det än är dödens — när man såsom denne yngling går , Blid och skär igenom lifvet , utan mycken samlad skuld , Brydd för döden nied sitt hjertås ocb sitt hufvuds bästa guld .",JJ,1880-1883,77,81,1883,1883,c1f79e93_77_81|skär|1883,[7],"[""7""]",7.0,1
classical,skär,826ad9cf_102_106,"Den lilla grefvinnan Helene var nu 19 år gammal och hade vuxit upp till en vacker ung Hicka med fin , skär hy , yppigt mörkt hår och strålande bruna ögon .",JJ,1896-1899,102,106,1896,1896,826ad9cf_102_106|skär|1896,[6],"[""6""]",6.0,1
classical,skär,75b7dd4a_105_110,"henne , ocb nästan tvingade henne dricka vin , och för hvarje glas gladde det hans öga att se , huru den skära rodnaden , åter kom på hennes kinder .",JJ,1880-1883,105,110,1883,1883,75b7dd4a_105_110|skär|1883,[1],"[""1""]",1.0,1
classical,skär,03857179_37_42,"På de finhylta kinderna blommade två skära rosor — lungsotens säkra tecken , då den bleka färgen skiftar därinnanför , och det insjunkna , förr så jungfruligt runda bröstet , höjde sig fort och ansträngdt .",JJ,1912-1915,37,42,1914,1914,03857179_37_42|skär|1914,[1],"[""1""]",1.0,1
classical,skär,28ef393_0_5,"skära och angenäma rösten , det musikaliska föredraget , det nästan fransyskt behagfulla spelet som sångerskans vackra yttre .",JJ,1880-1883,0,5,1882,1882,28ef393_0_5|skär|1882,[3],"[""3""]",3.0,1
classical,skär,b25c27cd_128_133,"Vid ständigt brak gifter den väldoftande YVT-Tvålen en frisk och fraieh anletshy , framkallar ett lätt rosenskimmer i den hvita skära huden och gör d9nsamma elastisk , mjuk , klar ooh ungdomlig .",JJ,1912-1915,128,133,1915,1915,b25c27cd_128_133|skär|1915,[6],"[""6""]",6.0,1
classical,skär,a6728750_63_68,"Stort lager af Vadstena patentstickade Yllekoftor och Yästar , skära och hvita Ylletröjor , Hnfvor och Bukar , Muddar och Strumpor , Ylleflltsclialar , god qvalité , Mansylleviistar , Ylletröjor och Kalsongei ’ , Jaeger , Snör- och Arbetsskjortor , Arbetskläder af Vadmal , Mollskinn , Tvinn- och Krafttyger .",JJ,1888-1891,63,68,1891,1891,a6728750_63_68|skär|1891,[1],"[""1""]",1.0,0
classical,skär,b13a033d_234_239,"Till venster ligger en liten sjö ; kängpilar doppa sina gröna fransar i dess vatten ; bia Iris bada vid stranden ; mango- och brasilianska acaciaträd utestänga hvarje flägt , och på dess yta simma mörka neckrosblad , under det att de skära blommorna på långa stjelkar spegla sina kronor i det lugna vättnet .",JJ,1888-1891,234,239,1889,1889,b13a033d_234_239|skär|1889,[1],"[""1""]",1.0,0
classical,skär,bcc7dcaa_14_18,"Hennes hy var skär och hvit , ansigtet blekt men icke magert med stora vattenblå ögon ; hon var klädd i avart och talade tyst och dämpadt som i en kyrka .",JJ,1888-1891,14,18,1890,1890,bcc7dcaa_14_18|skär|1890,[6],"[""6""]",6.0,1
classical,skär,3592065_30_34,"Hennes ansikte- såg ut som en skär ros i sin inörqa infattning af glänsande sobel och mjukt hår , som gick i samma svärhbiruna nyans , som pälsverket .",JJ,1904-1907,30,34,1905,1905,3592065_30_34|skär|1905,[1],"[""1""]",1.0,1
classical,skär,f8495b96_27_32,"Einnekulieblommans förr så skära kinder voro bleka som sipporna vid hennes fötter , der hon nu med sorgbundet anlete närmade sig grottan för att fullgörs sitt sista värf för dagen .",JJ,1888-1891,27,32,1888,1888,f8495b96_27_32|skär|1888,[1],"[""1""]",1.0,1
classical,skär,faa4c0a0_264_269,"såväl Svenska som Stuttgartertillverkningar , nu inkommit stort sortiment : Herrtröjor , halfylle , utmärkt qvalité 1,80 st. d:o helyllo » » 2 , 75 » Herrkalsongcr , bomulls , ( fmstickade ) 1,75 » d:o halfylle 2,50 » d:o holyllo ( : _ . normall 3,50 » Damyllelif skära och hvita 8 kr .",JJ,1888-1891,264,269,1891,1891,faa4c0a0_264_269|skär|1891,[1],"[""1""]",1.0,2
classical,skär,d6403914_53_58,"Jag blef stel af förvåning , ty där , omramadt af de skära aprikosblommorna , såg jag det ansikte som oupphörligt förföljt mig nästan ett år — ansiktet på målningen i Martindale House .",JJ,1904-1907,53,58,1906,1906,d6403914_53_58|skär|1906,[1],"[""1""]",1.0,1
classical,skär,a2d84dcd_42_46,"st ; linneborddukar , stora till 1 , 25 ; skär och gul silkekrenatin , passande till insättningar och som kostat 2 , 50 , säljes nu till 1,25 per aln ; samt inberäknadt med alla till affären hörande artiklar , såsom krås , remsor , brocher , baud , spotsar , vantar , knappar m . m . Hamburger.Magasinet ,",JJ,1888-1891,42,46,1888,1888,a2d84dcd_42_46|skär|1888,[1],"[""1""]",1.0,2
classical,skär,e32016b8_18_25,"Då stod törnrosen skärast om kinden , då tog göken sin mjukaste ton , då kom doften som rikast med vinden ifrån viidbins och getingars bon .",JJ,1904-1907,18,25,1904,1904,e32016b8_18_25|skär|1904,[1],"[""1""]",1.0,1
classical,skär,e8f43687_185_189,"Författaren har framstält denna saga i modern form och omklädt den samma i nutida åskådning Och han har lyckats förträffligt , ty ett mera älskligt och tilltalande skådespel , fullt af skär och fin poesi , omvexlande mea realistiska och rama verkligheter ( l ) , får man sällan se framställas från scenen ( ! ! ! ) .",JJ,1888-1891,185,189,1888,1888,e8f43687_185_189|skär|1888,[3],"[""3""]",3.0,0
classical,skär,1c30ae2b_47_51,"Som marmordufvan öfver kulle grön , Så ren och skär som hiertats ljufsta bön , Tycks höja vingarne till flygt från gruset , Så ock i detta vansklighetens land Lyft dina vingar , o min själ , ibland Till flygt mot evighetens verld i ljuset !",JJ,1888-1891,47,51,1889,1889,1c30ae2b_47_51|skär|1889,[7],"[""7""]",7.0,1
classical,skär,5714184c_55_59,Om några korta stunder mitt öga bländas af en glans så skär : på hvita vingar öfver gröna lunder mot höjden sväfvar hela himlens här .,JJ,1888-1891,55,59,1890,1890,5714184c_55_59|skär|1890,[6],"[""6""]",6.0,1
classical,skär,65c0918_73_78,"Bland kransarne märktes en från konungen och drottningen , sammansatt af skära rosor , hvita oell skära liljor med cykasblad och broda , guldfransade , hvita sidenband , försedda nied konungens oell drottningens krönta namnchiffer i guld .",JJ,1904-1907,73,78,1907,1907,65c0918_73_78|skär|1907,[1],"[""1""]",1.0,1
classical,skär,a80845e5_61_66,"pande klädning , hvilken ytterligare förhöjde behaget af den skära rodnaden på hennes kinder och af hennes gulgula hår , hvilket strålandeen gloria , svallade ner under en kokett upplastad slöja .",JJ,1888-1891,61,66,1888,1888,a80845e5_61_66|skär|1888,[1],"[""1""]",1.0,1
classical,skär,92e6030f_176_181,"Är det icke obehagligt att se ett fruntim mer af en viss ålder klädt i skära eller ljusblå hattar , musslinsklädningar , djerft färgadt bår , kindben lillsmetado med hvitt oeh skärt , läpparna färgade rosenröda , ögonbrynen och ögonen förstorade med svart ?",JJ,1888-1891,176,181,1891,1891,92e6030f_176_181|skär|1891,[1],"[""1""]",1.0,1
classical,skär,56848e0_99_103,"Hon kom i sin slitna gamla kappa , liten och tunn som vanligt , men hon bar hufvudet högre och var skär om kinderna , och ögonen lyste så varma och mörka .",JJ,1904-1907,99,103,1905,1905,56848e0_99_103|skär|1905,[1],"[""1""]",1.0,1
classical,skär,77551d0e_258_262,"På germansk botten har denna högtid sammansmält med den urgamla midvinterfästen och blifvit en familjens , en hemmets högtid framför alla andra , en högtid , som kanske ■ ej minst genom sina förberedelser och genom sin glädje i gifvandet bringar en fläkt af skär poesi i koja och slott .",JJ,1904-1907,258,262,1907,1907,77551d0e_258_262|skär|1907,[3],"[""3""]",3.0,0
classical,skär,f3265c2_118_123,"Men ute påen gräsmatta stod en ensam skär hagtorn , ett helt litet träd med stam och krona , öfversålladt af sina små skära rosenklungor som örn det velat blomma all sommarens färg och glädje ut öfver gården .",JJ,1904-1907,118,123,1907,1907,f3265c2_118_123|skär|1907,[1],"[""1""]",1.0,1
classical,skär,013754d9_231_236,"Så blir det blått , som en nordisk sommarhimmel , det blir gult , det blir grönt som hafvet ; det leker genom alla färgskalans nyanser , alla dess finaste schatteringar , det är violett , orange , lilas , det är stålgrått , det är skärt som rosens finaste blad , och slutligen hvitt som den hvitaste snö .",JJ,1888-1891,231,236,1889,1889,013754d9_231_236|skär|1889,[1],"[""1""]",1.0,0
classical,skär,a13946d2_140_145,"För 2 : 50 finns det en hel del att välja på , bland annat några variationer i lilas , hvit och grått — ljusblått , hvitt och mattgrönt , — skärt , hvitt och ljusgrönt o. s. v. — något af det finaste och sötaste jag sett i detta virrvarr af moderna sommarsidentyger .",JJ,1904-1907,140,145,1907,1907,a13946d2_140_145|skär|1907,[2],"[""2""]",2.0,0
classical,skär,9223d4aa_198_202,"Den nya årgången inledes med ett urval ur » Bröderna Grimms sagor » , denna med rätta så högt värderade , direkt från folkmun hämtade germaniska sagoskatt , utmärkt genom både humor och tankedjup , skär poesi och oförargliga upptåg .",JJ,1904-1907,198,202,1905,1905,9223d4aa_198_202|skär|1905,"[3, 6]","[""3"", ""6""]",,1
classical,skär,3f53be08_107_112,eldvattnets eller andra rusdryckers inflytande antar de viimjeligaste former och huru naturens jungfruligt skära midsommardräkt nedsudlas och fläckas af rusiga händer !,JJ,1904-1907,107,112,1904,1904,3f53be08_107_112|skär|1904,[7],"[""7""]",7.0,1
classical,skär,81d55eb3_192_197,"Södra järnvägsstationen har invändigt blifvit uppsnyggad och ter sig nu i det inre mera tidsenligt Ett omfattande målningsarbete har försiggått , och vestibulen med sin gröna , höga panel och skära väggar gifver ett gladt och behagligt intryck .",JJ,1904-1907,192,197,1907,1907,81d55eb3_192_197|skär|1907,[1],"[""1""]",1.0,0
classical,skär,7d02111d_103_108,"Och nu höjde körén » de åtta saligheternas » ( Kristi bergspredikan ) sång , med melodier så sköna och skära , att de aldrig skola kunna glömmas .",JJ,1888-1891,103,108,1890,1890,7d02111d_103_108|skär|1890,[3],"[""3""]",3.0,1
classical,skär,e50f2436_83_88,"Nu när han såg henne på så nära håll beundrade han hennes vackra blå ögon , hennes skära kinder och hennes lockiga hår .",JJ,1904-1907,83,88,1907,1907,e50f2436_83_88|skär|1907,[1],"[""1""]",1.0,1
classical,skär,8c230839_261_269,"Vi hade redan kommit så högt uppe , att vi rundt omkring oss sågo e » hel rad af bärgtoppar , vi stego alltjämt högre oeh högre och allt härligaro blef soluppgångens färgspel , en underbar och ebeskrifligt behagfull blandning af de mest olika , af de finaste , skäraste och varma ' ste färgtoner .",JJ,1888-1891,261,269,1888,1888,8c230839_261_269|skär|1888,[1],"[""1""]",1.0,0
classical,skär,07b2a70_133_138,"Det var då som kila farmor såg upp öfver bordet , och hade den leende blicken igen och såg en liten skyndande rodnad flyga öfver den skära kinden på andra sidan blomkrukan .",JJ,1904-1907,133,138,1906,1906,07b2a70_133_138|skär|1906,[1],"[""1""]",1.0,1
classical,skär,ffac76c3_30_34,"Intill herrummet ligger ett i skär färgton liållet toalettrum oell innanför detta sängkammaren , försedd med hvita , med grönrandigt tyg klädda möbler i rococo .",JJ,1904-1907,30,34,1906,1906,ffac76c3_30_34|skär|1906,[1],"[""1""]",1.0,1
classical,skär,a2ffd14_286_290,"Inne i det höga gräset där die blommande stråna stodo fjumiga och stilla , satte jag ned henne i den lilla tunna lönnens genombrutna skugga , hon satt varm och leende och lekte med vedjör af maskrosornas stjälkar , som jag länkade åt henne , ur gräset lyste hennes klädning som en stor skär blomma , och rundtomkring henne ute i solen stodo tjärblomster och prästkragar i en vaggande ring , hon kröp bort till deni och reste isig lipp öfver tufvor oeh rullade omkull i gräset och skrattade .",JJ,1904-1907,286,290,1905,1905,a2ffd14_286_290|skär|1905,[1],"[""1""]",1.0,0
classical,skär,a8ebc174_15_20,"Allt luftigt , skärt och hvitt som äppelblom ... Eller ett hvardagsrum , där solen lyser in genom gardiner , som äro ett rent un .",JJ,1904-1907,15,20,1907,1907,a8ebc174_15_20|skär|1907,[1],"[""1""]",1.0,1
classical,suga,93a79c02_11_15,"– Vi kunde suga upp motsvarande mängd men då var det uppblandat med vatten så vi behöver undersöka hur mycket som finns kvar i marken och vart det tar vägen , säger Morgan Palmquist på räddningstjänsten .",VB,2022-2023,11,15,2022,2022,93a79c02_11_15|suga|2022,[3],"[""3""]",3.0,0
classical,suga,11880acb_109_113,De har använt livs levande svärmare av den nordamerikanska arten Manduca sexta som försöksdjur och låtit dem suga sockerlösning ur konstgjorda blommor som monterats på en robotarm .,VB,2014-2015,109,113,2015,2015,11880acb_109_113|suga|2015,[12],"[""12""]",12.0,2
classical,suga,e0ba9df6_93_98,"Längre livslängd , mer energi , yngre hy och en mängd andra positiva effekter utlovas om man suger i sig lite av den 89-procentiga syrgasen .",VB,2010-2011,93,98,2010,2010,e0ba9df6_93_98|suga|2010,[12],"[""12""]",12.0,2
classical,suga,272c70fb_52_56,Men på söndagen meddelade BP att man nu har lyckats suga upp läckande olja genom ett rör som man satte dit på eftermiddagen .,VB,2010-2011,52,56,2010,2010,272c70fb_52_56|suga|2010,[3],"[""3""]",3.0,2
classical,suga,15a9c8_125_129,"På frågan om vi får se henne i Melodifestivalsammanhang igen svarar Sarah : ” Jag vet inte , det här är så stort så jag vill suga på den här karamellen ett tag .",VB,2006-2007,125,129,2007,2007,15a9c8_125_129|suga|2007,[12],"[""12""]",12.0,1
classical,suga,28ae821e_126_130,"Hans förklaring till hur Kim Wall dog är att något gick fel med en ventil , när han klättrade upp i tornet och stängde luckan sögs den fast av ett undertryck .",VB,2018-2019,126,130,2018,2018,28ae821e_126_130|suga|2018,[1],"[""1""]",1.0,2
classical,suga,91a931a2_73_77,"BP tänker prova att sänka ner en mindre tratt , som visserligen inte kan suga upp lika mycket olja som den förra , men som inte får problem med iskristaller .",VB,2010-2011,73,77,2010,2010,91a931a2_73_77|suga|2010,[3],"[""3""]",3.0,1
classical,suga,272e60f0_166_171,"Sydkoreanska Advanced Institute of Science and Technology ( Kaist ) visade på tisdagen upp Olev ( On Line Electric Vehicle ) , en eldriven bussvariant vars batterier suger ström från magnetiska ledningar nedgrävda i gatan , så kallad induktiv laddning .",VB,2010-2011,166,171,2010,2010,272e60f0_166_171|suga|2010,[3],"[""3""]",3.0,0
classical,suga,d1982508_276_280,"Många barn tycker ju om smycken , speciellt flickor , och det finns ju väldigt mycket billiga smycken , som är importerade och de kan i värsta fall innehålla bly , för att man ska få lite tyngd i dem och det är någonting som man absolut ska undvika speciellt om barnen skulle suga på smyckena , för bly är ett riktigt farligt ämne , säger Jan Hammar .",VB,2010-2011,276,280,2011,2011,d1982508_276_280|suga|2011,[12],"[""12""]",12.0,0
classical,suga,d6c3934_123_128,"Tiden då i vanliga fall fullt normala svenskar tar på sig fåniga hattar , hänger upp kulörta lyktor och högljutt skrålande suger på små röda skaldjur .",VB,2006-2007,123,128,2006,2006,d6c3934_123_128|suga|2006,[12],"[""12""]",12.0,2
classical,suga,3dc06b83_45_50,"Det kunde och borde gynna spelet men just nu suger det bara livet ur sporten ” , skriver Gary Lineker , som har ett förflutet både i Leicester och Tottenham , på Twitter .",VB,2018-2019,45,50,2019,2019,3dc06b83_45_50|suga|2019,[14],"[""14""]",14.0,1
classical,suga,9aab6ba_127_132,"Enligt docent Heikki Tervahattu spri- der friktionsdäck 1,5 gånger mer par- tiklar då gatorna är sandade , eftersom lamellerna suger upp mer partiklar .",VB,2006-2007,127,132,2006,2006,9aab6ba_127_132|suga|2006,[3],"[""3""]",3.0,2
classical,suga,152d4e6e_97_100,"Vi kände oss väldigt väl mottagna i Sverige och hade en fantastisk vecka i Stockholm även om den sög musten ur mig , säger Vargas Llosa i ett pressmeddelande .",VB,2010-2011,97,100,2011,2011,152d4e6e_97_100|suga|2011,[7],"[""7""]",7.0,2
classical,suga,793cac34_23_28,"– Det är klart att det suger , jag är rätt tom just nu , säger Samuel Brolin till C More .",VB,2022-2023,23,28,2022,2022,793cac34_23_28|suga|2022,[15],"[""15""]",15.0,1
classical,suga,11827e4a_72_76,"Dessförinnan har en serie kataklysmiska explosioner ägt rum där materia sugs in och spottas ut av svarta hål , en kaotisk period som var avgörande för bildandet av stjärnor och galaxer .",VB,2014-2015,72,76,2014,2014,11827e4a_72_76|suga|2014,[3],"[""3""]",3.0,2
classical,suga,e28a43bc_173_178,"Göteborgs kommuns parkförvaltning håller just nu på att sanera det drabbade området , ett tidskrävande arbete eftersom rapsoljan måste ansamlas i större mängd för att kunna sugas upp .",VB,2018-2019,173,178,2018,2018,e28a43bc_173_178|suga|2018,[3],"[""3""]",3.0,2
classical,suga,f343b75c_128_132,En representant för den berörda avdelningen uppgav dessutom att de boende brukade som brukade gå till kylskåpet på nätterna och suga ur kaviar- och osttuber eller tar tuggor av livsmedel som de sedan la tillbaka .,VB,2014-2015,128,132,2015,2015,f343b75c_128_132|suga|2015,[12],"[""12""]",12.0,0
classical,suga,6cd1a17_37_41,"Hans texter handlar om horor som ska suga hans kuk ” , skriver en användare på Facebook , och under fredagseftermiddagen meddelades det att Einár plötsligt ställt in – på grund av ” tidsbrist ” .",VB,2018-2019,37,41,2019,2019,6cd1a17_37_41|suga|2019,[6],"[""6""]",6.0,0
classical,suga,8eba6cd_73_77,"Förutom att släcka bränder , kan den också förse brandbilar med vatten , suga upp vatten vid översvämningar , klippa gräs och röja fram vägar i snöoväder .",VB,2022-2023,73,77,2023,2023,8eba6cd_73_77|suga|2023,[11],"[""11""]",11.0,2
classical,suga,f05a9339_5_10,"– Vi suger upp färgresterna som hamnar bak i en säck som vi kör till återvinningen , berättar John Gustafsson som kör maskinen .",VB,2022-2023,5,10,2022,2022,f05a9339_5_10|suga|2022,[11],"[""11""]",11.0,1
classical,suga,152fa64b_23_28,"– Tanken är att du ska sugas in i musiken och pusslandet , så att det blir en sorts digital meditiation , istället för stressad action , fortsätter han .",VB,2014-2015,23,28,2015,2015,152fa64b_23_28|suga|2015,[8],"[""8""]",8.0,1
classical,suga,6dcb160a_92_95,Jag känner fortfarande en stor kärlek till sporten men ledarskapet och förbundets hantering sög till slut all energi och jag tappade gnistan till min egen pingis .,VB,2018-2019,92,95,2019,2019,6dcb160a_92_95|suga|2019,"[7, 14]","[""7"", ""14""]",,2
classical,suga,9a0d87b2_29_34,"Det första som trädkroppen ” suger ” åt sig är det gröna klorofyllet som omvandlar solljus , vatten och koldioxid till näring ( socker ) .",VB,2014-2015,29,34,2014,2014,9a0d87b2_29_34|suga|2014,[3],"[""3""]",3.0,1
classical,suga,f54c56bf_102_106,Vattenflödet genom kraftverket är avstängt och Räddningstjänsten har satt ut länsar nedströms för att suga upp så mycket diesel som möjligt .,VB,2010-2011,102,106,2010,2010,f54c56bf_102_106|suga|2010,[3],"[""3""]",3.0,2
classical,suga,fc3ac755_59_63,"Jag har en stor chans att lära mig av honom och kommer att suga åt mig så mycket jag någonsin kan , säger Felix Rosenqvist i ett pressmeddelande .",VB,2018-2019,59,63,2019,2019,fc3ac755_59_63|suga|2019,[3],"[""3""]",3.0,2
classical,suga,d68e00a_109_113,En lärare i Uppsala kommun fick ett vredesutbrott när en mellanstadieelev lekte med en dammsugare avsedd att suga upp sågspån med .,VB,2006-2007,109,113,2006,2006,d68e00a_109_113|suga|2006,[11],"[""11""]",11.0,2
classical,suga,28a3eb9e_54_59,"I kontakt med olja som runnit ut i till exempel havet suger fibern upp oljan , och stöter samtidigt bort vattnet .",VB,2010-2011,54,59,2010,2010,28a3eb9e_54_59|suga|2010,[3],"[""3""]",3.0,2
classical,suga,308845f5_19_24,"– En del av molnet suger upp varmluft och en annan del trycker ner kalluft och i gränsen däremellan kan det i vissa fall uppstå en rotation , säger Nitzan Cohen .",VB,2018-2019,19,24,2019,2019,308845f5_19_24|suga|2019,[3],"[""3""]",3.0,1
classical,suga,596b689e_20_24,"– Man kan inte bara suga ut det bästa ur medborgarna , man måste också ge tillbaka i form av att man får hjälp även efter att man fyllt 65 .",VB,2018-2019,20,24,2019,2019,596b689e_20_24|suga|2019,[14],"[""14""]",14.0,1
classical,suga,11830dd0_63_68,I takt med att våren kommit har också de små spindeldjuren som suger i sig vårt blod vaknat till liv i skogen .,VB,2014-2015,63,68,2014,2014,11830dd0_63_68|suga|2014,[12],"[""12""]",12.0,1
classical,suga,8525ead_72_77,Little Jinder åker ut på turné i samband med att hennes album ” Allting suger ” släpps den 15 januari .,VB,2014-2015,72,77,2015,2015,8525ead_72_77|suga|2015,[15],"[""15""]",15.0,2
classical,suga,914b8ef_34_39,"Korruptionen inom vattensektorn ” suger upp de knappa resurserna ” , heter det i rapporten som arbetats fram inför World Water Forum som hålls i Mexiko i slutet av månaden .",VB,2006-2007,34,39,2006,2006,914b8ef_34_39|suga|2006,[14],"[""14""]",14.0,2
classical,suga,f31f193_104_108,"Hur det offentliga öppningsprogrammet den 14 mars ska se ut , är dock en karamell som kulturchefen vill suga lite till på innan innehållet avslöjas .",VB,2006-2007,104,108,2007,2007,f31f193_104_108|suga|2007,[12],"[""12""]",12.0,2
classical,suga,6cd36f1d_34_38,"Under ett besök på skattekontoret sugs Evelyn in i ett fantasirikt sci-fi-äventyr där allt utspelar sig i flera dimensioner - överallt , hela tiden .",VB,2022-2023,34,38,2023,2023,6cd36f1d_34_38|suga|2023,[8],"[""8""]",8.0,1
classical,suga,f05bdf27_86_90,"Ett Sverige där urbaniseringen går snabbast i Europa , där både kapital och människor sugs in mot storstädernas medan lands- och glebygden i samma takt töms på folk , framtid och möjligheter .",VB,2014-2015,86,90,2015,2015,f05bdf27_86_90|suga|2015,[8],"[""8""]",8.0,2
classical,suga,7931e995_6_11,"– Det suger , de har några chanser och sådant där , men det är för dåligt bara , det är en viktig match för oss och vi ska inte förlora , säger Victor Nilsson Lindelöf till Viaplay .",VB,2022-2023,6,11,2023,2023,7931e995_6_11|suga|2023,[15],"[""15""]",15.0,1
classical,suga,de85281_131_135,"Samtidigt som regnet hjälper naturen att återhämta sig , har den senaste värmeböljan lett till att det blivit svårt för marken att suga upp regnet .",VB,2022-2023,131,135,2023,2023,de85281_131_135|suga|2023,[3],"[""3""]",3.0,2
classical,suga,d6952883_48_53,"– Av de 49 arterna av stickmyggor här i Sverige suger alla utom sex åtminstone ibland blod från människor , säger myggforskaren Jan Lundström till Upsala Nya Tidning .",VB,2014-2015,48,53,2014,2014,d6952883_48_53|suga|2014,[12],"[""12""]",12.0,2
classical,suga,6dcfe34e_6_11,– Det suger just nu att vara så nära och det känns som man hade kunnat hjälpt till mycket mer men när man inte får chansen är det svårt att göra någonting .,VB,2018-2019,6,11,2019,2019,6dcfe34e_6_11|suga|2019,[15],"[""15""]",15.0,1
classical,suga,f3dd58c_77_82,Brittiska forskare kan  på väg att knäcka svaret på gåtan varför alla myggor suger blod från just dig medan bordsgrannen blir lämnad i fred .,VB,2006-2007,77,82,2006,2006,f3dd58c_77_82|suga|2006,[12],"[""12""]",12.0,2
classical,suga,d6ff277_30_34,"Astronauterna ska också kunna suga i sig maten genom tjocka sugrör , en eftergift för tyngdlösheten som gör att maten kan flyta iväg .",VB,2006-2007,30,34,2006,2006,d6ff277_30_34|suga|2006,[12],"[""12""]",12.0,2
classical,suga,e28cb5de_54_58,"Främst är det väggar som drabbats , men man fick även suga upp en stor mängd vatten som runnit ut på golven uppger stabschefen Markus Brodén .",VB,2010-2011,54,58,2011,2011,e28cb5de_54_58|suga|2011,[11],"[""11""]",11.0,2
classical,suga,596aef5d_63_68,Via ljumsken eller handleden går man in med ett instrument och suger ut proppen – eller fångar upp den i ett nät .,VB,2022-2023,63,68,2022,2022,596aef5d_63_68|suga|2022,[11],"[""11""]",11.0,1
classical,suga,118ba1e9_36_40,Om världen i framtiden skulle kunna suga koldioxid ur atmosfären så skulle man helt enkelt kunna köpa sig mer tid .,VB,2014-2015,36,40,2015,2015,118ba1e9_36_40|suga|2015,[3],"[""3""]",3.0,2
classical,suga,d1988344_153_158,"Det finns en art av fladdermus som lever i mer tropiska delar av världen som kallas vampyrfladdemus och som lever på blod från husdjur , men inte ens de suger så mycket att de dödar bytesdjuren , enligt Leif Sandgren .",VB,2010-2011,153,158,2010,2010,d1988344_153_158|suga|2010,[12],"[""12""]",12.0,0
classical,suga,91a3d126_52_56,Men på söndagen meddelade BP att man nu har lyckats suga upp läckande olja genom ett rör som man satte dit på eftermiddagen .,VB,2010-2011,52,56,2010,2010,91a3d126_52_56|suga|2010,[11],"[""11""]",11.0,2
classical,suga,cdcd02ac_145_149,– Det akuta jobbet har vi nog att göra fram till lunch och sen kommer vi i efterhand byta ut den här länsen mot ny ren läns som kommer i sin tur suga upp oljan .,VB,2018-2019,145,149,2019,2019,cdcd02ac_145_149|suga|2019,[11],"[""11""]",11.0,0
classical,suga,8f3b6a86_53_57,"Syntet går bra att skölja ur , eftersom smutsen inte sugs in i syntetmaterialets fibrer utan lägger sig på ytan .",VB,2014-2015,53,57,2015,2015,8f3b6a86_53_57|suga|2015,[3],"[""3""]",3.0,2
classical,suga,e28a09aa_15_19,"En båt som kan suga upp latrin från fritidsbåtar , men framförallt segla runt som ett dåligt samvete för dem som kan , men inte tömmer sitt toalettavfall på land .",VB,2010-2011,15,19,2011,2011,e28a09aa_15_19|suga|2011,[11],"[""11""]",11.0,1
classical,suga,f3441d9e_11_16,"– Nej , vi suger på karamellen på planet hem , sedan lägger vi det åt sidan för en ny match i Jönköping , säger HV71:s tränare Janne Karlsson .",VB,2010-2011,11,16,2010,2010,f3441d9e_11_16|suga|2010,[12],"[""12""]",12.0,1
classical,suga,3273b1c_49_54,"Termobariska bomber , även kallat vakuumbomber , suger syret ur omgivningen och explosionen varar längre än ” vanliga ” explosioner .",VB,2022-2023,49,54,2022,2022,3273b1c_49_54|suga|2022,[3],"[""3""]",3.0,2
classical,suga,d67bb1a_103_107,Forskarna har funnit att de ökande koldioxidhalterna i atmosfären minskar träd och växters förmåga att suga upp vatten och släppa ut vattenånga .,VB,2006-2007,103,107,2007,2007,d67bb1a_103_107|suga|2007,[3],"[""3""]",3.0,2
classical,suga,326e20_65_70,"Räddningstjänsten fick strö ut åtta säckar absorberingsmedel som suger upp oljan , som därmed hindrades från att rinna ner i något avloppssystem .",VB,2006-2007,65,70,2006,2006,326e20_65_70|suga|2006,[3],"[""3""]",3.0,2
classical,suga,79329ccb_85_90,"Ibland känner jag att det är en del av processen , att det kommer bli bra men ibland suger det bara och det känns som att det inte finns ett slut , säger han i Viapalys sändning .",VB,2022-2023,85,90,2023,2023,79329ccb_85_90|suga|2023,[15],"[""15""]",15.0,1
classical,suga,d6b016d_114_118,"Flickan och hela hennes familj befann sig uppe på banvallen , och polisen tror att hon stod så nära tåget att hon sögs mot det .",VB,2006-2007,114,118,2006,2006,d6b016d_114_118|suga|2006,[2],"[""2""]",2.0,1
classical,suga,a3ba78b_109_114,I meddelandet påstods att en politiker i drift- och servicenämnden samma dag skrivit till chefen att ” om du suger min kuk så får du vad du vill ” .,VB,2022-2023,109,114,2023,2023,a3ba78b_109_114|suga|2023,[6],"[""6""]",6.0,1
classical,suga,f5458e3d_47_51,Metoden ska alltså göra så att det våra gruset sugs upp i formen av slam istället för damm vilket ska ge renare luft att andas .,VB,2022-2023,47,51,2022,2022,f5458e3d_47_51|suga|2022,[3],"[""3""]",3.0,2
classical,suga,9a0248f7_97_101,"- Jag skulle inte tro att man hinner se fågeln , men däremot hör man antagligen en smäll när den sugs in och förstör motorns aerodynamik .",VB,2018-2019,97,101,2018,2018,9a0248f7_97_101|suga|2018,[2],"[""2""]",2.0,2
classical,suga,d88ecdad_57_61,"På danska sidan har det varit fritt fram för företag att suga upp över en miljon kubikmeter sand , som använts till byggnadsarbeten i Köpenhamnsområdet .",VB,2014-2015,57,61,2014,2014,d88ecdad_57_61|suga|2014,[11],"[""11""]",11.0,2
classical,suga,152f95f7_108_113,En liten by klämd mellan mörka krafter som i skydd av den norrbottniska medieskuggan roffar åt sig mark och suger ut människor på jakt efter de riktigt stora pengarna .,VB,2022-2023,108,113,2022,2022,152f95f7_108_113|suga|2022,[14],"[""14""]",14.0,2
classical,suga,1187dbf5_79_83,– Egentligen bygger avtalet på att det i framtiden ska finnas tekniker som kan suga koldioxid ur atmosfären i stor skala .,VB,2014-2015,79,83,2015,2015,1187dbf5_79_83|suga|2015,[3],"[""3""]",3.0,2
classical,suga,e29f36_123_126,"Räddningstjänsten , som konstaterade att det var pepparspray som hällts ut på golvet i en korridor , lade på ett medel som sög upp vätskan och lokalerna ventilerades .",VB,2006-2007,123,126,2007,2007,e29f36_123_126|suga|2007,[3],"[""3""]",3.0,1
classical,suga,1187653a_59_64,"Forskare har upptäckt en fladdermus som varken lapar eller suger i sig nektar , den använder förmodligen tungan som ett löpande band .",VB,2014-2015,59,64,2015,2015,1187653a_59_64|suga|2015,[12],"[""12""]",12.0,2
classical,suga,d649268_4_7,Den sög upp vatten innan den drog in över land där den slet loss trädgrenar grova som låret på en människa .,VB,2006-2007,4,7,2006,2006,d649268_4_7|suga|2006,[3],"[""3""]",3.0,2
classical,suga,dc42ce53_168_172,"Ett forskarteam vid University of British Columbia lät en grupp sex månader gamla barn till engelskspråkiga föräldrar lyssna på två skilda d-ljud samtidigt som de fick suga på bitleksaker , enligt den välrenommerade tidskriften",VB,2014-2015,168,172,2015,2015,dc42ce53_168_172|suga|2015,[12],"[""12""]",12.0,0
classical,suga,9aa02e6_68_74,"Vi har haft ända sedan Vietnam- , miljö- och kvinnorörelsen som har sugits in i systemet som har varit intresserade av att vi ska påverka .",VB,2006-2007,68,74,2007,2007,9aa02e6_68_74|suga|2007,[8],"[""8""]",8.0,1
classical,suga,2724e757_72_77,Antingen att man bygger en stor tratt och sänker ner över utsläppet och suger upp oljan som samlas vid trattens topp .,VB,2010-2011,72,77,2010,2010,2724e757_72_77|suga|2010,[11],"[""11""]",11.0,2
classical,suga,91a1f445_123_128,"Amazonas är världens största tropiska regnskog och har en viktig roll att spela i kampen mot klimatförändringarna , då den suger upp och lagrar koldioxid .",VB,2022-2023,123,128,2022,2022,91a1f445_123_128|suga|2022,[3],"[""3""]",3.0,2
classical,suga,e0baa8d6_31_35,Man har lagt ut länsar för att suga upp oljan och under den tid detta pågår bör ingen bada i sjön .,VB,2018-2019,31,35,2019,2019,e0baa8d6_31_35|suga|2019,[11],"[""11""]",11.0,2
classical,suga,1180c67_113_118,"Men om vi också fångar upp den koldioxid som egentligen ingår i det naturliga kretsloppet , den som skogen har ” sugit ner ” från atmosfären , och pumpar ner den i marken – då kan vi lagra mer koldioxid än vad vi släpper ut .",VB,2010-2011,113,118,2010,2010,1180c67_113_118|suga|2010,[3],"[""3""]",3.0,0
classical,suga,d199a8e2_75_79,Metoden innebär att man ” öser in ” stora mängder luft via taket som sedan sugs ut via utsugningsdon som sitter lågt placerade på väggarna .,VB,2018-2019,75,79,2018,2018,d199a8e2_75_79|suga|2018,[2],"[""2""]",2.0,2
classical,suga,0d60ac7_105_110,"När flugan hittat ett lämpligt djur släpper den sina vingar och blir kvar , biter sig igenom skinnet och suger näring från värddjuret .",VB,2006-2007,105,110,2007,2007,0d60ac7_105_110|suga|2007,[12],"[""12""]",12.0,2
classical,suga,8faee2d_181_185,"Sjöfartsverket har försökt få rederiet ska tömma fartyget på olja , men eftersom inget har hänt så har sjöfartsverket nu anlitat ett norskt företag som , så snart som möjligt , ska suga upp dom 250 ton olja som fortfarande finns ombord .",VB,2006-2007,181,185,2007,2007,8faee2d_181_185|suga|2007,[11],"[""11""]",11.0,0
classical,suga,793afabf_39_43,"Jag har varit som en svamp och försökt suga upp så mycket kunskap som möjligt av honom , säger Moreno .",VB,2018-2019,39,43,2019,2019,793afabf_39_43|suga|2019,[3],"[""3""]",3.0,2
classical,suga,28a17f46_21_26,"De misstänkta männen suger på halspastiller , tittar ner för att göra anteckningar och verkar följa pläderingen med stor uppmärksamhet .",VB,2010-2011,21,26,2011,2011,28a17f46_21_26|suga|2011,[12],"[""12""]",12.0,2
classical,suga,f349c98b_106_110,"Under morgondagen kommer man fortsätta att sanera platsen , då man behöver gräva upp det man inte lyckats suga upp .",VB,2022-2023,106,110,2022,2022,f349c98b_106_110|suga|2022,[11],"[""11""]",11.0,1
classical,suga,2720f0f8_161_166,"Unicef , Röda Korset och andra enskilda organisationer ska – i en insats som USA:s utrikesdepartement samordnar – försöka motverka risken att kriminella nätverk suger upp skyddslösa barn .",VB,2010-2011,161,166,2010,2010,2720f0f8_161_166|suga|2010,[8],"[""8""]",8.0,2
classical,suga,ae4b5c95_66_70,"För att öka möjligheterna till bra nattsömn under sommaren bör vi suga i oss så mycket dagsljus vi kan under dagen , gärna redan på morgonen .",VB,2014-2015,66,70,2015,2015,ae4b5c95_66_70|suga|2015,[3],"[""3""]",3.0,2
classical,suga,e0bfa0_153_157,När forskningsledaren Roland Sigvald kom tillbaka från semestern upptäckte han att fällan blåste ut både luft och insekter – i stället för att som tänkt suga in och fånga krypen .,VB,2006-2007,153,157,2006,2006,e0bfa0_153_157|suga|2006,[11],"[""11""]",11.0,2
classical,suga,e283e9d2_63_69,"Om det är i vrakets proppeller , under vraket eller om den har sugits sig fast i havsbotten under alla dessa år , säger Fredrik Lindgren .",VB,2018-2019,63,69,2018,2018,e283e9d2_63_69|suga|2018,[1],"[""1""]",1.0,1
classical,suga,9a0a345a_101_105,"Det vi behöver nu är ett par molniga , svala dagar med lätt strilande regn som ger marken vatten att suga upp .",VB,2022-2023,101,105,2023,2023,9a0a345a_101_105|suga|2023,[3],"[""3""]",3.0,2
classical,suga,118881c_111_115,Men forskning visar dessutom att plöjningsfri odling tillsammans med andra jordbrukstekniker kan få jorden att suga åt sig mer koldioxid .,VB,2018-2019,111,115,2019,2019,118881c_111_115|suga|2019,[3],"[""3""]",3.0,2
classical,suga,f1a8430_6_11,"– Den suger in luft som motsvarar lika mycket luft som människan andas i varje andetag , säger Mikaela Wering , biomedicinsk analytiker .",VB,2022-2023,6,11,2023,2023,f1a8430_6_11|suga|2023,[11],"[""11""]",11.0,2
classical,suga,828c1b21_104_109,"– Förutom den biologiska nyttan så får vi minskad risk för torka och översvämningar eftersom en våtmark suger upp vatten som en svamp som sedan portionerar ut vattnet i ett jämnare flöde , säger Johan Andreasson som är fiskevårdsamordnare i Hudiksvalls kommun .",VB,2022-2023,104,109,2022,2022,828c1b21_104_109|suga|2022,[3],"[""3""]",3.0,0
classical,suga,118cf51b_39_44,"Det är en galaxkärna som är på väg att sugas in i ett svart hål och som , när den accelererar mot hålet , värms upp och ger ifrån sig stora mängder ljus .",VB,2014-2015,39,44,2015,2015,118cf51b_39_44|suga|2015,[3],"[""3""]",3.0,1
classical,suga,6dcc2bf6_93_96,"En grej som motiverade mig mest inför säsongen var att spela OS , sedan när det inte gick så sög det ganska mycket faktiskt , säger Erik Karlsson till",VB,2022-2023,93,96,2022,2022,6dcc2bf6_93_96|suga|2022,[15],"[""15""]",15.0,2
classical,suga,917c5ba_179_183,"Över 200.000 liter industriolja läckte ut sedan tankfartyget Solar 1 förliste utanför ön Guimaras den 11 augusti , och regeringen vädjar till allmänheten om hjälp med att försöka suga upp smörjan .",VB,2006-2007,179,183,2006,2006,917c5ba_179_183|suga|2006,[11],"[""11""]",11.0,0
classical,suga,7938268f_185_188,"Jag gjorde saker ändå men det var saker jag inte var passionerad över att göra och då infann sig en bitterhet och jag spred bara negativ energi hela tiden , i stället för att ge energi sög jag energi och de som fick lida mest var de allra närmsta , min familj , säger Olsson och fortsätter :",VB,2022-2023,185,188,2022,2022,7938268f_185_188|suga|2022,[14],"[""14""]",14.0,0
classical,suga,7dbee8bc_143_148,– Det här är ett sätt att jobba med integrationsfrågor och det är ännu viktigare att vi jobbar med tjejerna för det är väldigt många pojkar vi suger upp .,VB,2014-2015,143,148,2015,2015,7dbee8bc_143_148|suga|2015,[8],"[""8""]",8.0,1
classical,suga,1540f8_35_40,"Gårdagens semifinal verkar inte ha sugit musten ur Helsingforsborna som flanerar och fikar i vårsolen inne i stadens centrum , utan att se märkbart medtagna ut .",VB,2006-2007,35,40,2007,2007,1540f8_35_40|suga|2007,"[7, 14]","[""7"", ""14""]",,2
classical,suga,91be624_35_39,Svarta hål är annars kända för att suga åt sig materia och inte ens släppa ut ljus från sin yta ( därav namnet ) .,VB,2006-2007,35,39,2007,2007,91be624_35_39|suga|2007,[3],"[""3""]",3.0,2
classical,suga,f05637d3_55_60,Han pekar på siffror som visar att bra skolor dessutom suger åt sig statliga resurser på ett bättre sätt än skolor som kanske behöver resurserna bättre .,VB,2014-2015,55,60,2015,2015,f05637d3_55_60|suga|2015,[14],"[""14""]",14.0,2
classical,suga,11806f1e_71_76,Enligt FN:s klimatpanel IPCC är enda chansen att man i framtiden också suger koldioxid ur atmosfären i stor skala – så kallade minusutsläpp .,VB,2014-2015,71,76,2015,2015,11806f1e_71_76|suga|2015,[3],"[""3""]",3.0,2
classical,suga,5966f909_49_54,"Den tycker om mörker och kommer fram på natten , suger blod och när den är mätt gömmer den sig igen .",VB,2010-2011,49,54,2010,2010,5966f909_49_54|suga|2010,[12],"[""12""]",12.0,1
classical,suga,d6923f96_95_101,"– Det finns färre grupper nu , vilket talar för att de personer som finns i den här miljön har sugits upp av de partier och grupperingar som finns kvar , säger Anders Dalsbro",VB,2014-2015,95,101,2014,2014,d6923f96_95_101|suga|2014,[8],"[""8""]",8.0,1
classical,suga,9a01c1db_144_149,"Plakaten och banderollerna bar budskap som ” Ta hem trupperna ” ( från Afghanistan ) , ” Trygga jobb , trygga tåg ” och ” Håkan duger , Fredrik suger , regeringsskifte 2014 ! ” .",VB,2010-2011,144,149,2011,2011,9a01c1db_144_149|suga|2011,[15],"[""15""]",15.0,1
classical,suga,cdcabcca_200_205,"– Det föreslås att linden kanske lurar till sig humlorna med särskilt förföriska dofter , eller rentav lockar med avtrubbande koffein , även efter att nektarn tagit slut , så att de stackars humlorna suger och suger och får ingen mat tills de kollapsar .",VB,2018-2019,200,205,2019,2019,cdcabcca_200_205|suga|2019,[12],"[""12""]",12.0,0
classical,suga,91a5ad1_12_16,När het gas sugs in mot det svarta hålet kan en del av gasen kastas ut i en enorm kraftkaskad .,VB,2006-2007,12,16,2007,2007,91a5ad1_12_16|suga|2007,[3],"[""3""]",3.0,2
classical,suga,91a74c64_133_137,"BP förbereder sig för att sända ner en nära 100 ton tung metallkon som ska fånga in oljeflödet från det läckande röret på botten och suga det till ytan , där det kan tas om hand på båtar .",VB,2010-2011,133,137,2010,2010,91a74c64_133_137|suga|2010,[11],"[""11""]",11.0,0
classical,suga,d66bf8d_76_80,"- För många hårda ytor med asfalt och betong gör det svårare för marken att suga upp vattenmassorna , säger miljö- forskaren Jesper Persson vid SLU till Sveriges Radios Ekoredaktion .",VB,2006-2007,76,80,2007,2007,d66bf8d_76_80|suga|2007,[3],"[""3""]",3.0,2
classical,suga,118e1e0_90_95,"Dessutom används giftiga tillsatser för att ge syntetfibrer olika egenskaper , och fibern suger åt sig farliga utsläpp i havet , säger Ana Luzia Lacrerda som är biologisk havsforskare .",VB,2022-2023,90,95,2022,2022,118e1e0_90_95|suga|2022,[3],"[""3""]",3.0,2
classical,suga,08ebb21_125_129,"Anna Warg i Östersund är en av de 65 kvinnorna i Jämtlands län som hittills behandlats med medoden VAE , då cellförändringar sugs bort ur bröstet .",VB,2022-2023,125,129,2023,2023,08ebb21_125_129|suga|2023,[11],"[""11""]",11.0,2
classical,suga,7930670b_102_107,"– Det känns inte som att man kommer komma igång med rehaben på ett jävla bra tag , och det är det som suger .",VB,2022-2023,102,107,2023,2023,7930670b_102_107|suga|2023,[15],"[""15""]",15.0,1
classical,suga,28a1224c_6_11,"– Det suger men skit händer , vi städar upp och reparerar delen som är förstörd nu direkt , säger han .",VB,2022-2023,6,11,2022,2022,28a1224c_6_11|suga|2022,[15],"[""15""]",15.0,2
classical,suga,d699d193_79_83,Om magasinen inte fylls på nu av vårregn innan växtligheten slår ut och börjar suga upp vatten kommer flera kommuner runt om i landet att få problem med vattenförsörjningen framöver .,VB,2018-2019,79,83,2019,2019,d699d193_79_83|suga|2019,[3],"[""3""]",3.0,2
classical,suga,d6989ef4_6_11,"- Han suger in knarket på dagarna och säljer det på nätterna , sade Bringéus som kom till landet i maj från posten som ambassadör i Serbien .",VB,2010-2011,6,11,2010,2010,d6989ef4_6_11|suga|2010,[4],"[""4""]",4.0,1
classical,suga,f058a8a3_70_74,Det har skapat goda möjligheter för Skåneklubben att spänna bågen och suga upp spelare andra klubbar bara kan drömma om .,VB,2018-2019,70,74,2018,2018,f058a8a3_70_74|suga|2018,[8],"[""8""]",8.0,2
classical,suga,15bed1d5_51_56,"Lusflugan angriper både älgar och hästar , biter , suger blod och förorsakar svår klåda som tillsammans med infektion och håravfall medför ett stort lidande för älgarna .",VB,2014-2015,51,56,2014,2014,15bed1d5_51_56|suga|2014,[12],"[""12""]",12.0,2
classical,suga,da3d964_79_83,"Ifall det händer något så är det lättåtkomligt att komma fram till brunnen och suga vatten därifrån , så inte vattnet går in i fastigheten , säger han .",VB,2010-2011,79,83,2010,2010,da3d964_79_83|suga|2010,[11],"[""11""]",11.0,2
classical,suga,d6a367e_72_76,"- Jag kände så här att ... det här är nog vårt sista barn och jag ville suga på den karamellen jättelänge , säger hon .",VB,2006-2007,72,76,2006,2006,d6a367e_72_76|suga|2006,[18],"[""18""]",18.0,1
classical,suga,6dcf4582_116_121,"Jag har ju levt i en bubbla på grund av corona , men när samhället öppnades upp har jag varit som en tvättsvamp och sugit åt mig allt , berättar Ribom .",VB,2022-2023,116,121,2022,2022,6dcf4582_116_121|suga|2022,[3],"[""3""]",3.0,1
classical,suga,32fbcfdd_36_40,Man har även haft en sugbil för att suga ut isolering och glöd runt ställverket och nu på lördagsmorgon kunde styrkorna lämna platsen .,VB,2022-2023,36,40,2022,2022,32fbcfdd_36_40|suga|2022,[11],"[""11""]",11.0,2
classical,suga,cdcca2c4_76_80,"– Vi vet även att Lalandia ska bygga en jätteanläggning i Motala som kommer suga åt sig de som är intresserade av mycket rutschkanor , säger han .",VB,2018-2019,76,80,2018,2018,cdcca2c4_76_80|suga|2018,[8],"[""8""]",8.0,2
classical,suga,da3f3403_78_82,"– Branden är under kontroll , men nu väntar vi på en sugbil som ska komma och suga ut pellets så att vi kommer åt bättre , säger Tobias Åkesson , ledningsoperatör på Storstockholms brandförsvar .",VB,2018-2019,78,82,2019,2019,da3f3403_78_82|suga|2019,[11],"[""11""]",11.0,0
classical,suga,0b55f7a9_15_19,"Det är som att suga upp vatten med en blöt disktrasa , det är bättre om det regnar lite och länge , säger Åsa Rasmussen .",VB,2018-2019,15,19,2018,2018,0b55f7a9_15_19|suga|2018,[3],"[""3""]",3.0,1
classical,suga,272b3703_80_84,"BP skar i går av den ledning som går upp från borrhålet , så att det ska gå att suga upp olja som strömmar upp ur det .",VB,2010-2011,80,84,2010,2010,272b3703_80_84|suga|2010,[11],"[""11""]",11.0,1
classical,suga,2724612b_123_127,Detta efter att en video spridits där den 87 år gamle mannen kan ses kyssa en ung indisk pojke på munnen samt be honom att suga på hans tunga .,VB,2022-2023,123,127,2023,2023,2724612b_123_127|suga|2023,[12],"[""12""]",12.0,2
classical,suga,2728a3e1_73_77,"BP tänker prova att sänka ner en mindre tratt , som visserligen inte kan suga upp lika mycket olja som den förra , men som inte får problem med iskristaller .",VB,2010-2011,73,77,2010,2010,2728a3e1_73_77|suga|2010,[11],"[""11""]",11.0,1
classical,suga,91cbe46_41_46,När vi sedan har en isfri mörk ocean som suger åt sig solljus och värme undrar man vad som kan stoppa utvecklingen .,VB,2006-2007,41,46,2007,2007,91cbe46_41_46|suga|2007,[3],"[""3""]",3.0,2
classical,suga,fc39414f_109_114,"Vi går också mot en framtid där vi har vattenbrist även i Sverige , ska du i sådana tider använda teknik som suger ut allt vatten i systemet för att kunna åka skidor ?",VB,2022-2023,109,114,2022,2022,fc39414f_109_114|suga|2022,[14],"[""14""]",14.0,2
classical,suga,118eb43_126_130,"Men polariserat ljus är alltså inte bara bra för att hitta till vatten , det hjälper också bromsen att hitta djur som den kan suga blod från .",VB,2010-2011,126,130,2010,2010,118eb43_126_130|suga|2010,[12],"[""12""]",12.0,2
classical,suga,e028ef6_117_120,Pojken hade lekt med en dammsugare för spån då läraren tappade behärskningen och tryckte ned pojken mot ett bord och sög honom i ansiktet mot spånsugen .,VB,2006-2007,117,120,2007,2007,e028ef6_117_120|suga|2007,[11],"[""11""]",11.0,2
classical,suga,e2848984_60_64,"Det dröjer nämligen inte lång tid därefter förrän de börjar suga blod och då finns risken att de börjar sprida virus till nötkreatur , får och getter .",VB,2010-2011,60,64,2010,2010,e2848984_60_64|suga|2010,[12],"[""12""]",12.0,2
classical,suga,d6dc6d7_53_58,"Upp till 44 kilo fett kan enligt utskicket på så vis sugas ut ur kroppen , garanterar företaget Lipo-Slim Laboratories .",VB,2006-2007,53,58,2006,2006,d6dc6d7_53_58|suga|2006,[11],"[""11""]",11.0,2
classical,suga,d19f9751_98_102,På allt från stora hus och små busshållplatstak läggs nu olika sorters gröna växter som ska kunna suga upp och lagra mycket av regnvattnet vid ett vanligt hällregn .,VB,2018-2019,98,102,2018,2018,d19f9751_98_102|suga|2018,[3],"[""3""]",3.0,2
classical,suga,118b569_60_65,Ett litet företag i Norge producerar ett slags torvströ som suger upp olja men inte vatten och som skulle kunna hjälpa i det gigantiska arbetet med att samla in oljan som läckt ut i Mexikanska golfen .,VB,2010-2011,60,65,2010,2010,118b569_60_65|suga|2010,[3],"[""3""]",3.0,0
classical,suga,f33f150_81_86,Brittiska forskare kan vara på väg att knäcka svaret på gåtan varför alla myggor suger blod från just dig medan bordsgrannen blir lämnad i fred .,VB,2006-2007,81,86,2006,2006,f33f150_81_86|suga|2006,[12],"[""12""]",12.0,2
classical,suga,d19d3b84_133_138,"TSN-reportern Jonas Siegel skriver på Twitter att Gunnarsson var ” chockad ” över att lämna Toronto , och ska även ha sagt att ” det suger att lämna Toronto , det har varit grymt ” .",VB,2014-2015,133,138,2014,2014,d19d3b84_133_138|suga|2014,[15],"[""15""]",15.0,1
classical,suga,d69d3e3f_107_111,Journalistförbundets ordförande Jonas Nordling tycker det är bra om tidningarna tv-satsningar skulle kunna suga upp åtminstone en del av tv-journalisterna som förlorat jobbet när Fyran skär ner .,VB,2014-2015,107,111,2014,2014,d69d3e3f_107_111|suga|2014,[4],"[""4""]",4.0,2
